file,split,source,source_image_id,n_boxes
c_Inside-merge_mov-16_jpg.jpg,train,c,c:Inside-merge_mov-16_jpg,0
c_img406_jpg.jpg,train,c,c:img406_jpg,6
c_packing1302_jpg.jpg,train,c,c:packing1302_jpg,2
c_img494_jpg.jpg,train,c,c:img494_jpg,7
c_kp1051_jpg.jpg,train,c,c:kp1051_jpg,1
c_kp1394_jpg.jpg,val,c,c:kp1394_jpg,1
c_helmet999966_jpg.jpg,train,c,c:helmet999966_jpg,1
b_image_701_jpg.jpg,train,b,b:image_701_jpg,2
c_005448_jpg.jpg,train,c,c:005448_jpg,3
c_PhotoGrid_1580452532909_jpg.jpg,train,c,c:PhotoGrid_1580452532909_jpg,11
c_p65621350_jpg.jpg,test,c,c:p65621350_jpg,1
c_goggle8765109_jpg.jpg,val,c,c:goggle8765109_jpg,3
c_frame1260_jpg.jpg,train,c,c:frame1260_jpg,0
a_000937_jpg.jpg,train,a,a:000937_jpg,2
c_helmet999997_jpg.jpg,test,c,c:helmet999997_jpg,1
a_002138_jpg.jpg,val,a,a:002138_jpg,8
c_packing824_jpg.jpg,train,c,c:packing824_jpg,1
c_packing1078_jpg.jpg,train,c,c:packing1078_jpg,2
c_PP02img1352_jpg.jpg,test,c,c:PP02img1352_jpg,5
c_packing1647_jpg.jpg,train,c,c:packing1647_jpg,2
a_002270_jpg.jpg,train,a,a:002270_jpg,4
c_nglovpp251_jpg.jpg,train,c,c:nglovpp251_jpg,3
c_frame85--2-_jpg.jpg,train,c,c:frame85--2-_jpg,2
a_005855_jpg.jpg,train,a,a:005855_jpg,3
c_packing1644_jpg.jpg,train,c,c:packing1644_jpg,2
c_helmet9991157_jpg.jpg,test,c,c:helmet9991157_jpg,1
c_PP02img865_jpg.jpg,train,c,c:PP02img865_jpg,1
c_PP02img1169_jpg.jpg,test,c,c:PP02img1169_jpg,1
c_PPE_Data_708_jpg.jpg,val,c,c:PPE_Data_708_jpg,2
c_kp364_jpg.jpg,train,c,c:kp364_jpg,1
c_005477_jpg.jpg,train,c,c:005477_jpg,9
c_packing1268_jpg.jpg,train,c,c:packing1268_jpg,1
c_packing74_jpg.jpg,train,c,c:packing74_jpg,2
b_image_1530_jpg.jpg,train,b,b:image_1530_jpg,2
c_packing1720_jpg.jpg,val,c,c:packing1720_jpg,1
c_helmet999633_jpg.jpg,train,c,c:helmet999633_jpg,1
a_003025_jpg.jpg,train,a,a:003025_jpg,1
a_002702_jpg.jpg,val,a,a:002702_jpg,4
c_PP02img961_jpg.jpg,train,c,c:PP02img961_jpg,3
b_00137_jpg.jpg,test,b,b:00137_jpg,14
c_PP02img235_jpg.jpg,val,c,c:PP02img235_jpg,4
c_kp291_jpg.jpg,train,c,c:kp291_jpg,1
b_image_1263_jpg.jpg,train,b,b:image_1263_jpg,2
c_packing1766_jpg.jpg,train,c,c:packing1766_jpg,1
a_000741_jpg.jpg,val,a,a:000741_jpg,10
a_004205_jpg.jpg,train,a,a:004205_jpg,1
a_000468_jpg.jpg,test,a,a:000468_jpg,2
c_kp1462_jpg.jpg,val,c,c:kp1462_jpg,1
c_kp244_jpg.jpg,train,c,c:kp244_jpg,1
b_Video2_133_jpg.jpg,train,b,b:Video2_133_jpg,4
b_ppe_1011_jpg.jpg,train,b,b:ppe_1011_jpg,4
c_135e-huxwryw6451820_jpg.jpg,train,c,c:135e-huxwryw6451820_jpg,1
c_mo-justin-mask-NoMask_mov-17_jpg.jpg,train,c,c:mo-justin-mask-NoMask_mov-17_jpg,2
b_ppe_0661_jpg.jpg,train,b,b:ppe_0661_jpg,6
a_001302_jpg.jpg,train,a,a:001302_jpg,3
a_000833_jpg.jpg,val,a,a:000833_jpg,2
a_001836_jpg.jpg,val,a,a:001836_jpg,3
c_PP02img212_jpg.jpg,train,c,c:PP02img212_jpg,3
c_kp471_jpg.jpg,val,c,c:kp471_jpg,1
b_ppe_0535_jpg.jpg,train,b,b:ppe_0535_jpg,4
b_image_1095_jpg.jpg,train,b,b:image_1095_jpg,3
b_ppe_0318_jpg.jpg,val,b,b:ppe_0318_jpg,2
c_frame1295_jpg.jpg,train,c,c:frame1295_jpg,1
c_nglovpp2127_jpg.jpg,train,c,c:nglovpp2127_jpg,4
c_005501_jpg.jpg,train,c,c:005501_jpg,4
c_helmet999992_jpg.jpg,train,c,c:helmet999992_jpg,1
c_PP02img960_jpg.jpg,test,c,c:PP02img960_jpg,3
c_packing759_jpg.jpg,train,c,c:packing759_jpg,1
c_frame1206_jpg.jpg,train,c,c:frame1206_jpg,0
c_frame105--2-_jpg.jpg,val,c,c:frame105--2-_jpg,1
c_005494_jpg.jpg,train,c,c:005494_jpg,1
a_006210_jpg.jpg,train,a,a:006210_jpg,2
c_kp1881_jpg.jpg,test,c,c:kp1881_jpg,1
c_PP02img818_jpg.jpg,test,c,c:PP02img818_jpg,2
a_004728_jpg.jpg,train,a,a:004728_jpg,1
c_frame1137_jpg.jpg,train,c,c:frame1137_jpg,0
c_frame1223_jpg.jpg,train,c,c:frame1223_jpg,0
c_kp915_jpg.jpg,train,c,c:kp915_jpg,1
a_001644_jpg.jpg,train,a,a:001644_jpg,6
c_frame297_jpg.jpg,train,c,c:frame297_jpg,1
c_p113182_jpg.jpg,train,c,c:p113182_jpg,1
b_ppe_0268_jpg.jpg,val,b,b:ppe_0268_jpg,4
c_15h_img_300_jpg.jpg,train,c,c:15h_img_300_jpg,1
b_Twalv0135_jpg.jpg,train,b,b:Twalv0135_jpg,2
c_frame1209_jpg.jpg,val,c,c:frame1209_jpg,0
c_packing1477_jpg.jpg,train,c,c:packing1477_jpg,1
b_Video1_197_jpg.jpg,test,b,b:Video1_197_jpg,5
c_PP02img1369_jpg.jpg,train,c,c:PP02img1369_jpg,6
a_004910_jpg.jpg,train,a,a:004910_jpg,1
c_packing881_jpg.jpg,train,c,c:packing881_jpg,2
c_packing1490_jpg.jpg,test,c,c:packing1490_jpg,1
c_PP02img247_jpg.jpg,train,c,c:PP02img247_jpg,4
a_004952_jpg.jpg,train,a,a:004952_jpg,4
c_packing1949_jpg.jpg,train,c,c:packing1949_jpg,1
a_000410_jpg.jpg,train,a,a:000410_jpg,1
a_001076_jpg.jpg,train,a,a:001076_jpg,4
c_frame1136_jpg.jpg,train,c,c:frame1136_jpg,0
c_nglovpp2100_jpg.jpg,train,c,c:nglovpp2100_jpg,4
c_helmet9991011_jpg.jpg,val,c,c:helmet9991011_jpg,1
c_mo-justin-mask-NoMask_mov-2_jpg.jpg,train,c,c:mo-justin-mask-NoMask_mov-2_jpg,2
c_N5h_img_55_jpg.jpg,train,c,c:N5h_img_55_jpg,1
b_ppe_1319_jpg.jpg,train,b,b:ppe_1319_jpg,3
c_NVR-09_Trim_3-571_jpg.jpg,train,c,c:NVR-09_Trim_3-571_jpg,0
a_002863_jpg.jpg,train,a,a:002863_jpg,1
c_img200_jpg.jpg,train,c,c:img200_jpg,5
c_packing1977_jpg.jpg,test,c,c:packing1977_jpg,1
c_kp573_jpg.jpg,train,c,c:kp573_jpg,2
a_006758_jpg.jpg,val,a,a:006758_jpg,4
a_000464_jpg.jpg,test,a,a:000464_jpg,1
a_000011_jpg.jpg,val,a,a:000011_jpg,17
c_PP02img812_jpg.jpg,train,c,c:PP02img812_jpg,1
b_image_733_jpg.jpg,train,b,b:image_733_jpg,1
a_005093_jpg.jpg,train,a,a:005093_jpg,1
c_packing1901_jpg.jpg,train,c,c:packing1901_jpg,1
a_004595_jpg.jpg,train,a,a:004595_jpg,1
a_004628_jpg.jpg,train,a,a:004628_jpg,3
c_frame1238_jpg.jpg,val,c,c:frame1238_jpg,0
c_packing1394_jpg.jpg,train,c,c:packing1394_jpg,2
c_img402_jpg.jpg,train,c,c:img402_jpg,4
c_kp322_jpg.jpg,train,c,c:kp322_jpg,1
a_003562_jpg.jpg,val,a,a:003562_jpg,1
a_006965_jpg.jpg,train,a,a:006965_jpg,5
c_p11369_jpg.jpg,train,c,c:p11369_jpg,1
c_PP02img25_jpg.jpg,train,c,c:PP02img25_jpg,6
c_PP02img414_jpg.jpg,val,c,c:PP02img414_jpg,6
a_004224_jpg.jpg,val,a,a:004224_jpg,4
a_005999_jpg.jpg,train,a,a:005999_jpg,10
a_006946_jpg.jpg,train,a,a:006946_jpg,1
c_PP02img1071_jpg.jpg,train,c,c:PP02img1071_jpg,2
b_image_1205_jpg.jpg,train,b,b:image_1205_jpg,1
c_packing1320_jpg.jpg,train,c,c:packing1320_jpg,1
c_helmet999669_jpg.jpg,train,c,c:helmet999669_jpg,1
c_frame3934_jpg.jpg,val,c,c:frame3934_jpg,3
c_img288_jpg.jpg,train,c,c:img288_jpg,3
c_img34_jpg.jpg,train,c,c:img34_jpg,5
c_img478_jpg.jpg,train,c,c:img478_jpg,5
c_PP02img1301_jpg.jpg,val,c,c:PP02img1301_jpg,2
c_mask-wearing-1632939810835_png_jpg.jpg,test,c,c:mask-wearing-1632939810835_png_jpg,1
c_MX_img_153_jpg.jpg,train,c,c:MX_img_153_jpg,1
a_001216_jpg.jpg,val,a,a:001216_jpg,2
c_PP02img534_jpg.jpg,val,c,c:PP02img534_jpg,9
c_p65213191_jpg.jpg,train,c,c:p65213191_jpg,1
a_002775_jpg.jpg,train,a,a:002775_jpg,1
c_helmet999816_jpg.jpg,train,c,c:helmet999816_jpg,1
a_005901_jpg.jpg,train,a,a:005901_jpg,3
c_kp700_jpg.jpg,val,c,c:kp700_jpg,1
c_kp1579_jpg.jpg,train,c,c:kp1579_jpg,1
a_001337_jpg.jpg,train,a,a:001337_jpg,1
a_003070_jpg.jpg,val,a,a:003070_jpg,2
c_no-mask_mov-19_jpg.jpg,train,c,c:no-mask_mov-19_jpg,1
c_frame1098_jpg.jpg,val,c,c:frame1098_jpg,1
c_frame1126_jpg.jpg,train,c,c:frame1126_jpg,1
c_kp43_jpg.jpg,train,c,c:kp43_jpg,1
c_frame1266_jpg.jpg,val,c,c:frame1266_jpg,0
a_004555_jpg.jpg,train,a,a:004555_jpg,7
b_ppe_0503_jpg.jpg,train,b,b:ppe_0503_jpg,3
b_20220721_161935_jpg.jpg,train,b,b:20220721_161935_jpg,1
a_003960_jpg.jpg,train,a,a:003960_jpg,5
c_frame103_jpg.jpg,val,c,c:frame103_jpg,2
c_packing159_jpg.jpg,val,c,c:packing159_jpg,1
a_004056_jpg.jpg,train,a,a:004056_jpg,1
a_004110_jpg.jpg,train,a,a:004110_jpg,3
b_ppe_0952_jpg.jpg,train,b,b:ppe_0952_jpg,4
c_PP02img239_jpg.jpg,val,c,c:PP02img239_jpg,7
c_frame1292--2-_jpg.jpg,test,c,c:frame1292--2-_jpg,2
a_006072_jpg.jpg,train,a,a:006072_jpg,1
a_000265_jpg.jpg,val,a,a:000265_jpg,2
a_007000_jpg.jpg,train,a,a:007000_jpg,6
c_helmet9991067_jpg.jpg,train,c,c:helmet9991067_jpg,1
a_001420_jpg.jpg,train,a,a:001420_jpg,1
c_img431_jpg.jpg,train,c,c:img431_jpg,4
c_fglov1190_jpg.jpg,test,c,c:fglov1190_jpg,2
c_PPE_Data_231_jpg.jpg,train,c,c:PPE_Data_231_jpg,2
c_p11360_jpg.jpg,val,c,c:p11360_jpg,1
c_fglov1138_jpg.jpg,train,c,c:fglov1138_jpg,3
c_kp1347_jpg.jpg,train,c,c:kp1347_jpg,1
b_ppe_1015_jpg.jpg,train,b,b:ppe_1015_jpg,5
a_006661_jpg.jpg,val,a,a:006661_jpg,2
c_packing1189_jpg.jpg,train,c,c:packing1189_jpg,2
a_001035_jpg.jpg,train,a,a:001035_jpg,5
a_006323_jpg.jpg,train,a,a:006323_jpg,5
a_004983_jpg.jpg,train,a,a:004983_jpg,2
c_fglov1158_jpg.jpg,train,c,c:fglov1158_jpg,3
c_frame771_jpg.jpg,val,c,c:frame771_jpg,3
c_PP02img1475_jpg.jpg,train,c,c:PP02img1475_jpg,2
a_005870_jpg.jpg,train,a,a:005870_jpg,4
a_005338_jpg.jpg,val,a,a:005338_jpg,2
c_kp823_jpg.jpg,train,c,c:kp823_jpg,1
a_006619_jpg.jpg,val,a,a:006619_jpg,7
c_IMG_4921-2_mp4-25_jpg.jpg,train,c,c:IMG_4921-2_mp4-25_jpg,1
a_006515_jpg.jpg,val,a,a:006515_jpg,5
a_005412_jpg.jpg,val,a,a:005412_jpg,4
b_ppe_0710_jpg.jpg,train,b,b:ppe_0710_jpg,24
c_nglovpp27_jpg.jpg,train,c,c:nglovpp27_jpg,2
c_kp874_jpg.jpg,val,c,c:kp874_jpg,1
c_frame547_jpg.jpg,train,c,c:frame547_jpg,4
c_packing1512_jpg.jpg,train,c,c:packing1512_jpg,3
c_packing23_jpg.jpg,train,c,c:packing23_jpg,2
c_frame768_jpg.jpg,train,c,c:frame768_jpg,3
a_004774_jpg.jpg,train,a,a:004774_jpg,9
c_1482202839575_jpg.jpg,train,c,c:1482202839575_jpg,5
a_004165_jpg.jpg,train,a,a:004165_jpg,5
c_PPE_Data_695_jpg.jpg,train,c,c:PPE_Data_695_jpg,0
c_PPE_Data_610_jpg.jpg,train,c,c:PPE_Data_610_jpg,0
c_img498_jpg.jpg,train,c,c:img498_jpg,6
c_MX_img_157_jpg.jpg,train,c,c:MX_img_157_jpg,1
c_img480_jpg.jpg,train,c,c:img480_jpg,5
c_PPE_Data_35_jpg.jpg,train,c,c:PPE_Data_35_jpg,2
b_ppe_0774_jpg.jpg,train,b,b:ppe_0774_jpg,4
c_PP02img705_jpg.jpg,test,c,c:PP02img705_jpg,3
a_000173_jpg.jpg,train,a,a:000173_jpg,5
c_packing587_jpg.jpg,train,c,c:packing587_jpg,2
a_005704_jpg.jpg,train,a,a:005704_jpg,2
c_15h_img_289_jpg.jpg,train,c,c:15h_img_289_jpg,1
c_helmet999705_jpg.jpg,train,c,c:helmet999705_jpg,1
c_packing1670_jpg.jpg,train,c,c:packing1670_jpg,2
a_003954_jpg.jpg,train,a,a:003954_jpg,4
b_ppe_0248_jpg.jpg,train,b,b:ppe_0248_jpg,12
b_ppe_0648_jpg.jpg,train,b,b:ppe_0648_jpg,19
a_001838_jpg.jpg,test,a,a:001838_jpg,3
b_image_78_jpg.jpg,test,b,b:image_78_jpg,9
a_003515_jpg.jpg,test,a,a:003515_jpg,12
a_000701_jpg.jpg,train,a,a:000701_jpg,11
c_PP02img54_jpg.jpg,train,c,c:PP02img54_jpg,4
c_kp659_jpg.jpg,test,c,c:kp659_jpg,1
c_PP02img1247_jpg.jpg,train,c,c:PP02img1247_jpg,6
b_ppe_1056_jpg.jpg,train,b,b:ppe_1056_jpg,5
b_image_536_jpg.jpg,val,b,b:image_536_jpg,9
c_packing1794_jpg.jpg,val,c,c:packing1794_jpg,1
c_PP02img301_jpg.jpg,train,c,c:PP02img301_jpg,4
c_frame1258_jpg.jpg,val,c,c:frame1258_jpg,0
c_kp86_jpg.jpg,train,c,c:kp86_jpg,1
a_000283_jpg.jpg,train,a,a:000283_jpg,7
a_001639_jpg.jpg,train,a,a:001639_jpg,3
c_kp327_jpg.jpg,val,c,c:kp327_jpg,1
b_image_1190_jpg.jpg,val,b,b:image_1190_jpg,3
b_images-36-_jpg.jpg,train,b,b:images-36-_jpg,1
c_PP02img1170_jpg.jpg,val,c,c:PP02img1170_jpg,3
c_nglovpp2103_jpg.jpg,train,c,c:nglovpp2103_jpg,5
c_nglov123_jpg.jpg,val,c,c:nglov123_jpg,4
a_001000_jpg.jpg,train,a,a:001000_jpg,1
a_001531_jpg.jpg,train,a,a:001531_jpg,1
a_002069_jpg.jpg,val,a,a:002069_jpg,2
c_nglovpp3100_jpg.jpg,train,c,c:nglovpp3100_jpg,1
a_000580_jpg.jpg,val,a,a:000580_jpg,11
a_002947_jpg.jpg,val,a,a:002947_jpg,2
c_IMG_4921-2_mp4-7_jpg.jpg,train,c,c:IMG_4921-2_mp4-7_jpg,1
c_nglovpp359_jpg.jpg,train,c,c:nglovpp359_jpg,2
c_kp717_jpg.jpg,train,c,c:kp717_jpg,1
b_image_903_jpg.jpg,test,b,b:image_903_jpg,3
c_N5h_img_226_jpg.jpg,train,c,c:N5h_img_226_jpg,1
b_image_489_jpg.jpg,val,b,b:image_489_jpg,3
c_frame1071_jpg.jpg,train,c,c:frame1071_jpg,0
c_packing1581_jpg.jpg,train,c,c:packing1581_jpg,1
a_000442_jpg.jpg,train,a,a:000442_jpg,11
c_frame711_jpg.jpg,train,c,c:frame711_jpg,3
c_kp1945_jpg.jpg,val,c,c:kp1945_jpg,1
c_frame2952_jpg.jpg,val,c,c:frame2952_jpg,2
b_ppe_0151_jpg.jpg,train,b,b:ppe_0151_jpg,3
a_004866_jpg.jpg,train,a,a:004866_jpg,1
c_packing119_jpg.jpg,train,c,c:packing119_jpg,3
c_packing114_jpg.jpg,train,c,c:packing114_jpg,3
c_Mask-detector1_mov-38_jpg.jpg,train,c,c:Mask-detector1_mov-38_jpg,1
a_001890_jpg.jpg,train,a,a:001890_jpg,1
c_helmet9991148_jpg.jpg,test,c,c:helmet9991148_jpg,1
c_packing951_jpg.jpg,train,c,c:packing951_jpg,1
c_PP02img1107_jpg.jpg,train,c,c:PP02img1107_jpg,2
c_fglov1157_jpg.jpg,train,c,c:fglov1157_jpg,3
c_PP02img1282_jpg.jpg,train,c,c:PP02img1282_jpg,3
c_kp1013_jpg.jpg,train,c,c:kp1013_jpg,2
a_006146_jpg.jpg,train,a,a:006146_jpg,1
a_005291_jpg.jpg,val,a,a:005291_jpg,6
c_PP02img925_jpg.jpg,train,c,c:PP02img925_jpg,2
c_packing549_jpg.jpg,train,c,c:packing549_jpg,1
c_packing1968_jpg.jpg,train,c,c:packing1968_jpg,1
a_000710_jpg.jpg,val,a,a:000710_jpg,2
b_Video3_19_jpg.jpg,train,b,b:Video3_19_jpg,4
b_image_86_jpg.jpg,train,b,b:image_86_jpg,11
c_N5h_img_243_jpg.jpg,train,c,c:N5h_img_243_jpg,1
c_frame57_jpg.jpg,val,c,c:frame57_jpg,1
a_005308_jpg.jpg,train,a,a:005308_jpg,3
b_20220721_161923_jpg.jpg,test,b,b:20220721_161923_jpg,2
c_packing1620_jpg.jpg,train,c,c:packing1620_jpg,1
b_thumb2444_jpg.jpg,val,b,b:thumb2444_jpg,2
a_002089_jpg.jpg,val,a,a:002089_jpg,6
c_packing1648_jpg.jpg,val,c,c:packing1648_jpg,1
a_004690_jpg.jpg,train,a,a:004690_jpg,4
b_Video4_230_jpg.jpg,train,b,b:Video4_230_jpg,4
b_Aitin2428_jpg.jpg,train,b,b:Aitin2428_jpg,2
a_006386_jpg.jpg,train,a,a:006386_jpg,11
c_helmet999535_jpg.jpg,train,c,c:helmet999535_jpg,2
c_img29_jpg.jpg,train,c,c:img29_jpg,3
c_Mask-detector1_mov-24_jpg.jpg,train,c,c:Mask-detector1_mov-24_jpg,1
c_MX_img_71_jpg.jpg,test,c,c:MX_img_71_jpg,1
c_frame677_jpg.jpg,val,c,c:frame677_jpg,0
c_kp150_jpg.jpg,val,c,c:kp150_jpg,1
b_image_568_jpg.jpg,train,b,b:image_568_jpg,3
b_Video4_72_jpg.jpg,train,b,b:Video4_72_jpg,4
a_006916_jpg.jpg,train,a,a:006916_jpg,17
c_PP02img38_jpg.jpg,train,c,c:PP02img38_jpg,6
a_004057_jpg.jpg,train,a,a:004057_jpg,7
c_packing1955_jpg.jpg,train,c,c:packing1955_jpg,1
b_ppe_0983_jpg.jpg,train,b,b:ppe_0983_jpg,8
c_kp1234_jpg.jpg,test,c,c:kp1234_jpg,1
b_101_JPG_jpg.jpg,train,b,b:101_JPG_jpg,1
c_packing1539_jpg.jpg,train,c,c:packing1539_jpg,1
c_PXL_20210930_151912160_jpg.jpg,test,c,c:PXL_20210930_151912160_jpg,1
c_packing1279_jpg.jpg,train,c,c:packing1279_jpg,1
c_005433_jpg.jpg,train,c,c:005433_jpg,2
b_ppe_1042_jpg.jpg,train,b,b:ppe_1042_jpg,3
c_packing616_jpg.jpg,train,c,c:packing616_jpg,2
c_MX_img_136_jpg.jpg,val,c,c:MX_img_136_jpg,1
c_p65213182_jpg.jpg,train,c,c:p65213182_jpg,1
c_nglov125_jpg.jpg,train,c,c:nglov125_jpg,4
c_packing1981_jpg.jpg,test,c,c:packing1981_jpg,1
b_ppe_1063_jpg.jpg,val,b,b:ppe_1063_jpg,2
c_frame2304_jpg.jpg,val,c,c:frame2304_jpg,2
a_005154_jpg.jpg,train,a,a:005154_jpg,6
a_006101_jpg.jpg,train,a,a:006101_jpg,2
a_000222_jpg.jpg,train,a,a:000222_jpg,4
c_packing145_jpg.jpg,train,c,c:packing145_jpg,3
b_ppe_0320_jpg.jpg,train,b,b:ppe_0320_jpg,2
c_p65213136_jpg.jpg,train,c,c:p65213136_jpg,1
c_PP02img79_jpg.jpg,val,c,c:PP02img79_jpg,2
c_frame2947_jpg.jpg,train,c,c:frame2947_jpg,2
c_kp1303_jpg.jpg,train,c,c:kp1303_jpg,1
b_ppe_0687_jpg.jpg,train,b,b:ppe_0687_jpg,2
a_007016_jpg.jpg,val,a,a:007016_jpg,4
c_packing979_jpg.jpg,train,c,c:packing979_jpg,2
c_PP02img658_jpg.jpg,train,c,c:PP02img658_jpg,2
c_IMG_4921-2_mp4-106_jpg.jpg,test,c,c:IMG_4921-2_mp4-106_jpg,1
a_006206_jpg.jpg,train,a,a:006206_jpg,7
c_nglovpp2195_jpg.jpg,val,c,c:nglovpp2195_jpg,5
c_goggle8765182_jpg.jpg,val,c,c:goggle8765182_jpg,3
c_kp259_jpg.jpg,train,c,c:kp259_jpg,1
a_000233_jpg.jpg,train,a,a:000233_jpg,4
c_goggle8765107_jpg.jpg,val,c,c:goggle8765107_jpg,3
a_004142_jpg.jpg,train,a,a:004142_jpg,1
a_004737_jpg.jpg,train,a,a:004737_jpg,2
c_goggle876563_jpg.jpg,train,c,c:goggle876563_jpg,1
c_fglov1156_jpg.jpg,train,c,c:fglov1156_jpg,3
a_001696_jpg.jpg,test,a,a:001696_jpg,4
c_packing1680_jpg.jpg,train,c,c:packing1680_jpg,2
c_helmet999726_jpg.jpg,train,c,c:helmet999726_jpg,1
c_kp372_jpg.jpg,train,c,c:kp372_jpg,1
c_PPE_Data_166_jpg.jpg,train,c,c:PPE_Data_166_jpg,1
b_Video3_23_jpg.jpg,val,b,b:Video3_23_jpg,4
c_helmet999846_jpg.jpg,train,c,c:helmet999846_jpg,1
a_004758_jpg.jpg,train,a,a:004758_jpg,1
c_PXL_20210930_152017546_jpg.jpg,val,c,c:PXL_20210930_152017546_jpg,1
a_000253_jpg.jpg,train,a,a:000253_jpg,8
c_download--2-_jpeg_jpg.jpg,train,c,c:download--2-_jpeg_jpg,2
c_packing311_jpg.jpg,train,c,c:packing311_jpg,1
c_packing251_jpg.jpg,train,c,c:packing251_jpg,1
a_006921_jpg.jpg,val,a,a:006921_jpg,5
c_frame3746_jpg.jpg,train,c,c:frame3746_jpg,3
a_006196_jpg.jpg,val,a,a:006196_jpg,2
c_packing583_jpg.jpg,train,c,c:packing583_jpg,1
c_packing1722_jpg.jpg,train,c,c:packing1722_jpg,1
c_kp1567_jpg.jpg,train,c,c:kp1567_jpg,2
c_PP02img1434_jpg.jpg,train,c,c:PP02img1434_jpg,5
c_frame1380_jpg.jpg,train,c,c:frame1380_jpg,0
c_packing1617_jpg.jpg,train,c,c:packing1617_jpg,2
c_fglov1180_jpg.jpg,val,c,c:fglov1180_jpg,1
c_PP02img661_jpg.jpg,train,c,c:PP02img661_jpg,2
c_p11316_jpg.jpg,train,c,c:p11316_jpg,2
c_packing1730_jpg.jpg,val,c,c:packing1730_jpg,2
c_p11343_jpg.jpg,val,c,c:p11343_jpg,1
c_mask-wearing-1632937755878_png_jpg.jpg,train,c,c:mask-wearing-1632937755878_png_jpg,1
c_N5h_img_51_jpg.jpg,train,c,c:N5h_img_51_jpg,1
a_001031_jpg.jpg,val,a,a:001031_jpg,1
a_002446_jpg.jpg,train,a,a:002446_jpg,1
c_goggle876551_jpg.jpg,train,c,c:goggle876551_jpg,4
c_goggle876598_jpg.jpg,train,c,c:goggle876598_jpg,5
a_004366_jpg.jpg,train,a,a:004366_jpg,3
c_packing338_jpg.jpg,train,c,c:packing338_jpg,1
a_001221_jpg.jpg,train,a,a:001221_jpg,5
a_005865_jpg.jpg,train,a,a:005865_jpg,8
b_image_685_jpg.jpg,val,b,b:image_685_jpg,3
a_000573_jpg.jpg,train,a,a:000573_jpg,6
a_005990_jpg.jpg,test,a,a:005990_jpg,9
a_005998_jpg.jpg,val,a,a:005998_jpg,2
a_004389_jpg.jpg,train,a,a:004389_jpg,3
c_NVR-09_Trim_3-573_jpg.jpg,train,c,c:NVR-09_Trim_3-573_jpg,0
b_image_332_jpg.jpg,train,b,b:image_332_jpg,3
c_kp1950_jpg.jpg,train,c,c:kp1950_jpg,1
c_PPE_Data_189_jpg.jpg,train,c,c:PPE_Data_189_jpg,2
a_001376_jpg.jpg,train,a,a:001376_jpg,2
a_002850_jpg.jpg,val,a,a:002850_jpg,1
c_PP02img704_jpg.jpg,train,c,c:PP02img704_jpg,2
c_kp1204_jpg.jpg,val,c,c:kp1204_jpg,1
c_kp1591_jpg.jpg,test,c,c:kp1591_jpg,1
b_images-31-_jpg.jpg,train,b,b:images-31-_jpg,1
c_005437_jpg.jpg,train,c,c:005437_jpg,3
a_003824_jpg.jpg,train,a,a:003824_jpg,3
c_N5h_img_56_jpg.jpg,train,c,c:N5h_img_56_jpg,1
b_KakaoTalk_20221018_001219713_15_jpg.jpg,test,b,b:KakaoTalk_20221018_001219713_15_jpg,3
c_p656213115_jpg.jpg,test,c,c:p656213115_jpg,1
a_004538_jpg.jpg,train,a,a:004538_jpg,10
c_kp776_jpg.jpg,train,c,c:kp776_jpg,1
c_NVR-09_Trim_new_Trim-0195_jpg.jpg,train,c,c:NVR-09_Trim_new_Trim-0195_jpg,0
b_ppe_0407_jpg.jpg,train,b,b:ppe_0407_jpg,16
c_img143_jpg.jpg,train,c,c:img143_jpg,4
c_p651326_jpg.jpg,train,c,c:p651326_jpg,1
c_IMG_4921-2_mp4-19_jpg.jpg,train,c,c:IMG_4921-2_mp4-19_jpg,1
c_frame1207_jpg.jpg,train,c,c:frame1207_jpg,0
a_003624_jpg.jpg,val,a,a:003624_jpg,3
c_packing1928_jpg.jpg,train,c,c:packing1928_jpg,1
b_ppe_0119_jpg.jpg,train,b,b:ppe_0119_jpg,4
c_packing967_jpg.jpg,train,c,c:packing967_jpg,1
a_004851_jpg.jpg,train,a,a:004851_jpg,8
a_000165_jpg.jpg,val,a,a:000165_jpg,10
b_ppe_0929_jpg.jpg,train,b,b:ppe_0929_jpg,8
c_PP02img292_jpg.jpg,train,c,c:PP02img292_jpg,3
c_PP02img500_jpg.jpg,train,c,c:PP02img500_jpg,3
b_ppe_0305_jpg.jpg,train,b,b:ppe_0305_jpg,6
c_nglovpp340_jpg.jpg,train,c,c:nglovpp340_jpg,2
a_004757_jpg.jpg,train,a,a:004757_jpg,4
c_packing1430_jpg.jpg,test,c,c:packing1430_jpg,1
c_PP02img1396_jpg.jpg,val,c,c:PP02img1396_jpg,3
a_002213_jpg.jpg,train,a,a:002213_jpg,1
c_frame1423_jpg.jpg,train,c,c:frame1423_jpg,1
b_ppe_1251_jpg.jpg,train,b,b:ppe_1251_jpg,15
c_packing93_jpg.jpg,val,c,c:packing93_jpg,1
c_PP02img1411_jpg.jpg,train,c,c:PP02img1411_jpg,5
c_1-200102094256105_png_jpg.jpg,train,c,c:1-200102094256105_png_jpg,1
c_goggle8765194_jpg.jpg,train,c,c:goggle8765194_jpg,5
c_packing123_jpg.jpg,train,c,c:packing123_jpg,3
c_NVR-09_Trim_new_Trim-1522_jpg.jpg,train,c,c:NVR-09_Trim_new_Trim-1522_jpg,0
a_006959_jpg.jpg,val,a,a:006959_jpg,3
c_frame1306_jpg.jpg,train,c,c:frame1306_jpg,1
c_nglovpp274_jpg.jpg,train,c,c:nglovpp274_jpg,3
c_mo-justin-mask-NoMask_mov-12_jpg.jpg,train,c,c:mo-justin-mask-NoMask_mov-12_jpg,2
a_004705_jpg.jpg,val,a,a:004705_jpg,10
b_ppe_0627_jpg.jpg,train,b,b:ppe_0627_jpg,2
a_005988_jpg.jpg,train,a,a:005988_jpg,13
c_kp1033_jpg.jpg,train,c,c:kp1033_jpg,1
a_006144_jpg.jpg,test,a,a:006144_jpg,10
c_PPE_Data_244_jpg.jpg,train,c,c:PPE_Data_244_jpg,2
a_004631_jpg.jpg,train,a,a:004631_jpg,1
c_kp1268_jpg.jpg,train,c,c:kp1268_jpg,1
a_003276_jpg.jpg,train,a,a:003276_jpg,3
c_nglovpp2179_jpg.jpg,train,c,c:nglovpp2179_jpg,2
c_nglovpp331_jpg.jpg,train,c,c:nglovpp331_jpg,2
a_000619_jpg.jpg,train,a,a:000619_jpg,3
b_00011_jpg.jpg,val,b,b:00011_jpg,1
c_img70_jpg.jpg,train,c,c:img70_jpg,4
a_003247_jpg.jpg,train,a,a:003247_jpg,10
c_packing501_jpg.jpg,val,c,c:packing501_jpg,1
a_002196_jpg.jpg,train,a,a:002196_jpg,1
a_004741_jpg.jpg,train,a,a:004741_jpg,8
a_003150_jpg.jpg,train,a,a:003150_jpg,1
c_kp503_jpg.jpg,test,c,c:kp503_jpg,1
a_000097_jpg.jpg,train,a,a:000097_jpg,1
c_frame2212_jpg.jpg,val,c,c:frame2212_jpg,0
b_Video2_132_jpg.jpg,train,b,b:Video2_132_jpg,6
a_001207_jpg.jpg,train,a,a:001207_jpg,4
a_000453_jpg.jpg,train,a,a:000453_jpg,3
c_kp601_jpg.jpg,val,c,c:kp601_jpg,2
a_006594_jpg.jpg,train,a,a:006594_jpg,1
a_001101_jpg.jpg,train,a,a:001101_jpg,2
c_goggle876541_jpg.jpg,train,c,c:goggle876541_jpg,1
a_000031_jpg.jpg,val,a,a:000031_jpg,3
c_Mask-detector1_mov-40_jpg.jpg,train,c,c:Mask-detector1_mov-40_jpg,1
a_005306_jpg.jpg,train,a,a:005306_jpg,1
a_000683_jpg.jpg,train,a,a:000683_jpg,1
c_kp1148_jpg.jpg,train,c,c:kp1148_jpg,1
b_image_1059_jpg.jpg,train,b,b:image_1059_jpg,4
c_packing1058_jpg.jpg,train,c,c:packing1058_jpg,1
c_PPE_Data_452_jpg.jpg,test,c,c:PPE_Data_452_jpg,2
c_kp342_jpg.jpg,val,c,c:kp342_jpg,1
c_packing959_jpg.jpg,train,c,c:packing959_jpg,1
b_Aitin2742_jpg.jpg,train,b,b:Aitin2742_jpg,3
c_packing1285_jpg.jpg,train,c,c:packing1285_jpg,2
a_006490_jpg.jpg,train,a,a:006490_jpg,1
b_image_851_jpg.jpg,train,b,b:image_851_jpg,1
c_packing1175_jpg.jpg,train,c,c:packing1175_jpg,1
b_Video1_217_jpg.jpg,train,b,b:Video1_217_jpg,4
a_000108_jpg.jpg,train,a,a:000108_jpg,5
b_image_160_jpg.jpg,test,b,b:image_160_jpg,9
b_ppe_0530_jpg.jpg,train,b,b:ppe_0530_jpg,3
a_000773_jpg.jpg,train,a,a:000773_jpg,5
a_004942_jpg.jpg,train,a,a:004942_jpg,2
a_002171_jpg.jpg,train,a,a:002171_jpg,3
b_AightOne0869_jpg.jpg,train,b,b:AightOne0869_jpg,2
c_frame611_jpg.jpg,val,c,c:frame611_jpg,2
b_ppe_0949_jpg.jpg,train,b,b:ppe_0949_jpg,5
c_nglov190_jpg.jpg,test,c,c:nglov190_jpg,4
c_kp657_jpg.jpg,train,c,c:kp657_jpg,2
b_ppe_1293_jpg.jpg,train,b,b:ppe_1293_jpg,12
c_frame250_jpg.jpg,val,c,c:frame250_jpg,1
c_frame597_jpg.jpg,val,c,c:frame597_jpg,2
c_helmet9991002_jpg.jpg,train,c,c:helmet9991002_jpg,1
c_frame521_jpg.jpg,test,c,c:frame521_jpg,0
b_00056_jpg.jpg,test,b,b:00056_jpg,1
a_002066_jpg.jpg,train,a,a:002066_jpg,1
a_001347_jpg.jpg,train,a,a:001347_jpg,3
b_image_1792_jpg.jpg,val,b,b:image_1792_jpg,3
a_000915_jpg.jpg,train,a,a:000915_jpg,4
b_image_940_jpg.jpg,train,b,b:image_940_jpg,4
a_000510_jpg.jpg,train,a,a:000510_jpg,3
c_goggle876512_jpg.jpg,train,c,c:goggle876512_jpg,1
a_003637_jpg.jpg,train,a,a:003637_jpg,7
a_004380_jpg.jpg,train,a,a:004380_jpg,1
c_PP02img959_jpg.jpg,train,c,c:PP02img959_jpg,2
c_kp963_jpg.jpg,test,c,c:kp963_jpg,1
c_frame3843_jpg.jpg,train,c,c:frame3843_jpg,3
a_006863_jpg.jpg,test,a,a:006863_jpg,14
c_packing1201_jpg.jpg,train,c,c:packing1201_jpg,1
c_PP02img352_jpg.jpg,train,c,c:PP02img352_jpg,4
c_nglov56_jpg.jpg,train,c,c:nglov56_jpg,1
a_001858_jpg.jpg,train,a,a:001858_jpg,6
b_image_554_jpg.jpg,train,b,b:image_554_jpg,3
c_PP02img442_jpg.jpg,train,c,c:PP02img442_jpg,5
c_kp556_jpg.jpg,val,c,c:kp556_jpg,2
c_15h_img_286_jpg.jpg,test,c,c:15h_img_286_jpg,1
c_PP02img676_jpg.jpg,test,c,c:PP02img676_jpg,3
c_frame9_jpg.jpg,train,c,c:frame9_jpg,0
c_kp1336_jpg.jpg,train,c,c:kp1336_jpg,1
a_004409_jpg.jpg,train,a,a:004409_jpg,13
c_packing1166_jpg.jpg,train,c,c:packing1166_jpg,2
a_006249_jpg.jpg,train,a,a:006249_jpg,1
c_frame608_jpg.jpg,train,c,c:frame608_jpg,2
a_001232_jpg.jpg,train,a,a:001232_jpg,2
c_005478_jpg.jpg,train,c,c:005478_jpg,1
b_ppe_0204_jpg.jpg,train,b,b:ppe_0204_jpg,3
c_kp1435_jpg.jpg,val,c,c:kp1435_jpg,1
c_kp643_jpg.jpg,val,c,c:kp643_jpg,2
c_frame65_jpg.jpg,val,c,c:frame65_jpg,1
c_005341_jpg.jpg,train,c,c:005341_jpg,2
b_ppe_0867_jpg.jpg,val,b,b:ppe_0867_jpg,3
a_004300_jpg.jpg,train,a,a:004300_jpg,4
a_003899_jpg.jpg,train,a,a:003899_jpg,1
c_PP02img1302_jpg.jpg,val,c,c:PP02img1302_jpg,2
c_kp581_jpg.jpg,train,c,c:kp581_jpg,2
b_ppe_0109_jpg.jpg,train,b,b:ppe_0109_jpg,6
c_w1240-p16x9-2019-10-04t075956z_1862636027_rc15d4d49d00_rtrmadp_3_hongkong-prot.jpg,train,c,c:w1240-p16x9-2019-10-04t075956z_1862636027_rc15d4d49d00_rtrmadp_3_hongkong-protests_jpg,13
a_006064_jpg.jpg,train,a,a:006064_jpg,3
c_packing1169_jpg.jpg,val,c,c:packing1169_jpg,1
b_image_584_jpg.jpg,test,b,b:image_584_jpg,2
c_goggle876591_jpg.jpg,train,c,c:goggle876591_jpg,5
c_frame2176_jpg.jpg,train,c,c:frame2176_jpg,0
a_004602_jpg.jpg,test,a,a:004602_jpg,11
c_frame3798_jpg.jpg,train,c,c:frame3798_jpg,3
c_kp124_jpg.jpg,train,c,c:kp124_jpg,1
c_nglov18_jpg.jpg,train,c,c:nglov18_jpg,3
c_nglov63_jpg.jpg,train,c,c:nglov63_jpg,1
c_mask-wearing-1632937772539_png_jpg.jpg,train,c,c:mask-wearing-1632937772539_png_jpg,1
b_image_326_jpg.jpg,test,b,b:image_326_jpg,3
a_003146_jpg.jpg,train,a,a:003146_jpg,8
c_r1p00017o82psp0o0or_jpg.jpg,test,c,c:r1p00017o82psp0o0or_jpg,1
a_000665_jpg.jpg,train,a,a:000665_jpg,1
c_frame287_jpg.jpg,train,c,c:frame287_jpg,1
a_005750_jpg.jpg,train,a,a:005750_jpg,1
c_kp801_jpg.jpg,train,c,c:kp801_jpg,1
c_packing1147_jpg.jpg,train,c,c:packing1147_jpg,1
a_003124_jpg.jpg,train,a,a:003124_jpg,5
c_PP02img1268_jpg.jpg,train,c,c:PP02img1268_jpg,3
c_packing1556_jpg.jpg,train,c,c:packing1556_jpg,3
b_images-2022-07-04T013506_jpg.jpg,train,b,b:images-2022-07-04T013506_jpg,4
c_packing1491_jpg.jpg,train,c,c:packing1491_jpg,2
c_p656213187_jpg.jpg,val,c,c:p656213187_jpg,1
c_PP02img619_jpg.jpg,train,c,c:PP02img619_jpg,4
c_helmet9991177_jpg.jpg,train,c,c:helmet9991177_jpg,1
b_image_575_jpg.jpg,test,b,b:image_575_jpg,3
c_kp419_jpg.jpg,train,c,c:kp419_jpg,1
a_001987_jpg.jpg,test,a,a:001987_jpg,8
a_000777_jpg.jpg,train,a,a:000777_jpg,3
a_006084_jpg.jpg,val,a,a:006084_jpg,2
c_kp1875_jpg.jpg,train,c,c:kp1875_jpg,2
c_img185_jpg.jpg,train,c,c:img185_jpg,3
c_img72_jpg.jpg,train,c,c:img72_jpg,5
c_PP02img195_jpg.jpg,train,c,c:PP02img195_jpg,4
c_Mask2_mov-20_jpg.jpg,val,c,c:Mask2_mov-20_jpg,1
c_frame3814_jpg.jpg,train,c,c:frame3814_jpg,3
c_packing1287_jpg.jpg,train,c,c:packing1287_jpg,2
a_003611_jpg.jpg,train,a,a:003611_jpg,1
b_image_1457_jpg.jpg,val,b,b:image_1457_jpg,4
c_packing528_jpg.jpg,train,c,c:packing528_jpg,1
c_kp1513_jpg.jpg,train,c,c:kp1513_jpg,1
a_001003_jpg.jpg,train,a,a:001003_jpg,2
c_PP02img186_jpg.jpg,test,c,c:PP02img186_jpg,3
c_005426_jpg.jpg,val,c,c:005426_jpg,6
c_nglov55_jpg.jpg,train,c,c:nglov55_jpg,1
c_packing1663_jpg.jpg,train,c,c:packing1663_jpg,3
c_p65621379_jpg.jpg,train,c,c:p65621379_jpg,1
c_packing796_jpg.jpg,val,c,c:packing796_jpg,1
a_003507_jpg.jpg,train,a,a:003507_jpg,1
b_ppe_0903_jpg.jpg,train,b,b:ppe_0903_jpg,3
a_000128_jpg.jpg,train,a,a:000128_jpg,13
a_002643_jpg.jpg,train,a,a:002643_jpg,2
a_003043_jpg.jpg,train,a,a:003043_jpg,3
c_kp385_jpg.jpg,train,c,c:kp385_jpg,1
b_image_62_jpg.jpg,val,b,b:image_62_jpg,4
c_kp316_jpg.jpg,train,c,c:kp316_jpg,1
c_PP02img1347_jpg.jpg,train,c,c:PP02img1347_jpg,6
c_IMG_4921-2_mp4-117_jpg.jpg,train,c,c:IMG_4921-2_mp4-117_jpg,1
b_ppe_0313_jpg.jpg,train,b,b:ppe_0313_jpg,6
c_p656213189_jpg.jpg,test,c,c:p656213189_jpg,1
c_kp1441_jpg.jpg,train,c,c:kp1441_jpg,1
c_packing900_jpg.jpg,train,c,c:packing900_jpg,1
a_002331_jpg.jpg,train,a,a:002331_jpg,2
b_image_345_jpg.jpg,train,b,b:image_345_jpg,10
c_frame447_jpg.jpg,test,c,c:frame447_jpg,2
c_kp1692_jpg.jpg,train,c,c:kp1692_jpg,1
a_001658_jpg.jpg,train,a,a:001658_jpg,7
c_PP02img498_jpg.jpg,test,c,c:PP02img498_jpg,4
c_packing1629_jpg.jpg,val,c,c:packing1629_jpg,2
c_005302_jpg.jpg,train,c,c:005302_jpg,1
a_003754_jpg.jpg,val,a,a:003754_jpg,2
c_kp450_jpg.jpg,train,c,c:kp450_jpg,1
c_N5h_img_88_jpg.jpg,train,c,c:N5h_img_88_jpg,1
c_helmet999593_jpg.jpg,train,c,c:helmet999593_jpg,1
c_helmet999756_jpg.jpg,val,c,c:helmet999756_jpg,1
c_IMG_4921-2_mp4-91_jpg.jpg,train,c,c:IMG_4921-2_mp4-91_jpg,1
c_PP02img627_jpg.jpg,train,c,c:PP02img627_jpg,6
c_IMG_4921-2_mp4-87_jpg.jpg,train,c,c:IMG_4921-2_mp4-87_jpg,1
c_15h_img_288_jpg.jpg,val,c,c:15h_img_288_jpg,1
c_mask-wearing-1632937517510_png_jpg.jpg,train,c,c:mask-wearing-1632937517510_png_jpg,1
b_image_1460_jpg.jpg,val,b,b:image_1460_jpg,3
c_frame140--2-_jpg.jpg,train,c,c:frame140--2-_jpg,2
a_001922_jpg.jpg,train,a,a:001922_jpg,2
c_img367_jpg.jpg,train,c,c:img367_jpg,2
a_001203_jpg.jpg,train,a,a:001203_jpg,1
c_15h_img_270_jpg.jpg,val,c,c:15h_img_270_jpg,1
b_ppe_1009_jpg.jpg,train,b,b:ppe_1009_jpg,3
b_image_641_jpg.jpg,train,b,b:image_641_jpg,3
a_004863_jpg.jpg,val,a,a:004863_jpg,2
b_ppe_1039_jpg.jpg,test,b,b:ppe_1039_jpg,2
c_frame115_jpg.jpg,train,c,c:frame115_jpg,2
b_image_76_jpg.jpg,train,b,b:image_76_jpg,2
c_nglov40_jpg.jpg,train,c,c:nglov40_jpg,1
c_PP02img201_jpg.jpg,train,c,c:PP02img201_jpg,6
a_000433_jpg.jpg,train,a,a:000433_jpg,3
c_helmet9991154_jpg.jpg,train,c,c:helmet9991154_jpg,1
c_frame1513--2-_jpg.jpg,val,c,c:frame1513--2-_jpg,2
c_PP02img1417_jpg.jpg,train,c,c:PP02img1417_jpg,4
c_PPE_Data_634_jpg.jpg,test,c,c:PPE_Data_634_jpg,1
a_003496_jpg.jpg,val,a,a:003496_jpg,2
c_kp1517_jpg.jpg,train,c,c:kp1517_jpg,1
c_kp1244_jpg.jpg,val,c,c:kp1244_jpg,1
a_003759_jpg.jpg,train,a,a:003759_jpg,1
a_006604_jpg.jpg,train,a,a:006604_jpg,9
c_nglovpp2194_jpg.jpg,val,c,c:nglovpp2194_jpg,4
a_003711_jpg.jpg,train,a,a:003711_jpg,2
a_006239_jpg.jpg,train,a,a:006239_jpg,1
c_kp1646_jpg.jpg,val,c,c:kp1646_jpg,1
c_N5h_img_23_jpg.jpg,train,c,c:N5h_img_23_jpg,1
b_Video3_274_jpg.jpg,train,b,b:Video3_274_jpg,4
c_frame457_jpg.jpg,val,c,c:frame457_jpg,0
c_nglovpp2199_jpg.jpg,train,c,c:nglovpp2199_jpg,3
a_000068_jpg.jpg,train,a,a:000068_jpg,4
a_000023_jpg.jpg,train,a,a:000023_jpg,16
a_006776_jpg.jpg,train,a,a:006776_jpg,8
a_001162_jpg.jpg,train,a,a:001162_jpg,9
c_p65213180_jpg.jpg,train,c,c:p65213180_jpg,1
c_frame74_jpg.jpg,train,c,c:frame74_jpg,1
c_p11385_jpg.jpg,train,c,c:p11385_jpg,1
a_003915_jpg.jpg,train,a,a:003915_jpg,4
c_mask-wearing-1632931966866_png_jpg.jpg,train,c,c:mask-wearing-1632931966866_png_jpg,3
c_PPE_Data_191_jpg.jpg,train,c,c:PPE_Data_191_jpg,1
a_003498_jpg.jpg,train,a,a:003498_jpg,6
c_nglov76_jpg.jpg,train,c,c:nglov76_jpg,1
a_002941_jpg.jpg,train,a,a:002941_jpg,1
c_PP02img378_jpg.jpg,train,c,c:PP02img378_jpg,5
a_000066_jpg.jpg,train,a,a:000066_jpg,1
c_kp609_jpg.jpg,val,c,c:kp609_jpg,2
b_image_948_jpg.jpg,val,b,b:image_948_jpg,3
b_ppe_0733_jpg.jpg,train,b,b:ppe_0733_jpg,14
c_15h_img_292_jpg.jpg,train,c,c:15h_img_292_jpg,1
c_frame1287_jpg.jpg,val,c,c:frame1287_jpg,2
a_004544_jpg.jpg,train,a,a:004544_jpg,2
c_PP02img730_jpg.jpg,train,c,c:PP02img730_jpg,4
c_PPE_Data_128_jpg.jpg,train,c,c:PPE_Data_128_jpg,0
c_packing819_jpg.jpg,train,c,c:packing819_jpg,2
c_kp1388_jpg.jpg,train,c,c:kp1388_jpg,1
c_packing989_jpg.jpg,train,c,c:packing989_jpg,2
c_mask-wearing-1632931991876_png_jpg.jpg,train,c,c:mask-wearing-1632931991876_png_jpg,3
c_15h_img_285_jpg.jpg,train,c,c:15h_img_285_jpg,1
c_nglovpp2146_jpg.jpg,train,c,c:nglovpp2146_jpg,4
c_p651363_jpg.jpg,train,c,c:p651363_jpg,1
c_packing194_jpg.jpg,val,c,c:packing194_jpg,1
c_kp1260_jpg.jpg,train,c,c:kp1260_jpg,1
c_packing1084_jpg.jpg,train,c,c:packing1084_jpg,1
b_20220721_162848_jpg.jpg,train,b,b:20220721_162848_jpg,3
a_002613_jpg.jpg,test,a,a:002613_jpg,11
c_PPE_Data_215_jpg.jpg,train,c,c:PPE_Data_215_jpg,2
c_mask-wearing-1632939965059_png_jpg.jpg,train,c,c:mask-wearing-1632939965059_png_jpg,1
c_N5h_img_41_jpg.jpg,train,c,c:N5h_img_41_jpg,1
c_kp123_jpg.jpg,train,c,c:kp123_jpg,1
b_ppe_0738_jpg.jpg,train,b,b:ppe_0738_jpg,2
b_thumb0939_jpg.jpg,val,b,b:thumb0939_jpg,1
c_PPE_Data_264_jpg.jpg,train,c,c:PPE_Data_264_jpg,4
c_kp1130_jpg.jpg,train,c,c:kp1130_jpg,1
b_ppe_0518_jpg.jpg,train,b,b:ppe_0518_jpg,2
a_006412_jpg.jpg,val,a,a:006412_jpg,2
c_frame3811_jpg.jpg,train,c,c:frame3811_jpg,3
c_frame3776_jpg.jpg,train,c,c:frame3776_jpg,3
c_packing1191_jpg.jpg,train,c,c:packing1191_jpg,3
a_005657_jpg.jpg,train,a,a:005657_jpg,8
a_000967_jpg.jpg,train,a,a:000967_jpg,2
b_ppe_0005_jpg.jpg,train,b,b:ppe_0005_jpg,3
c_img164_jpg.jpg,train,c,c:img164_jpg,4
c_frame4_jpg.jpg,train,c,c:frame4_jpg,0
c_kp1880_jpg.jpg,val,c,c:kp1880_jpg,1
a_001271_jpg.jpg,val,a,a:001271_jpg,1
c_kp1438_jpg.jpg,val,c,c:kp1438_jpg,1
c_fglov1173_jpg.jpg,train,c,c:fglov1173_jpg,1
b_ppe_0890_jpg.jpg,train,b,b:ppe_0890_jpg,4
b_Video3_142_jpg.jpg,train,b,b:Video3_142_jpg,6
c_kp1002_jpg.jpg,train,c,c:kp1002_jpg,2
c_packing1343_jpg.jpg,train,c,c:packing1343_jpg,2
c_packing105_jpg.jpg,train,c,c:packing105_jpg,4
c_frame53--2-_jpg.jpg,val,c,c:frame53--2-_jpg,2
c_PP02img1010_jpg.jpg,train,c,c:PP02img1010_jpg,4
c_packing1572_jpg.jpg,train,c,c:packing1572_jpg,1
c_kp786_jpg.jpg,val,c,c:kp786_jpg,2
c_005532_jpg.jpg,train,c,c:005532_jpg,1
c_frame96--3-_jpg.jpg,train,c,c:frame96--3-_jpg,2
c_frame2836_jpg.jpg,train,c,c:frame2836_jpg,4
a_000941_jpg.jpg,train,a,a:000941_jpg,2
a_003501_jpg.jpg,train,a,a:003501_jpg,1
c_kp1519_jpg.jpg,train,c,c:kp1519_jpg,1
a_005358_jpg.jpg,train,a,a:005358_jpg,7
c_packing107_jpg.jpg,train,c,c:packing107_jpg,2
b_ppe_1014_jpg.jpg,train,b,b:ppe_1014_jpg,4
c_PP02img1387_jpg.jpg,train,c,c:PP02img1387_jpg,5
c_helmet999543_jpg.jpg,val,c,c:helmet999543_jpg,1
c_kp1098_jpg.jpg,train,c,c:kp1098_jpg,2
a_003567_jpg.jpg,train,a,a:003567_jpg,4
c_helmet999955_jpg.jpg,train,c,c:helmet999955_jpg,1
c_kp731_jpg.jpg,train,c,c:kp731_jpg,1
a_005732_jpg.jpg,train,a,a:005732_jpg,3
b_ppe_0150_jpg.jpg,train,b,b:ppe_0150_jpg,8
a_005703_jpg.jpg,train,a,a:005703_jpg,4
a_004572_jpg.jpg,train,a,a:004572_jpg,6
a_004831_jpg.jpg,train,a,a:004831_jpg,1
b_Video4_249_jpg.jpg,train,b,b:Video4_249_jpg,4
c_mask-wearing-1632931964367_png_jpg.jpg,train,c,c:mask-wearing-1632931964367_png_jpg,3
a_004838_jpg.jpg,val,a,a:004838_jpg,2
b_ppe_0889_jpg.jpg,val,b,b:ppe_0889_jpg,3
c_img69_jpg.jpg,train,c,c:img69_jpg,5
a_000309_jpg.jpg,train,a,a:000309_jpg,2
a_006923_jpg.jpg,train,a,a:006923_jpg,4
c_goggle8765151_jpg.jpg,train,c,c:goggle8765151_jpg,4
c_kp704_jpg.jpg,val,c,c:kp704_jpg,1
a_003187_jpg.jpg,train,a,a:003187_jpg,6
b_00267_jpg.jpg,train,b,b:00267_jpg,2
c_packing111_jpg.jpg,train,c,c:packing111_jpg,1
c_helmet999969_jpg.jpg,train,c,c:helmet999969_jpg,1
c_PP02img1037_jpg.jpg,val,c,c:PP02img1037_jpg,4
b_image_255_jpg.jpg,train,b,b:image_255_jpg,3
c_1125506397_15801322206131n_jpg.jpg,train,c,c:1125506397_15801322206131n_jpg,5
c_frame185_jpg.jpg,train,c,c:frame185_jpg,1
b_image_950_jpg.jpg,test,b,b:image_950_jpg,3
c_kp109_jpg.jpg,train,c,c:kp109_jpg,1
b_ppe_0528_jpg.jpg,test,b,b:ppe_0528_jpg,4
c_img103_jpg.jpg,train,c,c:img103_jpg,4
c_N5h_img_219_jpg.jpg,train,c,c:N5h_img_219_jpg,1
a_003098_jpg.jpg,test,a,a:003098_jpg,4
a_006479_jpg.jpg,train,a,a:006479_jpg,1
c_PPE_Data_347_jpg.jpg,train,c,c:PPE_Data_347_jpg,1
c_PP02img716_jpg.jpg,train,c,c:PP02img716_jpg,3
b_ppe_0676_jpg.jpg,train,b,b:ppe_0676_jpg,4
c_kp1433_jpg.jpg,train,c,c:kp1433_jpg,1
a_005749_jpg.jpg,train,a,a:005749_jpg,1
b_ppe_0590_jpg.jpg,train,b,b:ppe_0590_jpg,4
c_p113168_jpg.jpg,train,c,c:p113168_jpg,1
a_000295_jpg.jpg,train,a,a:000295_jpg,2
c_PP02img35_jpg.jpg,test,c,c:PP02img35_jpg,4
b_ppe_1098_jpg.jpg,train,b,b:ppe_1098_jpg,8
c_helmet999581_jpg.jpg,val,c,c:helmet999581_jpg,1
c_PP02img572_jpg.jpg,val,c,c:PP02img572_jpg,7
c_packing1567_jpg.jpg,train,c,c:packing1567_jpg,2
c_kp1737_jpg.jpg,train,c,c:kp1737_jpg,1
a_006967_jpg.jpg,val,a,a:006967_jpg,4
a_003055_jpg.jpg,train,a,a:003055_jpg,8
a_002019_jpg.jpg,train,a,a:002019_jpg,2
b_image_117_jpg.jpg,train,b,b:image_117_jpg,6
a_005013_jpg.jpg,train,a,a:005013_jpg,5
a_005659_jpg.jpg,val,a,a:005659_jpg,2
a_005206_jpg.jpg,train,a,a:005206_jpg,10
c_packing1288_jpg.jpg,train,c,c:packing1288_jpg,2
b_ppe_1138_jpg.jpg,train,b,b:ppe_1138_jpg,1
a_005359_jpg.jpg,val,a,a:005359_jpg,2
a_006443_jpg.jpg,train,a,a:006443_jpg,1
a_004846_jpg.jpg,train,a,a:004846_jpg,3
c_helmet9991112_jpg.jpg,train,c,c:helmet9991112_jpg,1
c_packing1711_jpg.jpg,train,c,c:packing1711_jpg,3
a_005509_jpg.jpg,train,a,a:005509_jpg,2
c_packing1922_jpg.jpg,val,c,c:packing1922_jpg,1
c_mask-wearing-1632933657792_png_jpg.jpg,train,c,c:mask-wearing-1632933657792_png_jpg,7
b_image_1175_jpg.jpg,test,b,b:image_1175_jpg,3
c_nglov167_jpg.jpg,val,c,c:nglov167_jpg,4
c_purchase-reauisition-5de4d0f99c77d_jpg.jpg,train,c,c:purchase-reauisition-5de4d0f99c77d_jpg,10
a_005372_jpg.jpg,train,a,a:005372_jpg,7
c_helmet999729_jpg.jpg,train,c,c:helmet999729_jpg,1
c_NVR-09_Trim_3-580_jpg.jpg,train,c,c:NVR-09_Trim_3-580_jpg,0
c_helmet999517_jpg.jpg,test,c,c:helmet999517_jpg,3
a_002175_jpg.jpg,train,a,a:002175_jpg,2
b_image_1_jpg.jpg,test,b,b:image_1_jpg,3
b_ppe_0177_jpg.jpg,train,b,b:ppe_0177_jpg,2
b_Video4_50_jpg.jpg,train,b,b:Video4_50_jpg,4
a_000971_jpg.jpg,train,a,a:000971_jpg,5
a_003261_jpg.jpg,train,a,a:003261_jpg,4
a_006044_jpg.jpg,train,a,a:006044_jpg,8
c_kp52_jpg.jpg,train,c,c:kp52_jpg,1
c_PPE_Data_34_jpg.jpg,val,c,c:PPE_Data_34_jpg,2
c_PPE_Data_367_jpg.jpg,train,c,c:PPE_Data_367_jpg,2
b_ppe_0523_jpg.jpg,train,b,b:ppe_0523_jpg,4
c_PP02img256_jpg.jpg,val,c,c:PP02img256_jpg,6
c_PP02img115_jpg.jpg,train,c,c:PP02img115_jpg,5
c_kp502_jpg.jpg,train,c,c:kp502_jpg,1
c_kp466_jpg.jpg,train,c,c:kp466_jpg,1
c_PPE_Data_205_jpg.jpg,train,c,c:PPE_Data_205_jpg,2
a_000632_jpg.jpg,test,a,a:000632_jpg,1
b_ppe_1267_jpg.jpg,train,b,b:ppe_1267_jpg,10
c_005403_jpg.jpg,train,c,c:005403_jpg,5
a_002094_jpg.jpg,val,a,a:002094_jpg,11
a_006331_jpg.jpg,train,a,a:006331_jpg,3
c_kp1302_jpg.jpg,train,c,c:kp1302_jpg,1
c_MX_img_54_jpg.jpg,train,c,c:MX_img_54_jpg,1
c_PPE_Data_625_jpg.jpg,val,c,c:PPE_Data_625_jpg,2
c_goggle876575_jpg.jpg,train,c,c:goggle876575_jpg,3
b_ppe_0977_jpg.jpg,train,b,b:ppe_0977_jpg,6
a_003034_jpg.jpg,test,a,a:003034_jpg,10
c_kp71_jpg.jpg,train,c,c:kp71_jpg,2
c_IMG_4936-HEIC_jpg.jpg,val,c,c:IMG_4936-HEIC_jpg,1
c_goggle8765157_jpg.jpg,train,c,c:goggle8765157_jpg,4
c_005461_jpg.jpg,train,c,c:005461_jpg,1
b_ppe_0613_jpg.jpg,train,b,b:ppe_0613_jpg,6
c_helmet999643_jpg.jpg,train,c,c:helmet999643_jpg,1
c_kp1158_jpg.jpg,val,c,c:kp1158_jpg,1
c_p11358_jpg.jpg,test,c,c:p11358_jpg,1
a_005586_jpg.jpg,train,a,a:005586_jpg,3
b_ppe_0834_jpg.jpg,val,b,b:ppe_0834_jpg,5
a_003163_jpg.jpg,train,a,a:003163_jpg,4
a_006016_jpg.jpg,train,a,a:006016_jpg,1
a_003471_jpg.jpg,val,a,a:003471_jpg,2
a_002487_jpg.jpg,train,a,a:002487_jpg,1
c_PP02img997_jpg.jpg,train,c,c:PP02img997_jpg,1
a_002962_jpg.jpg,train,a,a:002962_jpg,7
a_006897_jpg.jpg,train,a,a:006897_jpg,3
c_goggle8765156_jpg.jpg,val,c,c:goggle8765156_jpg,2
c_packing1111_jpg.jpg,train,c,c:packing1111_jpg,2
c_packing209_jpg.jpg,train,c,c:packing209_jpg,2
c_PP02img836_jpg.jpg,train,c,c:PP02img836_jpg,3
c_kp1231_jpg.jpg,val,c,c:kp1231_jpg,1
c_packing117_jpg.jpg,test,c,c:packing117_jpg,2
c_MX_img_90_jpg.jpg,train,c,c:MX_img_90_jpg,1
c_IMG_4921-2_mp4-107_jpg.jpg,train,c,c:IMG_4921-2_mp4-107_jpg,1
c_PP02img605_jpg.jpg,train,c,c:PP02img605_jpg,6
c_kp752_jpg.jpg,train,c,c:kp752_jpg,1
b_image_129_jpg.jpg,train,b,b:image_129_jpg,2
c_frame88--3-_jpg.jpg,val,c,c:frame88--3-_jpg,2
c_kp1088_jpg.jpg,test,c,c:kp1088_jpg,2
c_005505_jpg.jpg,train,c,c:005505_jpg,3
c_nglovpp3199_jpg.jpg,train,c,c:nglovpp3199_jpg,2
a_005554_jpg.jpg,val,a,a:005554_jpg,2
c_kp1662_jpg.jpg,val,c,c:kp1662_jpg,1
a_003972_jpg.jpg,train,a,a:003972_jpg,3
c_packing1952_jpg.jpg,test,c,c:packing1952_jpg,1
a_004583_jpg.jpg,train,a,a:004583_jpg,1
c_IMG_4921-2_mp4-86_jpg.jpg,train,c,c:IMG_4921-2_mp4-86_jpg,1
c_PP02img284_jpg.jpg,train,c,c:PP02img284_jpg,4
a_006023_jpg.jpg,train,a,a:006023_jpg,5
c_frame49_jpg.jpg,train,c,c:frame49_jpg,2
b_image_577_jpg.jpg,test,b,b:image_577_jpg,2
b_image_647_jpg.jpg,train,b,b:image_647_jpg,2
c_PP02img1012_jpg.jpg,train,c,c:PP02img1012_jpg,2
a_001330_jpg.jpg,train,a,a:001330_jpg,1
c_PP02img1153_jpg.jpg,train,c,c:PP02img1153_jpg,6
a_006114_jpg.jpg,val,a,a:006114_jpg,2
a_000420_jpg.jpg,train,a,a:000420_jpg,1
c_mask-wearing-1632931942875_png_jpg.jpg,train,c,c:mask-wearing-1632931942875_png_jpg,2
c_kp698_jpg.jpg,train,c,c:kp698_jpg,1
a_000263_jpg.jpg,train,a,a:000263_jpg,1
a_006770_jpg.jpg,train,a,a:006770_jpg,4
b_image_1348_jpg.jpg,val,b,b:image_1348_jpg,3
c_helmet999616_jpg.jpg,train,c,c:helmet999616_jpg,1
a_006754_jpg.jpg,train,a,a:006754_jpg,6
c_005394_jpg.jpg,val,c,c:005394_jpg,2
c_no-mask_mov-1_jpg.jpg,train,c,c:no-mask_mov-1_jpg,1
c_005385_jpg.jpg,train,c,c:005385_jpg,6
c_N5h_img_177_jpg.jpg,train,c,c:N5h_img_177_jpg,1
a_001788_jpg.jpg,train,a,a:001788_jpg,9
c_Mask2_mov-49_jpg.jpg,train,c,c:Mask2_mov-49_jpg,1
c_kp1426_jpg.jpg,train,c,c:kp1426_jpg,1
c_nglovpp222_jpg.jpg,train,c,c:nglovpp222_jpg,2
c_shutterstock_1145933543-e1579497052960_jpg.jpg,train,c,c:shutterstock_1145933543-e1579497052960_jpg,1
a_004873_jpg.jpg,val,a,a:004873_jpg,3
b_9417812-serious-male-construction-worker-in-safety-vest-and-hard-hat_jpg.jpg,train,b,b:9417812-serious-male-construction-worker-in-safety-vest-and-hard-hat_jpg,4
c_PP02img644_jpg.jpg,train,c,c:PP02img644_jpg,6
c_PP02img391_jpg.jpg,train,c,c:PP02img391_jpg,5
c_packing1946_jpg.jpg,train,c,c:packing1946_jpg,2
a_003749_jpg.jpg,train,a,a:003749_jpg,5
a_000927_jpg.jpg,train,a,a:000927_jpg,6
c_mask-wearing-1632939847593_png_jpg.jpg,test,c,c:mask-wearing-1632939847593_png_jpg,1
b_ppe_1146_jpg.jpg,train,b,b:ppe_1146_jpg,4
a_000699_jpg.jpg,train,a,a:000699_jpg,3
c_PP02img519_jpg.jpg,train,c,c:PP02img519_jpg,6
c_helmet999525_jpg.jpg,train,c,c:helmet999525_jpg,2
c_nglov124_jpg.jpg,train,c,c:nglov124_jpg,3
b_ppe_0070_jpg.jpg,val,b,b:ppe_0070_jpg,3
c_goggle8765129_jpg.jpg,val,c,c:goggle8765129_jpg,3
c_nglov88_jpg.jpg,train,c,c:nglov88_jpg,2
b_image_916_jpg.jpg,val,b,b:image_916_jpg,3
b_Video3_155_jpg.jpg,train,b,b:Video3_155_jpg,6
c_packing59_jpg.jpg,train,c,c:packing59_jpg,1
a_005506_jpg.jpg,val,a,a:005506_jpg,2
c_helmet999936_jpg.jpg,train,c,c:helmet999936_jpg,1
a_006102_jpg.jpg,val,a,a:006102_jpg,2
b_ppe_1093_jpg.jpg,train,b,b:ppe_1093_jpg,2
c_img205_jpg.jpg,val,c,c:img205_jpg,3
c_003_1024_jpeg_jpg.jpg,train,c,c:003_1024_jpeg_jpg,3
c_nglovpp351_jpg.jpg,train,c,c:nglovpp351_jpg,3
a_004532_jpg.jpg,train,a,a:004532_jpg,4
c_kp578_jpg.jpg,val,c,c:kp578_jpg,2
c_005338_jpg.jpg,val,c,c:005338_jpg,2
b_ppe_1032_jpg.jpg,train,b,b:ppe_1032_jpg,2
b_image_136_jpg.jpg,train,b,b:image_136_jpg,2
c_mask-wearing-1632932169404_png_jpg.jpg,val,c,c:mask-wearing-1632932169404_png_jpg,1
b_Video3_38_jpg.jpg,train,b,b:Video3_38_jpg,4
c_PPE_Data_137_jpg.jpg,train,c,c:PPE_Data_137_jpg,3
c_PP02img1393_jpg.jpg,train,c,c:PP02img1393_jpg,5
c_packing1361_jpg.jpg,train,c,c:packing1361_jpg,2
b_ppe_0398_jpg.jpg,train,b,b:ppe_0398_jpg,6
b_ppe_0007_jpg.jpg,train,b,b:ppe_0007_jpg,1
c_frame2649--2-_jpg.jpg,test,c,c:frame2649--2-_jpg,3
a_006172_jpg.jpg,val,a,a:006172_jpg,12
c_kp1752_jpg.jpg,train,c,c:kp1752_jpg,1
c_p656213103_jpg.jpg,test,c,c:p656213103_jpg,1
b_image_482_jpg.jpg,val,b,b:image_482_jpg,3
c_nglovpp241_jpg.jpg,train,c,c:nglovpp241_jpg,3
a_005706_jpg.jpg,train,a,a:005706_jpg,3
b_Video4_267_jpg.jpg,train,b,b:Video4_267_jpg,6
b_ppe_1089_jpg.jpg,test,b,b:ppe_1089_jpg,2
c_roboflow-35_jpg.jpg,val,c,c:roboflow-35_jpg,9
b_ppe_0678_jpg.jpg,val,b,b:ppe_0678_jpg,25
c_img132_jpg.jpg,val,c,c:img132_jpg,2
a_006343_jpg.jpg,train,a,a:006343_jpg,1
c_packing1760_jpg.jpg,train,c,c:packing1760_jpg,1
b_ppe_1070_jpg.jpg,val,b,b:ppe_1070_jpg,15
c_packing723_jpg.jpg,train,c,c:packing723_jpg,1
b_ppe_0198_jpg.jpg,train,b,b:ppe_0198_jpg,9
c_frame1370_jpg.jpg,train,c,c:frame1370_jpg,0
a_006177_jpg.jpg,train,a,a:006177_jpg,1
c_goggle8765148_jpg.jpg,train,c,c:goggle8765148_jpg,4
c_helmet999506_jpg.jpg,train,c,c:helmet999506_jpg,1
c_PP02img1487_jpg.jpg,train,c,c:PP02img1487_jpg,6
a_003667_jpg.jpg,train,a,a:003667_jpg,2
a_003518_jpg.jpg,train,a,a:003518_jpg,1
c_kp1250_jpg.jpg,train,c,c:kp1250_jpg,1
c_helmet9991024_jpg.jpg,train,c,c:helmet9991024_jpg,1
a_005069_jpg.jpg,train,a,a:005069_jpg,2
a_006855_jpg.jpg,train,a,a:006855_jpg,5
c_kp1306_jpg.jpg,train,c,c:kp1306_jpg,1
a_003967_jpg.jpg,train,a,a:003967_jpg,7
c_packing1686_jpg.jpg,train,c,c:packing1686_jpg,2
c_packing1957_jpg.jpg,train,c,c:packing1957_jpg,1
a_002739_jpg.jpg,train,a,a:002739_jpg,1
c_PP02img909_jpg.jpg,val,c,c:PP02img909_jpg,2
c_PP02img749_jpg.jpg,train,c,c:PP02img749_jpg,5
a_001884_jpg.jpg,train,a,a:001884_jpg,2
c_PP02img1194_jpg.jpg,train,c,c:PP02img1194_jpg,2
c_IMG_4921-2_mp4-45_jpg.jpg,train,c,c:IMG_4921-2_mp4-45_jpg,1
c_packing1314_jpg.jpg,val,c,c:packing1314_jpg,1
c_nglov158_jpg.jpg,train,c,c:nglov158_jpg,3
a_001429_jpg.jpg,train,a,a:001429_jpg,1
c_packing284_jpg.jpg,train,c,c:packing284_jpg,2
c_packing793_jpg.jpg,train,c,c:packing793_jpg,1
c_packing1736_jpg.jpg,train,c,c:packing1736_jpg,2
c_helmet999646_jpg.jpg,train,c,c:helmet999646_jpg,1
b_Tan0207_jpg.jpg,val,b,b:Tan0207_jpg,1
a_004507_jpg.jpg,test,a,a:004507_jpg,5
b_ppe_0703_jpg.jpg,train,b,b:ppe_0703_jpg,6
b_Twalv0396_jpg.jpg,train,b,b:Twalv0396_jpg,2
c_PP02img345_jpg.jpg,train,c,c:PP02img345_jpg,5
c_frame1105_jpg.jpg,val,c,c:frame1105_jpg,1
c_fglov177_jpg.jpg,train,c,c:fglov177_jpg,2
c_soooo_jpg.jpg,train,c,c:soooo_jpg,4
c_NVR-09_Trim_new_Trim-2312_jpg.jpg,test,c,c:NVR-09_Trim_new_Trim-2312_jpg,0
a_004171_jpg.jpg,train,a,a:004171_jpg,5
a_006105_jpg.jpg,train,a,a:006105_jpg,2
c_PP02img1306_jpg.jpg,val,c,c:PP02img1306_jpg,3
c_PP02img599_jpg.jpg,train,c,c:PP02img599_jpg,7
c_N5h_img_153_jpg.jpg,train,c,c:N5h_img_153_jpg,1
c_fglov146_jpg.jpg,train,c,c:fglov146_jpg,3
b_image_224_jpg.jpg,train,b,b:image_224_jpg,4
c_kp146_jpg.jpg,train,c,c:kp146_jpg,1
c_packing319_jpg.jpg,train,c,c:packing319_jpg,3
b_image_1455_jpg.jpg,train,b,b:image_1455_jpg,10
c_IMG_4921-2_mp4-120_jpg.jpg,test,c,c:IMG_4921-2_mp4-120_jpg,1
c_kp653_jpg.jpg,train,c,c:kp653_jpg,2
a_004099_jpg.jpg,train,a,a:004099_jpg,1
c_kp288_jpg.jpg,test,c,c:kp288_jpg,1
c_kp1323_jpg.jpg,test,c,c:kp1323_jpg,1
c_packing1570_jpg.jpg,train,c,c:packing1570_jpg,3
a_005023_jpg.jpg,train,a,a:005023_jpg,3
b_images-2022-07-04T014014_jpg.jpg,train,b,b:images-2022-07-04T014014_jpg,1
c_packing1060_jpg.jpg,train,c,c:packing1060_jpg,1
c_packing259_jpg.jpg,train,c,c:packing259_jpg,1
c_Nhh_img_173_jpg.jpg,train,c,c:Nhh_img_173_jpg,1
b_Video4_76_jpg.jpg,train,b,b:Video4_76_jpg,4
b_Video4_22_jpg.jpg,train,b,b:Video4_22_jpg,4
c_helmet9991225_jpg.jpg,test,c,c:helmet9991225_jpg,1
c_PP02img1388_jpg.jpg,train,c,c:PP02img1388_jpg,5
a_005737_jpg.jpg,train,a,a:005737_jpg,1
c_frame735_jpg.jpg,train,c,c:frame735_jpg,3
c_REVZGCBIJNQPMIIXOKDCQA3GJI_jpg.jpg,train,c,c:REVZGCBIJNQPMIIXOKDCQA3GJI_jpg,6
c_img225_jpg.jpg,train,c,c:img225_jpg,4
b_Video3_37_jpg.jpg,test,b,b:Video3_37_jpg,4
c_kp357_jpg.jpg,val,c,c:kp357_jpg,1
c_packing1753_jpg.jpg,train,c,c:packing1753_jpg,1
a_003089_jpg.jpg,train,a,a:003089_jpg,3
a_006983_jpg.jpg,train,a,a:006983_jpg,1
a_006654_jpg.jpg,train,a,a:006654_jpg,1
b_ppe_0996_jpg.jpg,val,b,b:ppe_0996_jpg,4
a_001004_jpg.jpg,train,a,a:001004_jpg,2
c_005473_jpg.jpg,train,c,c:005473_jpg,1
c_fglov169_jpg.jpg,val,c,c:fglov169_jpg,3
c_PP02img1163_jpg.jpg,val,c,c:PP02img1163_jpg,4
c_PP02img528_jpg.jpg,train,c,c:PP02img528_jpg,6
b_image_351_jpg.jpg,train,b,b:image_351_jpg,6
a_006199_jpg.jpg,val,a,a:006199_jpg,2
a_005801_jpg.jpg,val,a,a:005801_jpg,2
c_frame1109_jpg.jpg,train,c,c:frame1109_jpg,0
c_15h_img_274_jpg.jpg,test,c,c:15h_img_274_jpg,1
c_img174_jpg.jpg,train,c,c:img174_jpg,4
c_nglovpp267_jpg.jpg,train,c,c:nglovpp267_jpg,3
c_PP02img1118_jpg.jpg,train,c,c:PP02img1118_jpg,5
c_soo-1-_jpg.jpg,train,c,c:soo-1-_jpg,6
c_helmet9991060_jpg.jpg,val,c,c:helmet9991060_jpg,1
c_08_11_2019-airpollution_234_19737819_192539446_jpg.jpg,train,c,c:08_11_2019-airpollution_234_19737819_192539446_jpg,2
c_packing1708_jpg.jpg,train,c,c:packing1708_jpg,2
c_PXL_20210930_152006292_jpg.jpg,train,c,c:PXL_20210930_152006292_jpg,1
b_ppe_0917_jpg.jpg,train,b,b:ppe_0917_jpg,6
a_003516_jpg.jpg,train,a,a:003516_jpg,5
c_frame3898_jpg.jpg,val,c,c:frame3898_jpg,2
a_004523_jpg.jpg,train,a,a:004523_jpg,15
c_PP02img637_jpg.jpg,train,c,c:PP02img637_jpg,3
c_packing1402_jpg.jpg,train,c,c:packing1402_jpg,3
a_000855_jpg.jpg,val,a,a:000855_jpg,9
a_005722_jpg.jpg,train,a,a:005722_jpg,2
a_006048_jpg.jpg,train,a,a:006048_jpg,4
a_001983_jpg.jpg,train,a,a:001983_jpg,1
c_PPE_Data_550_jpg.jpg,val,c,c:PPE_Data_550_jpg,2
a_002301_jpg.jpg,train,a,a:002301_jpg,9
c_packing1426_jpg.jpg,val,c,c:packing1426_jpg,1
c_kp1890_jpg.jpg,train,c,c:kp1890_jpg,1
b_image_1405_jpg.jpg,train,b,b:image_1405_jpg,2
c_005429_jpg.jpg,val,c,c:005429_jpg,9
a_003914_jpg.jpg,train,a,a:003914_jpg,11
b_Aitin0036_jpg.jpg,test,b,b:Aitin0036_jpg,5
c_PPE_Data_681_jpg.jpg,train,c,c:PPE_Data_681_jpg,0
a_006832_jpg.jpg,train,a,a:006832_jpg,1
a_003829_jpg.jpg,train,a,a:003829_jpg,1
c_kp112_jpg.jpg,test,c,c:kp112_jpg,1
c_frame18_jpg.jpg,train,c,c:frame18_jpg,0
a_000308_jpg.jpg,test,a,a:000308_jpg,3
c_frame1249_jpg.jpg,train,c,c:frame1249_jpg,0
a_000243_jpg.jpg,train,a,a:000243_jpg,6
b_image_225_jpg.jpg,train,b,b:image_225_jpg,6
c_p65213134_jpg.jpg,train,c,c:p65213134_jpg,1
a_003591_jpg.jpg,train,a,a:003591_jpg,5
c_packing1811_jpg.jpg,train,c,c:packing1811_jpg,1
c_packing527_jpg.jpg,train,c,c:packing527_jpg,1
c_helmet9991136_jpg.jpg,train,c,c:helmet9991136_jpg,1
b_ppe_1283_jpg.jpg,train,b,b:ppe_1283_jpg,2
c_frame1125_jpg.jpg,train,c,c:frame1125_jpg,1
b_Video3_235_jpg.jpg,val,b,b:Video3_235_jpg,3
c_p113189_jpg.jpg,test,c,c:p113189_jpg,1
b_Aitin2915_jpg.jpg,train,b,b:Aitin2915_jpg,11
b_image_954_jpg.jpg,train,b,b:image_954_jpg,3
b_ppe_0110_jpg.jpg,test,b,b:ppe_0110_jpg,2
a_006221_jpg.jpg,test,a,a:006221_jpg,4
a_007035_jpg.jpg,train,a,a:007035_jpg,3
c_helmet999799_jpg.jpg,train,c,c:helmet999799_jpg,1
c_fglov1137_jpg.jpg,train,c,c:fglov1137_jpg,4
c_kp156_jpg.jpg,train,c,c:kp156_jpg,1
c_goggle876570_jpg.jpg,train,c,c:goggle876570_jpg,4
c_Nhh_img_163_jpg.jpg,test,c,c:Nhh_img_163_jpg,2
c_frame3943_jpg.jpg,train,c,c:frame3943_jpg,3
c_packing1691_jpg.jpg,val,c,c:packing1691_jpg,2
c_PP02img405_jpg.jpg,train,c,c:PP02img405_jpg,4
a_002529_jpg.jpg,test,a,a:002529_jpg,4
a_003242_jpg.jpg,train,a,a:003242_jpg,4
c_img312_jpg.jpg,train,c,c:img312_jpg,2
b_ppe_1003_jpg.jpg,test,b,b:ppe_1003_jpg,4
a_006643_jpg.jpg,train,a,a:006643_jpg,3
a_001230_jpg.jpg,train,a,a:001230_jpg,1
a_002780_jpg.jpg,train,a,a:002780_jpg,1
b_images-2022-07-04T013203_jpg.jpg,train,b,b:images-2022-07-04T013203_jpg,2
c_helmet9991146_jpg.jpg,train,c,c:helmet9991146_jpg,1
a_004568_jpg.jpg,train,a,a:004568_jpg,1
a_003287_jpg.jpg,test,a,a:003287_jpg,14
b_image_1307_jpg.jpg,train,b,b:image_1307_jpg,5
c_packing323_jpg.jpg,train,c,c:packing323_jpg,2
c_packing14_jpg.jpg,train,c,c:packing14_jpg,3
a_003125_jpg.jpg,test,a,a:003125_jpg,12
c_nglov113_jpg.jpg,val,c,c:nglov113_jpg,3
a_001608_jpg.jpg,train,a,a:001608_jpg,9
c_packing1806_jpg.jpg,train,c,c:packing1806_jpg,2
b_51_JPG_jpg.jpg,train,b,b:51_JPG_jpg,1
c_Mask2_mov-33_jpg.jpg,train,c,c:Mask2_mov-33_jpg,1
a_000956_jpg.jpg,train,a,a:000956_jpg,6
b_image_688_jpg.jpg,test,b,b:image_688_jpg,3
b_ppe_0314_jpg.jpg,train,b,b:ppe_0314_jpg,2
c_packing727_jpg.jpg,train,c,c:packing727_jpg,1
c_kp1443_jpg.jpg,test,c,c:kp1443_jpg,1
c_kp1555_jpg.jpg,train,c,c:kp1555_jpg,2
b_KakaoTalk_20221018_001836614_12_jpg.jpg,train,b,b:KakaoTalk_20221018_001836614_12_jpg,4
a_002714_jpg.jpg,train,a,a:002714_jpg,1
b_ppe_0055_jpg.jpg,val,b,b:ppe_0055_jpg,2
c_img133_jpg.jpg,train,c,c:img133_jpg,3
a_004671_jpg.jpg,train,a,a:004671_jpg,3
a_001963_jpg.jpg,val,a,a:001963_jpg,11
c_packing1469_jpg.jpg,train,c,c:packing1469_jpg,2
a_004302_jpg.jpg,val,a,a:004302_jpg,2
c_005359_jpg.jpg,val,c,c:005359_jpg,2
c_packing154_jpg.jpg,train,c,c:packing154_jpg,3
c_packing1774_jpg.jpg,train,c,c:packing1774_jpg,1
c_MX_img_116_jpg.jpg,test,c,c:MX_img_116_jpg,1
c_PP02img43_jpg.jpg,test,c,c:PP02img43_jpg,4
c_p656213165_jpg.jpg,val,c,c:p656213165_jpg,1
c_kp577_jpg.jpg,train,c,c:kp577_jpg,2
c_p65621337_jpg.jpg,val,c,c:p65621337_jpg,1
c_nglovpp288_jpg.jpg,test,c,c:nglovpp288_jpg,3
c_helmet999608_jpg.jpg,train,c,c:helmet999608_jpg,1
c_Mask2_mov-48_jpg.jpg,val,c,c:Mask2_mov-48_jpg,1
c_PP02img241_jpg.jpg,train,c,c:PP02img241_jpg,4
a_005214_jpg.jpg,train,a,a:005214_jpg,1
c_packing709_jpg.jpg,train,c,c:packing709_jpg,1
c_frame752_jpg.jpg,val,c,c:frame752_jpg,1
a_006890_jpg.jpg,test,a,a:006890_jpg,4
a_003576_jpg.jpg,train,a,a:003576_jpg,1
a_004835_jpg.jpg,train,a,a:004835_jpg,8
a_005342_jpg.jpg,train,a,a:005342_jpg,3
c_helmet999918_jpg.jpg,val,c,c:helmet999918_jpg,2
c_kp1121_jpg.jpg,test,c,c:kp1121_jpg,1
a_004190_jpg.jpg,train,a,a:004190_jpg,4
c_PP02img365_jpg.jpg,train,c,c:PP02img365_jpg,4
c_packing1850_jpg.jpg,train,c,c:packing1850_jpg,1
b_image_1451_jpg.jpg,val,b,b:image_1451_jpg,2
b_image_649_jpg.jpg,val,b,b:image_649_jpg,3
c_kp1292_jpg.jpg,train,c,c:kp1292_jpg,1
b_AightDuo0294_jpg.jpg,val,b,b:AightDuo0294_jpg,5
c_fglov195_jpg.jpg,test,c,c:fglov195_jpg,4
c_nglov17_jpg.jpg,val,c,c:nglov17_jpg,4
c_kp293_jpg.jpg,val,c,c:kp293_jpg,1
a_000040_jpg.jpg,train,a,a:000040_jpg,3
c_img363_jpg.jpg,train,c,c:img363_jpg,2
a_003499_jpg.jpg,train,a,a:003499_jpg,1
c_kp1105_jpg.jpg,train,c,c:kp1105_jpg,1
a_005535_jpg.jpg,train,a,a:005535_jpg,6
c_packing1032_jpg.jpg,train,c,c:packing1032_jpg,2
c_PP02img679_jpg.jpg,train,c,c:PP02img679_jpg,4
b_Tan0125_jpg.jpg,train,b,b:Tan0125_jpg,1
c_kp1330_jpg.jpg,val,c,c:kp1330_jpg,1
c_kp1461_jpg.jpg,test,c,c:kp1461_jpg,1
a_006047_jpg.jpg,train,a,a:006047_jpg,4
c_kp1938_jpg.jpg,val,c,c:kp1938_jpg,1
a_004452_jpg.jpg,val,a,a:004452_jpg,5
b_Video2_35_jpg.jpg,train,b,b:Video2_35_jpg,4
c_Mask2_mov-28_jpg.jpg,val,c,c:Mask2_mov-28_jpg,1
c_PPE_Data_696_jpg.jpg,val,c,c:PPE_Data_696_jpg,2
a_003290_jpg.jpg,val,a,a:003290_jpg,2
c_frame115--2-_jpg.jpg,train,c,c:frame115--2-_jpg,1
c_frame1165--2-_jpg.jpg,train,c,c:frame1165--2-_jpg,0
a_003369_jpg.jpg,train,a,a:003369_jpg,3
c_fglov157_jpg.jpg,train,c,c:fglov157_jpg,4
b_Video2_166_jpg.jpg,test,b,b:Video2_166_jpg,4
a_003975_jpg.jpg,train,a,a:003975_jpg,3
a_004026_jpg.jpg,val,a,a:004026_jpg,4
b_image_629_jpg.jpg,test,b,b:image_629_jpg,3
b_00218_jpg.jpg,train,b,b:00218_jpg,12
c_Mask-detector1_mov-56_jpg.jpg,val,c,c:Mask-detector1_mov-56_jpg,1
b_ppe_1329_jpg.jpg,test,b,b:ppe_1329_jpg,2
c_frame1371_jpg.jpg,train,c,c:frame1371_jpg,0
c_PP02img335_jpg.jpg,train,c,c:PP02img335_jpg,3
c_PP02img1489_jpg.jpg,train,c,c:PP02img1489_jpg,4
c_packing290_jpg.jpg,train,c,c:packing290_jpg,1
c_packing1145_jpg.jpg,train,c,c:packing1145_jpg,1
c_no-mask_mov-20_jpg.jpg,train,c,c:no-mask_mov-20_jpg,1
c_kp349_jpg.jpg,train,c,c:kp349_jpg,1
a_006789_jpg.jpg,train,a,a:006789_jpg,9
c_packing530_jpg.jpg,train,c,c:packing530_jpg,2
c_kp1243_jpg.jpg,train,c,c:kp1243_jpg,1
c_005541_jpg.jpg,test,c,c:005541_jpg,4
c_p11349_jpg.jpg,train,c,c:p11349_jpg,1
a_001653_jpg.jpg,train,a,a:001653_jpg,5
c_Nhh_img_158_jpg.jpg,val,c,c:Nhh_img_158_jpg,2
c_nglovpp294_jpg.jpg,train,c,c:nglovpp294_jpg,2
c_PP02img306_jpg.jpg,train,c,c:PP02img306_jpg,4
b_r155_jpg.jpg,train,b,b:r155_jpg,2
a_000391_jpg.jpg,train,a,a:000391_jpg,3
c_fglov171_jpg.jpg,val,c,c:fglov171_jpg,4
a_003280_jpg.jpg,train,a,a:003280_jpg,1
a_006702_jpg.jpg,train,a,a:006702_jpg,3
c_nglovpp365_jpg.jpg,train,c,c:nglovpp365_jpg,2
a_004211_jpg.jpg,train,a,a:004211_jpg,7
b_image_999_jpg.jpg,test,b,b:image_999_jpg,3
c_helmet999731_jpg.jpg,train,c,c:helmet999731_jpg,1
c_packing612_jpg.jpg,train,c,c:packing612_jpg,3
c_MX_img_179_jpg.jpg,train,c,c:MX_img_179_jpg,1
c_PP02img1025_jpg.jpg,val,c,c:PP02img1025_jpg,3
c_PPE_Data_174_jpg.jpg,train,c,c:PPE_Data_174_jpg,1
c_kp580_jpg.jpg,train,c,c:kp580_jpg,2
c_frame1364_jpg.jpg,train,c,c:frame1364_jpg,0
c_fglov1146_jpg.jpg,train,c,c:fglov1146_jpg,5
c_kp1316_jpg.jpg,train,c,c:kp1316_jpg,1
c_PP02img3_jpg.jpg,train,c,c:PP02img3_jpg,5
c_kp1986_jpg.jpg,val,c,c:kp1986_jpg,1
b_ppe_0304_jpg.jpg,test,b,b:ppe_0304_jpg,2
c_frame1129_jpg.jpg,train,c,c:frame1129_jpg,0
c_img375_jpg.jpg,test,c,c:img375_jpg,4
c_img49_jpg.jpg,val,c,c:img49_jpg,3
c_kp1691_jpg.jpg,val,c,c:kp1691_jpg,1
c_img352_jpg.jpg,train,c,c:img352_jpg,2
b_ppe_0348_jpg.jpg,train,b,b:ppe_0348_jpg,8
c_PPE_Data_630_jpg.jpg,train,c,c:PPE_Data_630_jpg,2
a_000481_jpg.jpg,test,a,a:000481_jpg,4
c_img462_jpg.jpg,test,c,c:img462_jpg,2
b_images237_jpg.jpg,train,b,b:images237_jpg,3
c_nglov41_jpg.jpg,train,c,c:nglov41_jpg,1
c_PP02img246_jpg.jpg,train,c,c:PP02img246_jpg,4
a_002053_jpg.jpg,train,a,a:002053_jpg,1
c_PPE_Data_145_jpg.jpg,test,c,c:PPE_Data_145_jpg,2
c_packing1044_jpg.jpg,test,c,c:packing1044_jpg,1
a_006473_jpg.jpg,train,a,a:006473_jpg,1
b_00103_jpg.jpg,train,b,b:00103_jpg,3
a_000240_jpg.jpg,train,a,a:000240_jpg,3
c_PP02img850_jpg.jpg,train,c,c:PP02img850_jpg,1
b_Video4_243_jpg.jpg,train,b,b:Video4_243_jpg,4
c_frame1187_jpg.jpg,train,c,c:frame1187_jpg,0
c_nglov173_jpg.jpg,train,c,c:nglov173_jpg,3
c_img214_jpg.jpg,train,c,c:img214_jpg,3
a_003246_jpg.jpg,test,a,a:003246_jpg,5
c_kp1281_jpg.jpg,val,c,c:kp1281_jpg,1
c_frame1151--2-_jpg.jpg,train,c,c:frame1151--2-_jpg,0
c_PP02img869_jpg.jpg,train,c,c:PP02img869_jpg,1
c_packing1364_jpg.jpg,train,c,c:packing1364_jpg,2
b_image_715_jpg.jpg,train,b,b:image_715_jpg,5
b_ppe_0677_jpg.jpg,train,b,b:ppe_0677_jpg,3
c_nglov133_jpg.jpg,val,c,c:nglov133_jpg,3
a_005641_jpg.jpg,val,a,a:005641_jpg,3
a_004663_jpg.jpg,test,a,a:004663_jpg,5
c_IMG_4921-2_mp4-18_jpg.jpg,train,c,c:IMG_4921-2_mp4-18_jpg,1
c_img455_jpg.jpg,train,c,c:img455_jpg,4
a_002290_jpg.jpg,val,a,a:002290_jpg,30
c_NX_img_22_jpg.jpg,train,c,c:NX_img_22_jpg,1
b_Video4_236_jpg.jpg,val,b,b:Video4_236_jpg,4
c_IMG_4921-2_mp4-125_jpg.jpg,train,c,c:IMG_4921-2_mp4-125_jpg,1
c_005470_jpg.jpg,val,c,c:005470_jpg,2
a_000556_jpg.jpg,train,a,a:000556_jpg,1
b_image_314_jpg.jpg,test,b,b:image_314_jpg,3
c_frame1200--2-_jpg.jpg,test,c,c:frame1200--2-_jpg,0
c_frame87_jpg.jpg,train,c,c:frame87_jpg,3
c_PP02img1300_jpg.jpg,train,c,c:PP02img1300_jpg,1
c_frame3939_jpg.jpg,val,c,c:frame3939_jpg,3
c_PPE_Data_687_jpg.jpg,train,c,c:PPE_Data_687_jpg,2
a_003545_jpg.jpg,train,a,a:003545_jpg,7
c_kp315_jpg.jpg,val,c,c:kp315_jpg,1
a_001960_jpg.jpg,val,a,a:001960_jpg,2
c_packing12_jpg.jpg,train,c,c:packing12_jpg,2
c_p65213137_jpg.jpg,train,c,c:p65213137_jpg,1
c_packing239_jpg.jpg,test,c,c:packing239_jpg,2
c_nglovpp2148_jpg.jpg,train,c,c:nglovpp2148_jpg,4
c_img161_jpg.jpg,train,c,c:img161_jpg,2
c_packing632_jpg.jpg,train,c,c:packing632_jpg,2
b_image_1161_jpg.jpg,train,b,b:image_1161_jpg,6
c_kp1097_jpg.jpg,val,c,c:kp1097_jpg,3
c_packing1506_jpg.jpg,train,c,c:packing1506_jpg,3
c_packing507_jpg.jpg,train,c,c:packing507_jpg,1
c_PP02img363_jpg.jpg,test,c,c:PP02img363_jpg,5
b_ppe_0091_jpg.jpg,train,b,b:ppe_0091_jpg,1
c_N5h_img_114_jpg.jpg,test,c,c:N5h_img_114_jpg,2
c_PP02img174_jpg.jpg,test,c,c:PP02img174_jpg,3
a_003456_jpg.jpg,train,a,a:003456_jpg,4
b_image_213_jpg.jpg,train,b,b:image_213_jpg,5
a_001590_jpg.jpg,train,a,a:001590_jpg,1
c_kp905_jpg.jpg,train,c,c:kp905_jpg,1
c_helmet999894_jpg.jpg,train,c,c:helmet999894_jpg,1
c_005543_jpg.jpg,val,c,c:005543_jpg,2
c_PP02img332_jpg.jpg,train,c,c:PP02img332_jpg,5
c_kp555_jpg.jpg,train,c,c:kp555_jpg,2
c_p11336_jpg.jpg,val,c,c:p11336_jpg,1
a_005905_jpg.jpg,train,a,a:005905_jpg,2
c_PXL_20210930_151854592_jpg.jpg,train,c,c:PXL_20210930_151854592_jpg,1
c_packing1378_jpg.jpg,train,c,c:packing1378_jpg,1
c_frame552_jpg.jpg,train,c,c:frame552_jpg,4
c_kp998_jpg.jpg,train,c,c:kp998_jpg,1
c_kp507_jpg.jpg,train,c,c:kp507_jpg,1
c_packing976_jpg.jpg,train,c,c:packing976_jpg,1
b_image_55_jpg.jpg,train,b,b:image_55_jpg,2
c_img337_jpg.jpg,val,c,c:img337_jpg,4
c_PP02img503_jpg.jpg,train,c,c:PP02img503_jpg,6
c_PP02img81_jpg.jpg,train,c,c:PP02img81_jpg,4
b_image_1072_jpg.jpg,train,b,b:image_1072_jpg,2
c_PPE_Data_54_jpg.jpg,train,c,c:PPE_Data_54_jpg,0
c_kp1020_jpg.jpg,val,c,c:kp1020_jpg,1
c_no-mask_mov-17_jpg.jpg,train,c,c:no-mask_mov-17_jpg,1
a_004899_jpg.jpg,val,a,a:004899_jpg,5
c_p656213166_jpg.jpg,test,c,c:p656213166_jpg,1
a_003249_jpg.jpg,val,a,a:003249_jpg,2
c_packing1692_jpg.jpg,train,c,c:packing1692_jpg,2
c_packing1748_jpg.jpg,val,c,c:packing1748_jpg,2
b_ppe_0335_jpg.jpg,val,b,b:ppe_0335_jpg,2
a_001174_jpg.jpg,train,a,a:001174_jpg,1
a_003884_jpg.jpg,test,a,a:003884_jpg,5
b_ppe_0794_jpg.jpg,test,b,b:ppe_0794_jpg,2
b_image_545_jpg.jpg,train,b,b:image_545_jpg,3
c_packing1954_jpg.jpg,train,c,c:packing1954_jpg,2
c_kp1659_jpg.jpg,train,c,c:kp1659_jpg,1
a_006026_jpg.jpg,test,a,a:006026_jpg,28
a_005137_jpg.jpg,train,a,a:005137_jpg,6
c_packing1401_jpg.jpg,train,c,c:packing1401_jpg,1
c_fglov12_jpg.jpg,train,c,c:fglov12_jpg,2
c_kp980_jpg.jpg,train,c,c:kp980_jpg,1
c_PP02img972_jpg.jpg,train,c,c:PP02img972_jpg,3
c_frame310_jpg.jpg,train,c,c:frame310_jpg,1
c_packing1869_jpg.jpg,train,c,c:packing1869_jpg,1
c_kp1711_jpg.jpg,test,c,c:kp1711_jpg,1
c_nglovpp2101_jpg.jpg,train,c,c:nglovpp2101_jpg,4
b_image_210_jpg.jpg,train,b,b:image_210_jpg,4
b_00272_jpg.jpg,train,b,b:00272_jpg,2
a_001984_jpg.jpg,train,a,a:001984_jpg,3
c_Mask2_mov-62_jpg.jpg,val,c,c:Mask2_mov-62_jpg,1
c_kp1536_jpg.jpg,train,c,c:kp1536_jpg,1
b_image_1375_jpg.jpg,train,b,b:image_1375_jpg,9
c_packing1272_jpg.jpg,train,c,c:packing1272_jpg,1
c_thai_cov-transmission030220_jpg.jpg,train,c,c:thai_cov-transmission030220_jpg,13
c_PP02img492_jpg.jpg,train,c,c:PP02img492_jpg,5
c_fglov140_jpg.jpg,train,c,c:fglov140_jpg,4
c_frame772_jpg.jpg,val,c,c:frame772_jpg,3
b_ppe_0301_jpg.jpg,val,b,b:ppe_0301_jpg,5
c_PP02img179_jpg.jpg,train,c,c:PP02img179_jpg,4
a_000675_jpg.jpg,train,a,a:000675_jpg,5
c_Nhh_img_81_jpg.jpg,train,c,c:Nhh_img_81_jpg,1
c_packing584_jpg.jpg,val,c,c:packing584_jpg,3
c_goggle876593_jpg.jpg,train,c,c:goggle876593_jpg,2
b_ppe_0118_jpg.jpg,val,b,b:ppe_0118_jpg,2
b_image_1289_jpg.jpg,train,b,b:image_1289_jpg,4
c_PP02img624_jpg.jpg,train,c,c:PP02img624_jpg,3
b_ppe_0130_jpg.jpg,train,b,b:ppe_0130_jpg,13
b_ppe_0196_jpg.jpg,train,b,b:ppe_0196_jpg,17
a_002915_jpg.jpg,train,a,a:002915_jpg,5
a_000441_jpg.jpg,val,a,a:000441_jpg,2
b_ppe_0144_jpg.jpg,train,b,b:ppe_0144_jpg,3
c_img139_jpg.jpg,train,c,c:img139_jpg,4
a_001800_jpg.jpg,val,a,a:001800_jpg,7
a_005626_jpg.jpg,train,a,a:005626_jpg,3
c_frame292_jpg.jpg,train,c,c:frame292_jpg,1
a_001627_jpg.jpg,train,a,a:001627_jpg,4
b_00212_jpg.jpg,train,b,b:00212_jpg,1
c_goggle876534_jpg.jpg,train,c,c:goggle876534_jpg,3
b_ppe_0352_jpg.jpg,train,b,b:ppe_0352_jpg,7
c_frame296_jpg.jpg,train,c,c:frame296_jpg,1
c_frame79--3-_jpg.jpg,test,c,c:frame79--3-_jpg,2
a_006155_jpg.jpg,train,a,a:006155_jpg,1
b_ppe_1208_jpg.jpg,train,b,b:ppe_1208_jpg,9
c_MX_img_57_jpg.jpg,val,c,c:MX_img_57_jpg,1
a_004281_jpg.jpg,train,a,a:004281_jpg,3
c_packing938_jpg.jpg,train,c,c:packing938_jpg,1
a_004222_jpg.jpg,train,a,a:004222_jpg,2
b_image_565_jpg.jpg,val,b,b:image_565_jpg,13
c_N5h_img_11_jpg.jpg,test,c,c:N5h_img_11_jpg,2
c_packing532_jpg.jpg,train,c,c:packing532_jpg,1
c_packing1675_jpg.jpg,train,c,c:packing1675_jpg,2
c_helmet999700_jpg.jpg,train,c,c:helmet999700_jpg,1
b_Video3_28_jpg.jpg,train,b,b:Video3_28_jpg,4
c_kp490_jpg.jpg,val,c,c:kp490_jpg,1
c_packing1176_jpg.jpg,train,c,c:packing1176_jpg,1
c_helmet9991216_jpg.jpg,train,c,c:helmet9991216_jpg,1
c_packing1031_jpg.jpg,train,c,c:packing1031_jpg,2
c_frame1372_jpg.jpg,train,c,c:frame1372_jpg,0
c_NVR-09_Trim_new_Trim-2692_jpg.jpg,train,c,c:NVR-09_Trim_new_Trim-2692_jpg,3
c_005356_jpg.jpg,val,c,c:005356_jpg,2
c_frame55_jpg.jpg,val,c,c:frame55_jpg,1
c_005319_jpg.jpg,train,c,c:005319_jpg,1
c_PP02img160_jpg.jpg,val,c,c:PP02img160_jpg,3
c_kp1859_jpg.jpg,test,c,c:kp1859_jpg,1
c_005544_jpg.jpg,train,c,c:005544_jpg,10
c_005307_jpg.jpg,train,c,c:005307_jpg,1
a_003864_jpg.jpg,train,a,a:003864_jpg,3
c_15h_img_263_jpg.jpg,val,c,c:15h_img_263_jpg,1
a_004140_jpg.jpg,train,a,a:004140_jpg,5
c_packing178_jpg.jpg,train,c,c:packing178_jpg,2
c_kp1252_jpg.jpg,train,c,c:kp1252_jpg,1
c_kp881_jpg.jpg,train,c,c:kp881_jpg,1
c_PP02img537_jpg.jpg,val,c,c:PP02img537_jpg,7
a_005757_jpg.jpg,train,a,a:005757_jpg,3
c_kp923_jpg.jpg,train,c,c:kp923_jpg,1
b_ppe_1214_jpg.jpg,val,b,b:ppe_1214_jpg,2
c_nglovpp3191_jpg.jpg,train,c,c:nglovpp3191_jpg,2
c_PP02img460_jpg.jpg,train,c,c:PP02img460_jpg,4
a_002539_jpg.jpg,train,a,a:002539_jpg,2
c_packing310_jpg.jpg,train,c,c:packing310_jpg,2
c_packing1824_jpg.jpg,train,c,c:packing1824_jpg,2
a_005190_jpg.jpg,val,a,a:005190_jpg,2
c_img399_jpg.jpg,train,c,c:img399_jpg,3
c_frame979_jpg.jpg,val,c,c:frame979_jpg,1
c_N5h_img_12_jpg.jpg,val,c,c:N5h_img_12_jpg,3
c_kp1324_jpg.jpg,test,c,c:kp1324_jpg,1
c_005323_jpg.jpg,val,c,c:005323_jpg,3
b_image_209_jpg.jpg,train,b,b:image_209_jpg,4
b_ppe_1159_jpg.jpg,val,b,b:ppe_1159_jpg,3
c_N5h_img_110_jpg.jpg,test,c,c:N5h_img_110_jpg,2
c_kp534_jpg.jpg,train,c,c:kp534_jpg,2
c_kp1427_jpg.jpg,test,c,c:kp1427_jpg,1
b_image_861_jpg.jpg,val,b,b:image_861_jpg,3
c_kp240_jpg.jpg,train,c,c:kp240_jpg,1
a_001873_jpg.jpg,train,a,a:001873_jpg,1
c_frame707_jpg.jpg,train,c,c:frame707_jpg,1
c_005489_jpg.jpg,train,c,c:005489_jpg,1
a_000482_jpg.jpg,train,a,a:000482_jpg,1
c_frame135--2-_jpg.jpg,train,c,c:frame135--2-_jpg,2
c_nglovpp32_jpg.jpg,train,c,c:nglovpp32_jpg,2
c_005371_jpg.jpg,train,c,c:005371_jpg,6
c_frame82--3-_jpg.jpg,test,c,c:frame82--3-_jpg,2
c_PP02img1252_jpg.jpg,val,c,c:PP02img1252_jpg,3
c_PP02img1198_jpg.jpg,val,c,c:PP02img1198_jpg,3
c_packing103_jpg.jpg,val,c,c:packing103_jpg,2
b_ppe_1036_jpg.jpg,train,b,b:ppe_1036_jpg,1
a_006038_jpg.jpg,val,a,a:006038_jpg,12
b_Video4_81_jpg.jpg,val,b,b:Video4_81_jpg,4
a_002155_jpg.jpg,train,a,a:002155_jpg,1
a_006952_jpg.jpg,train,a,a:006952_jpg,3
c_IMG_4921-2_mp4-17_jpg.jpg,train,c,c:IMG_4921-2_mp4-17_jpg,1
c_frame132_jpg.jpg,val,c,c:frame132_jpg,2
a_006050_jpg.jpg,train,a,a:006050_jpg,6
c_frame554_jpg.jpg,train,c,c:frame554_jpg,4
b_ppe_0605_jpg.jpg,val,b,b:ppe_0605_jpg,2
a_000363_jpg.jpg,train,a,a:000363_jpg,1
c_goggle8765110_jpg.jpg,train,c,c:goggle8765110_jpg,3
c_packing255_jpg.jpg,train,c,c:packing255_jpg,1
c_frame2989_jpg.jpg,train,c,c:frame2989_jpg,2
a_006810_jpg.jpg,train,a,a:006810_jpg,1
a_003052_jpg.jpg,train,a,a:003052_jpg,7
c_PP02img1379_jpg.jpg,test,c,c:PP02img1379_jpg,3
b_ppe_0208_jpg.jpg,test,b,b:ppe_0208_jpg,2
c_Nhh_img_137_jpg.jpg,train,c,c:Nhh_img_137_jpg,1
b_ppe_0571_jpg.jpg,train,b,b:ppe_0571_jpg,7
c_frame637_jpg.jpg,train,c,c:frame637_jpg,0
c_frame3832_jpg.jpg,train,c,c:frame3832_jpg,3
c_nglovpp299_jpg.jpg,train,c,c:nglovpp299_jpg,3
c_frame607_jpg.jpg,train,c,c:frame607_jpg,2
c_frame2311_jpg.jpg,train,c,c:frame2311_jpg,0
b_ppe_0631_jpg.jpg,train,b,b:ppe_0631_jpg,6
a_002060_jpg.jpg,train,a,a:002060_jpg,7
a_000190_jpg.jpg,train,a,a:000190_jpg,1
b_Video1_57_jpg.jpg,train,b,b:Video1_57_jpg,5
c_helmet999577_jpg.jpg,val,c,c:helmet999577_jpg,1
b_ppe_1062_jpg.jpg,test,b,b:ppe_1062_jpg,2
c_PP02img632_jpg.jpg,train,c,c:PP02img632_jpg,6
c_PP02img962_jpg.jpg,train,c,c:PP02img962_jpg,3
a_003554_jpg.jpg,train,a,a:003554_jpg,1
c_PPE_Data_668_jpg.jpg,train,c,c:PPE_Data_668_jpg,4
b_ppe_0841_jpg.jpg,train,b,b:ppe_0841_jpg,9
a_001964_jpg.jpg,train,a,a:001964_jpg,9
c_mask-wearing-1632931997944_png_jpg.jpg,train,c,c:mask-wearing-1632931997944_png_jpg,4
c_frame2200_jpg.jpg,train,c,c:frame2200_jpg,0
c_packing1377_jpg.jpg,val,c,c:packing1377_jpg,1
c_nglovpp2167_jpg.jpg,train,c,c:nglovpp2167_jpg,3
c_nglovpp2150_jpg.jpg,train,c,c:nglovpp2150_jpg,3
b_KakaoTalk_20221018_001219713_24_jpg.jpg,val,b,b:KakaoTalk_20221018_001219713_24_jpg,4
b_Video3_13_jpg.jpg,train,b,b:Video3_13_jpg,5
c_p113107_jpg.jpg,test,c,c:p113107_jpg,1
c_kp96_jpg.jpg,val,c,c:kp96_jpg,1
c_NX_img_191_jpg.jpg,val,c,c:NX_img_191_jpg,1
a_005622_jpg.jpg,val,a,a:005622_jpg,2
b_ppe_1142_jpg.jpg,val,b,b:ppe_1142_jpg,4
b_ppe_0111_jpg.jpg,train,b,b:ppe_0111_jpg,8
a_006176_jpg.jpg,train,a,a:006176_jpg,1
c_PP02img1441_jpg.jpg,test,c,c:PP02img1441_jpg,5
a_005499_jpg.jpg,val,a,a:005499_jpg,4
a_002245_jpg.jpg,train,a,a:002245_jpg,7
c_packing142_jpg.jpg,train,c,c:packing142_jpg,3
c_packing1501_jpg.jpg,test,c,c:packing1501_jpg,2
a_001074_jpg.jpg,val,a,a:001074_jpg,3
b_ppe_0973_jpg.jpg,train,b,b:ppe_0973_jpg,4
a_002658_jpg.jpg,train,a,a:002658_jpg,5
b_image_654_jpg.jpg,val,b,b:image_654_jpg,3
c_mo-justin-mask-NoMask_mov-24_jpg.jpg,train,c,c:mo-justin-mask-NoMask_mov-24_jpg,2
c_PP02img856_jpg.jpg,train,c,c:PP02img856_jpg,2
c_img211_jpg.jpg,train,c,c:img211_jpg,4
c_helmet9991047_jpg.jpg,train,c,c:helmet9991047_jpg,1
c_nglovpp230_jpg.jpg,train,c,c:nglovpp230_jpg,2
a_003253_jpg.jpg,train,a,a:003253_jpg,1
c_helmet999596_jpg.jpg,train,c,c:helmet999596_jpg,1
c_packing1807_jpg.jpg,train,c,c:packing1807_jpg,1
c_Inside-merge_mov-22_jpg.jpg,train,c,c:Inside-merge_mov-22_jpg,0
a_001675_jpg.jpg,train,a,a:001675_jpg,7
a_004178_jpg.jpg,train,a,a:004178_jpg,3
a_003923_jpg.jpg,train,a,a:003923_jpg,1
c_packing544_jpg.jpg,train,c,c:packing544_jpg,1
c_IMG_4921-2_mp4-31_jpg.jpg,train,c,c:IMG_4921-2_mp4-31_jpg,1
c_frame746_jpg.jpg,test,c,c:frame746_jpg,1
c_kp500_jpg.jpg,train,c,c:kp500_jpg,1
b_ppe_1187_jpg.jpg,train,b,b:ppe_1187_jpg,4
b_Video4_273_jpg.jpg,train,b,b:Video4_273_jpg,4
a_002084_jpg.jpg,train,a,a:002084_jpg,5
c_PP02img218_jpg.jpg,train,c,c:PP02img218_jpg,1
c_MX_img_89_jpg.jpg,train,c,c:MX_img_89_jpg,1
c_packing1300_jpg.jpg,train,c,c:packing1300_jpg,2
b_image_1407_jpg.jpg,test,b,b:image_1407_jpg,8
c_kp794_jpg.jpg,train,c,c:kp794_jpg,1
c_PP02img943_jpg.jpg,train,c,c:PP02img943_jpg,1
c_kp1963_jpg.jpg,train,c,c:kp1963_jpg,1
c_kp1078_jpg.jpg,val,c,c:kp1078_jpg,1
c_kp1557_jpg.jpg,train,c,c:kp1557_jpg,2
b_ppe_0047_jpg.jpg,test,b,b:ppe_0047_jpg,2
c_helmet999762_jpg.jpg,val,c,c:helmet999762_jpg,1
c_no-mask_mov-7_jpg.jpg,test,c,c:no-mask_mov-7_jpg,1
c_PPE_Data_545_jpg.jpg,train,c,c:PPE_Data_545_jpg,2
c_kp321_jpg.jpg,train,c,c:kp321_jpg,1
a_004872_jpg.jpg,test,a,a:004872_jpg,2
c_kp1216_jpg.jpg,train,c,c:kp1216_jpg,1
a_001388_jpg.jpg,train,a,a:001388_jpg,10
c_packing605_jpg.jpg,train,c,c:packing605_jpg,2
a_001570_jpg.jpg,train,a,a:001570_jpg,3
c_PP02img1033_jpg.jpg,train,c,c:PP02img1033_jpg,3
c_img14_jpg.jpg,test,c,c:img14_jpg,5
c_kp1223_jpg.jpg,train,c,c:kp1223_jpg,1
c_packing1203_jpg.jpg,train,c,c:packing1203_jpg,1
b_image_1031_jpg.jpg,train,b,b:image_1031_jpg,3
b_Video2_186_jpg.jpg,train,b,b:Video2_186_jpg,4
c_packing562_jpg.jpg,train,c,c:packing562_jpg,2
c_img291_jpg.jpg,train,c,c:img291_jpg,4
a_000417_jpg.jpg,train,a,a:000417_jpg,1
a_001533_jpg.jpg,train,a,a:001533_jpg,5
c_helmet9991207_jpg.jpg,test,c,c:helmet9991207_jpg,1
c_img382_jpg.jpg,train,c,c:img382_jpg,2
c_helmet999692_jpg.jpg,train,c,c:helmet999692_jpg,1
a_000757_jpg.jpg,train,a,a:000757_jpg,1
a_006656_jpg.jpg,val,a,a:006656_jpg,2
c_helmet999634_jpg.jpg,train,c,c:helmet999634_jpg,1
c_frame1233_jpg.jpg,val,c,c:frame1233_jpg,0
c_PP02img78_jpg.jpg,train,c,c:PP02img78_jpg,3
c_packing1065_jpg.jpg,train,c,c:packing1065_jpg,1
c_helmet9991070_jpg.jpg,train,c,c:helmet9991070_jpg,1
c_Inside-merge_mov-2_jpg.jpg,train,c,c:Inside-merge_mov-2_jpg,0
b_ppe_0080_jpg.jpg,val,b,b:ppe_0080_jpg,4
c_PPE_Data_185_jpg.jpg,val,c,c:PPE_Data_185_jpg,4
a_006698_jpg.jpg,train,a,a:006698_jpg,1
c_PP02img1177_jpg.jpg,train,c,c:PP02img1177_jpg,5
a_000220_jpg.jpg,train,a,a:000220_jpg,10
c_packing1339_jpg.jpg,val,c,c:packing1339_jpg,1
c_PP02img399_jpg.jpg,val,c,c:PP02img399_jpg,6
c_packing1277_jpg.jpg,val,c,c:packing1277_jpg,1
b_ppe_1110_jpg.jpg,train,b,b:ppe_1110_jpg,2
c_packing1555_jpg.jpg,train,c,c:packing1555_jpg,3
c_kp1839_jpg.jpg,train,c,c:kp1839_jpg,1
b_image_637_jpg.jpg,train,b,b:image_637_jpg,3
c_kp1700_jpg.jpg,train,c,c:kp1700_jpg,1
c_005479_jpg.jpg,train,c,c:005479_jpg,5
c_kp976_jpg.jpg,train,c,c:kp976_jpg,1
a_005294_jpg.jpg,train,a,a:005294_jpg,3
c_PPE_Data_508_jpg.jpg,train,c,c:PPE_Data_508_jpg,0
a_000638_jpg.jpg,train,a,a:000638_jpg,8
c_PP02img622_jpg.jpg,train,c,c:PP02img622_jpg,4
c_img7_jpg.jpg,train,c,c:img7_jpg,6
a_002477_jpg.jpg,val,a,a:002477_jpg,5
a_001237_jpg.jpg,train,a,a:001237_jpg,5
b_image_453_jpg.jpg,train,b,b:image_453_jpg,5
c_PP02img441_jpg.jpg,train,c,c:PP02img441_jpg,5
c_Nhh_img_178_jpg.jpg,train,c,c:Nhh_img_178_jpg,1
c_005484_jpg.jpg,train,c,c:005484_jpg,10
c_helmet999518_jpg.jpg,val,c,c:helmet999518_jpg,3
a_001849_jpg.jpg,train,a,a:001849_jpg,17
c_helmet999601_jpg.jpg,train,c,c:helmet999601_jpg,1
c_frame240_jpg.jpg,train,c,c:frame240_jpg,1
a_005962_jpg.jpg,train,a,a:005962_jpg,6
c_PP02img480_jpg.jpg,train,c,c:PP02img480_jpg,4
c_kp1479_jpg.jpg,train,c,c:kp1479_jpg,1
c_005344_jpg.jpg,val,c,c:005344_jpg,2
a_001481_jpg.jpg,train,a,a:001481_jpg,1
c_packing1905_jpg.jpg,train,c,c:packing1905_jpg,1
b_image_1126_jpg.jpg,test,b,b:image_1126_jpg,3
c_img380_jpg.jpg,val,c,c:img380_jpg,3
b_Video4_34_jpg.jpg,train,b,b:Video4_34_jpg,4
c_nglov177_jpg.jpg,val,c,c:nglov177_jpg,2
a_004939_jpg.jpg,val,a,a:004939_jpg,2
a_003217_jpg.jpg,train,a,a:003217_jpg,7
a_003985_jpg.jpg,train,a,a:003985_jpg,1
c_nglovpp269_jpg.jpg,train,c,c:nglovpp269_jpg,2
b_ppe_0471_jpg.jpg,train,b,b:ppe_0471_jpg,4
c_kp967_jpg.jpg,val,c,c:kp967_jpg,1
c_goggle8765100_jpg.jpg,train,c,c:goggle8765100_jpg,1
a_005932_jpg.jpg,train,a,a:005932_jpg,1
c_packing867_jpg.jpg,val,c,c:packing867_jpg,3
a_001837_jpg.jpg,train,a,a:001837_jpg,16
a_001594_jpg.jpg,test,a,a:001594_jpg,6
a_001183_jpg.jpg,test,a,a:001183_jpg,11
a_006255_jpg.jpg,val,a,a:006255_jpg,9
c_frame559_jpg.jpg,train,c,c:frame559_jpg,4
c_fglov1142_jpg.jpg,train,c,c:fglov1142_jpg,3
c_PP02img1043_jpg.jpg,train,c,c:PP02img1043_jpg,4
b_ppe_0649_jpg.jpg,train,b,b:ppe_0649_jpg,8
c_PP02img58_jpg.jpg,train,c,c:PP02img58_jpg,7
c_PP02img684_jpg.jpg,train,c,c:PP02img684_jpg,4
a_005406_jpg.jpg,val,a,a:005406_jpg,2
c_kp1495_jpg.jpg,train,c,c:kp1495_jpg,1
c_p113135_jpg.jpg,val,c,c:p113135_jpg,1
a_005175_jpg.jpg,train,a,a:005175_jpg,1
c_p656213161_jpg.jpg,train,c,c:p656213161_jpg,1
a_002354_jpg.jpg,val,a,a:002354_jpg,5
b_ppe_1228_jpg.jpg,val,b,b:ppe_1228_jpg,3
a_007045_jpg.jpg,train,a,a:007045_jpg,1
b_Video3_140_jpg.jpg,train,b,b:Video3_140_jpg,4
c_packing165_jpg.jpg,train,c,c:packing165_jpg,2
c_packing742_jpg.jpg,test,c,c:packing742_jpg,1
c_packing1887_jpg.jpg,val,c,c:packing1887_jpg,1
c_fglov18_jpg.jpg,train,c,c:fglov18_jpg,4
a_002933_jpg.jpg,train,a,a:002933_jpg,1
c_MX_img_94_jpg.jpg,train,c,c:MX_img_94_jpg,2
c_MX_img_84_jpg.jpg,train,c,c:MX_img_84_jpg,1
c_frame1186_jpg.jpg,val,c,c:frame1186_jpg,0
c_PP02img871_jpg.jpg,val,c,c:PP02img871_jpg,1
c_p656213125_jpg.jpg,test,c,c:p656213125_jpg,1
b_image_1228_jpg.jpg,train,b,b:image_1228_jpg,1
c_kp800_jpg.jpg,train,c,c:kp800_jpg,1
b_image_120_jpg.jpg,train,b,b:image_120_jpg,6
c_PPE_Data_190_jpg.jpg,train,c,c:PPE_Data_190_jpg,2
c_PP02img954_jpg.jpg,train,c,c:PP02img954_jpg,2
c_goggle876576_jpg.jpg,train,c,c:goggle876576_jpg,5
c_kp424_jpg.jpg,train,c,c:kp424_jpg,1
c_img98_jpg.jpg,train,c,c:img98_jpg,4
c_frame3756_jpg.jpg,train,c,c:frame3756_jpg,3
c_frame1116_jpg.jpg,train,c,c:frame1116_jpg,1
c_goggle8765144_jpg.jpg,train,c,c:goggle8765144_jpg,2
a_006037_jpg.jpg,train,a,a:006037_jpg,7
a_003309_jpg.jpg,val,a,a:003309_jpg,2
c_kp516_jpg.jpg,test,c,c:kp516_jpg,2
a_005113_jpg.jpg,train,a,a:005113_jpg,7
b_ppe_1266_jpg.jpg,val,b,b:ppe_1266_jpg,2
b_Video1_22_jpg.jpg,train,b,b:Video1_22_jpg,4
c_fglov1161_jpg.jpg,val,c,c:fglov1161_jpg,2
c_packing1683_jpg.jpg,train,c,c:packing1683_jpg,3
c_PP02img889_jpg.jpg,train,c,c:PP02img889_jpg,1
a_000049_jpg.jpg,train,a,a:000049_jpg,2
c_packing315_jpg.jpg,train,c,c:packing315_jpg,2
c_kp560_jpg.jpg,train,c,c:kp560_jpg,2
a_000183_jpg.jpg,train,a,a:000183_jpg,1
c_kp1751_jpg.jpg,train,c,c:kp1751_jpg,1
b_Video3_136_jpg.jpg,train,b,b:Video3_136_jpg,4
b_Video1_210_jpg.jpg,train,b,b:Video1_210_jpg,4
c_p651342_jpg.jpg,train,c,c:p651342_jpg,1
c_PP02img1383_jpg.jpg,train,c,c:PP02img1383_jpg,2
c_PP02img1477_jpg.jpg,train,c,c:PP02img1477_jpg,3
b_Video4_245_jpg.jpg,train,b,b:Video4_245_jpg,4
a_002209_jpg.jpg,train,a,a:002209_jpg,2
c_kp1062_jpg.jpg,train,c,c:kp1062_jpg,2
c_nglov48_jpg.jpg,train,c,c:nglov48_jpg,1
a_004136_jpg.jpg,train,a,a:004136_jpg,2
c_packing1494_jpg.jpg,val,c,c:packing1494_jpg,1
c_MX_img_171_jpg.jpg,val,c,c:MX_img_171_jpg,1
c_kp1653_jpg.jpg,val,c,c:kp1653_jpg,1
c_PP02img550_jpg.jpg,test,c,c:PP02img550_jpg,6
c_frame2302_jpg.jpg,train,c,c:frame2302_jpg,2
c_helmet999681_jpg.jpg,train,c,c:helmet999681_jpg,1
c_nglov110_jpg.jpg,test,c,c:nglov110_jpg,3
c_kp225_jpg.jpg,val,c,c:kp225_jpg,1
c_frame443_jpg.jpg,train,c,c:frame443_jpg,2
c_helmet9991007_jpg.jpg,val,c,c:helmet9991007_jpg,1
a_006053_jpg.jpg,train,a,a:006053_jpg,7
c_nglovpp24_jpg.jpg,train,c,c:nglovpp24_jpg,3
a_001117_jpg.jpg,train,a,a:001117_jpg,14
a_000622_jpg.jpg,train,a,a:000622_jpg,3
c_packing1025_jpg.jpg,train,c,c:packing1025_jpg,1
b_ppe_0641_jpg.jpg,val,b,b:ppe_0641_jpg,5
c_nglov191_jpg.jpg,test,c,c:nglov191_jpg,3
a_002700_jpg.jpg,train,a,a:002700_jpg,5
b_image_418_jpg.jpg,val,b,b:image_418_jpg,3
c_helmet999999_jpg.jpg,val,c,c:helmet999999_jpg,1
a_003013_jpg.jpg,train,a,a:003013_jpg,1
a_002463_jpg.jpg,val,a,a:002463_jpg,24
c_frame3830_jpg.jpg,train,c,c:frame3830_jpg,3
a_003142_jpg.jpg,train,a,a:003142_jpg,3
c_goggle876561_jpg.jpg,train,c,c:goggle876561_jpg,4
c_PP02img1349_jpg.jpg,train,c,c:PP02img1349_jpg,7
c_helmet999767_jpg.jpg,train,c,c:helmet999767_jpg,2
c_kp992_jpg.jpg,val,c,c:kp992_jpg,1
c_p11387_jpg.jpg,train,c,c:p11387_jpg,1
c_packing212_jpg.jpg,train,c,c:packing212_jpg,2
a_001009_jpg.jpg,train,a,a:001009_jpg,4
b_images-2022-07-04T012941-1-_jpg.jpg,val,b,b:images-2022-07-04T012941-1-_jpg,2
c_PPE_Data_36_jpg.jpg,val,c,c:PPE_Data_36_jpg,1
a_005181_jpg.jpg,val,a,a:005181_jpg,2
c_helmet9991037_jpg.jpg,val,c,c:helmet9991037_jpg,1
a_002275_jpg.jpg,train,a,a:002275_jpg,2
c_005322_jpg.jpg,train,c,c:005322_jpg,1
b_ppe_0706_jpg.jpg,train,b,b:ppe_0706_jpg,8
c_PP02img1444_jpg.jpg,train,c,c:PP02img1444_jpg,5
a_004327_jpg.jpg,train,a,a:004327_jpg,12
c_packing16_jpg.jpg,train,c,c:packing16_jpg,1
b_image_1496_jpg.jpg,train,b,b:image_1496_jpg,3
a_000287_jpg.jpg,val,a,a:000287_jpg,4
c_p113149_jpg.jpg,val,c,c:p113149_jpg,1
c_kp1066_jpg.jpg,val,c,c:kp1066_jpg,1
c_nglov69_jpg.jpg,val,c,c:nglov69_jpg,2
b_Video4_67_jpg.jpg,train,b,b:Video4_67_jpg,6
c_kp638_jpg.jpg,train,c,c:kp638_jpg,2
c_frame1421_jpg.jpg,train,c,c:frame1421_jpg,1
c_frame1275_jpg.jpg,train,c,c:frame1275_jpg,0
b_ppe_0158_jpg.jpg,train,b,b:ppe_0158_jpg,4
c_packing1716_jpg.jpg,train,c,c:packing1716_jpg,1
a_004619_jpg.jpg,train,a,a:004619_jpg,5
a_004780_jpg.jpg,train,a,a:004780_jpg,6
c_frame778_jpg.jpg,train,c,c:frame778_jpg,3
c_packing1134_jpg.jpg,train,c,c:packing1134_jpg,2
a_002608_jpg.jpg,train,a,a:002608_jpg,1
c_kp844_jpg.jpg,train,c,c:kp844_jpg,1
c_kp1498_jpg.jpg,train,c,c:kp1498_jpg,1
c_packing825_jpg.jpg,train,c,c:packing825_jpg,2
b_image_431_jpg.jpg,val,b,b:image_431_jpg,4
a_001528_jpg.jpg,val,a,a:001528_jpg,3
c_kp1727_jpg.jpg,val,c,c:kp1727_jpg,1
c_helmet9991183_jpg.jpg,val,c,c:helmet9991183_jpg,1
a_005687_jpg.jpg,val,a,a:005687_jpg,2
c_PP02img244_jpg.jpg,train,c,c:PP02img244_jpg,4
c_nglov199_jpg.jpg,test,c,c:nglov199_jpg,2
c_packing1832_jpg.jpg,train,c,c:packing1832_jpg,1
b_image_1381_jpg.jpg,train,b,b:image_1381_jpg,1
c_frame129--2-_jpg.jpg,val,c,c:frame129--2-_jpg,2
c_frame1115_jpg.jpg,val,c,c:frame1115_jpg,1
c_PP02img1265_jpg.jpg,train,c,c:PP02img1265_jpg,4
c_goggle876590_jpg.jpg,train,c,c:goggle876590_jpg,5
c_nglovpp238_jpg.jpg,train,c,c:nglovpp238_jpg,3
c_MX_img_113_jpg.jpg,test,c,c:MX_img_113_jpg,1
b_image_520_jpg.jpg,train,b,b:image_520_jpg,6
a_002452_jpg.jpg,train,a,a:002452_jpg,2
a_002365_jpg.jpg,train,a,a:002365_jpg,4
b_ppe_0906_jpg.jpg,train,b,b:ppe_0906_jpg,4
a_005356_jpg.jpg,train,a,a:005356_jpg,4
a_006930_jpg.jpg,train,a,a:006930_jpg,4
c_PP02img781_jpg.jpg,val,c,c:PP02img781_jpg,4
a_006494_jpg.jpg,train,a,a:006494_jpg,5
a_002050_jpg.jpg,val,a,a:002050_jpg,3
c_005529_jpg.jpg,val,c,c:005529_jpg,2
c_mask-wearing-1632939814594_png_jpg.jpg,test,c,c:mask-wearing-1632939814594_png_jpg,1
b_ppe_1059_jpg.jpg,train,b,b:ppe_1059_jpg,7
c_PP02img1439_jpg.jpg,train,c,c:PP02img1439_jpg,6
c_packing1156_jpg.jpg,train,c,c:packing1156_jpg,1
a_004079_jpg.jpg,val,a,a:004079_jpg,2
c_nglovpp278_jpg.jpg,train,c,c:nglovpp278_jpg,2
c_PP02img692_jpg.jpg,val,c,c:PP02img692_jpg,4
c_1580173904-0001oc33f_jpg.jpg,train,c,c:1580173904-0001oc33f_jpg,15
c_N5h_img_141_jpg.jpg,train,c,c:N5h_img_141_jpg,1
c_img430_jpg.jpg,train,c,c:img430_jpg,5
c_kp1377_jpg.jpg,train,c,c:kp1377_jpg,1
a_005647_jpg.jpg,train,a,a:005647_jpg,9
a_002799_jpg.jpg,val,a,a:002799_jpg,3
c_MX_img_86_jpg.jpg,val,c,c:MX_img_86_jpg,1
c_N5h_img_241_jpg.jpg,train,c,c:N5h_img_241_jpg,1
b_Video2_15_jpg.jpg,train,b,b:Video2_15_jpg,6
a_004884_jpg.jpg,train,a,a:004884_jpg,6
c_Inside-merge_mov-51_jpg.jpg,train,c,c:Inside-merge_mov-51_jpg,0
c_p113191_jpg.jpg,train,c,c:p113191_jpg,1
a_002766_jpg.jpg,val,a,a:002766_jpg,6
a_004743_jpg.jpg,train,a,a:004743_jpg,10
c_PP02img379_jpg.jpg,test,c,c:PP02img379_jpg,4
b_Image_ipg-1381-_jpg.jpg,train,b,b:Image_ipg-1381-_jpg,1
b_image_1418_jpg.jpg,val,b,b:image_1418_jpg,4
c_kp1367_jpg.jpg,val,c,c:kp1367_jpg,1
a_001023_jpg.jpg,train,a,a:001023_jpg,8
b_image_134_jpg.jpg,train,b,b:image_134_jpg,1
c_15h_img_280_jpg.jpg,train,c,c:15h_img_280_jpg,1
b_ppe_0642_jpg.jpg,train,b,b:ppe_0642_jpg,6
c_packing505_jpg.jpg,val,c,c:packing505_jpg,1
c_packing885_jpg.jpg,train,c,c:packing885_jpg,1
c_frame1356_jpg.jpg,train,c,c:frame1356_jpg,0
c_PP02img845_jpg.jpg,train,c,c:PP02img845_jpg,2
a_000055_jpg.jpg,train,a,a:000055_jpg,1
c_frame80--2-_jpg.jpg,test,c,c:frame80--2-_jpg,2
c_PP02img288_jpg.jpg,val,c,c:PP02img288_jpg,5
a_001605_jpg.jpg,train,a,a:001605_jpg,11
c_PP02img745_jpg.jpg,train,c,c:PP02img745_jpg,3
c_helmet999909_jpg.jpg,val,c,c:helmet999909_jpg,2
c_p651311_jpg.jpg,train,c,c:p651311_jpg,1
c_p11329_jpg.jpg,train,c,c:p11329_jpg,1
b_ppe_0702_jpg.jpg,test,b,b:ppe_0702_jpg,3
c_frame2414_jpg.jpg,train,c,c:frame2414_jpg,0
b_ppe_1206_jpg.jpg,train,b,b:ppe_1206_jpg,2
c_packing1573_jpg.jpg,train,c,c:packing1573_jpg,4
b_ppe_0222_jpg.jpg,train,b,b:ppe_0222_jpg,4
a_005515_jpg.jpg,train,a,a:005515_jpg,3
c_packing785_jpg.jpg,train,c,c:packing785_jpg,1
a_001368_jpg.jpg,train,a,a:001368_jpg,1
c_kp1357_jpg.jpg,train,c,c:kp1357_jpg,1
b_ppe_0031_jpg.jpg,val,b,b:ppe_0031_jpg,3
c_frame1183_jpg.jpg,val,c,c:frame1183_jpg,0
a_001578_jpg.jpg,val,a,a:001578_jpg,11
b_ppe_1050_jpg.jpg,train,b,b:ppe_1050_jpg,1
c_p11331_jpg.jpg,val,c,c:p11331_jpg,1
c_IMG_4921-2_mp4-122_jpg.jpg,val,c,c:IMG_4921-2_mp4-122_jpg,1
c_N5h_img_242_jpg.jpg,train,c,c:N5h_img_242_jpg,1
c_helmet9991077_jpg.jpg,train,c,c:helmet9991077_jpg,1
c_PP02img894_jpg.jpg,train,c,c:PP02img894_jpg,1
a_004655_jpg.jpg,train,a,a:004655_jpg,1
a_000483_jpg.jpg,train,a,a:000483_jpg,1
a_001303_jpg.jpg,val,a,a:001303_jpg,6
c_PPE_Data_701_jpg.jpg,train,c,c:PPE_Data_701_jpg,2
c_kp1822_jpg.jpg,train,c,c:kp1822_jpg,1
c_packing1923_jpg.jpg,val,c,c:packing1923_jpg,1
c_nglovpp2200_jpg.jpg,train,c,c:nglovpp2200_jpg,3
c_PP02img1082_jpg.jpg,train,c,c:PP02img1082_jpg,4
a_006207_jpg.jpg,train,a,a:006207_jpg,2
a_006021_jpg.jpg,train,a,a:006021_jpg,8
a_003797_jpg.jpg,train,a,a:003797_jpg,8
b_image_590_jpg.jpg,val,b,b:image_590_jpg,5
c_phpM5suKS_jpg.jpg,train,c,c:phpM5suKS_jpg,6
c_NX_img_165_jpg.jpg,train,c,c:NX_img_165_jpg,1
b_image_1127_jpg.jpg,train,b,b:image_1127_jpg,1
a_002251_jpg.jpg,train,a,a:002251_jpg,3
a_006147_jpg.jpg,train,a,a:006147_jpg,1
a_004450_jpg.jpg,train,a,a:004450_jpg,1
a_005484_jpg.jpg,train,a,a:005484_jpg,11
c_005452_jpg.jpg,train,c,c:005452_jpg,4
c_kp1906_jpg.jpg,train,c,c:kp1906_jpg,1
c_PP02img465_jpg.jpg,val,c,c:PP02img465_jpg,4
c_fglov1144_jpg.jpg,train,c,c:fglov1144_jpg,4
b_ppe_0849_jpg.jpg,train,b,b:ppe_0849_jpg,6
c_frame3907_jpg.jpg,train,c,c:frame3907_jpg,2
c_img142_jpg.jpg,train,c,c:img142_jpg,4
c_helmet9991206_jpg.jpg,train,c,c:helmet9991206_jpg,1
c_helmet9991095_jpg.jpg,train,c,c:helmet9991095_jpg,1
c_PPE_Data_689_jpg.jpg,test,c,c:PPE_Data_689_jpg,2
c_PP02img4_jpg.jpg,train,c,c:PP02img4_jpg,3
b_ppe_1325_jpg.jpg,train,b,b:ppe_1325_jpg,6
b_ppe_1200_jpg.jpg,train,b,b:ppe_1200_jpg,3
c_kp780_jpg.jpg,train,c,c:kp780_jpg,1
b_image_165-1-_jpg.jpg,test,b,b:image_165-1-_jpg,4
c_nglov14_jpg.jpg,val,c,c:nglov14_jpg,5
c_kp1248_jpg.jpg,test,c,c:kp1248_jpg,1
b_image_921_jpg.jpg,train,b,b:image_921_jpg,6
a_006334_jpg.jpg,train,a,a:006334_jpg,2
c_packing820_jpg.jpg,train,c,c:packing820_jpg,1
c_PP02img181_jpg.jpg,train,c,c:PP02img181_jpg,4
c_PP02img110_jpg.jpg,val,c,c:PP02img110_jpg,7
a_002669_jpg.jpg,train,a,a:002669_jpg,1
c_frame152_jpg.jpg,train,c,c:frame152_jpg,3
c_p656213108_jpg.jpg,val,c,c:p656213108_jpg,1
a_001749_jpg.jpg,train,a,a:001749_jpg,4
a_001065_jpg.jpg,test,a,a:001065_jpg,8
c_kp378_jpg.jpg,test,c,c:kp378_jpg,1
c_packing1035_jpg.jpg,train,c,c:packing1035_jpg,2
c_kp1369_jpg.jpg,test,c,c:kp1369_jpg,1
a_000359_jpg.jpg,train,a,a:000359_jpg,2
c_kp1768_jpg.jpg,train,c,c:kp1768_jpg,1
c_kp285_jpg.jpg,train,c,c:kp285_jpg,1
a_005495_jpg.jpg,train,a,a:005495_jpg,5
a_005781_jpg.jpg,train,a,a:005781_jpg,2
c_nglov68_jpg.jpg,train,c,c:nglov68_jpg,2
c_frame2828_jpg.jpg,test,c,c:frame2828_jpg,4
c_img48_jpg.jpg,train,c,c:img48_jpg,4
b_ppe_0866_jpg.jpg,val,b,b:ppe_0866_jpg,2
c_nglovpp2129_jpg.jpg,train,c,c:nglovpp2129_jpg,3
b_ppe_1116_jpg.jpg,train,b,b:ppe_1116_jpg,2
c_kp336_jpg.jpg,val,c,c:kp336_jpg,1
a_005886_jpg.jpg,test,a,a:005886_jpg,8
c_frame3743_jpg.jpg,val,c,c:frame3743_jpg,2
c_PP02img1374_jpg.jpg,train,c,c:PP02img1374_jpg,4
c_PPE_Data_77_jpg.jpg,val,c,c:PPE_Data_77_jpg,0
c_packing185_jpg.jpg,val,c,c:packing185_jpg,2
c_packing1515_jpg.jpg,val,c,c:packing1515_jpg,2
b_ppe_0635_jpg.jpg,train,b,b:ppe_0635_jpg,6
c_frame1115--2-_jpg.jpg,test,c,c:frame1115--2-_jpg,0
c_kp1836_jpg.jpg,train,c,c:kp1836_jpg,1
c_kp1764_jpg.jpg,test,c,c:kp1764_jpg,1
c_mask-wearing-1632933587230_png_jpg.jpg,val,c,c:mask-wearing-1632933587230_png_jpg,1
c_nglovpp2134_jpg.jpg,train,c,c:nglovpp2134_jpg,4
c_frame93_jpg.jpg,train,c,c:frame93_jpg,2
c_packing198_jpg.jpg,val,c,c:packing198_jpg,1
b_ppe_0262_jpg.jpg,test,b,b:ppe_0262_jpg,2
c_img62_jpg.jpg,train,c,c:img62_jpg,5
c_frame1096_jpg.jpg,train,c,c:frame1096_jpg,1
a_005551_jpg.jpg,train,a,a:005551_jpg,3
c_PP02img76_jpg.jpg,test,c,c:PP02img76_jpg,3
c_helmet999557_jpg.jpg,train,c,c:helmet999557_jpg,1
a_001754_jpg.jpg,train,a,a:001754_jpg,7
b_00273_jpg.jpg,train,b,b:00273_jpg,19
c_packing161_jpg.jpg,train,c,c:packing161_jpg,2
c_packing569_jpg.jpg,train,c,c:packing569_jpg,1
c_goggle876528_jpg.jpg,val,c,c:goggle876528_jpg,4
c_helmet999727_jpg.jpg,train,c,c:helmet999727_jpg,1
c_MX_img_112_jpg.jpg,train,c,c:MX_img_112_jpg,1
c_helmet9991075_jpg.jpg,train,c,c:helmet9991075_jpg,1
c_packing1211_jpg.jpg,train,c,c:packing1211_jpg,2
c_kp1860_jpg.jpg,train,c,c:kp1860_jpg,1
c_packing629_jpg.jpg,test,c,c:packing629_jpg,3
a_003616_jpg.jpg,train,a,a:003616_jpg,3
c_frame3788_jpg.jpg,train,c,c:frame3788_jpg,3
c_kp968_jpg.jpg,val,c,c:kp968_jpg,1
c_img404_jpg.jpg,train,c,c:img404_jpg,6
c_kp460_jpg.jpg,train,c,c:kp460_jpg,1
a_006487_jpg.jpg,train,a,a:006487_jpg,3
a_005138_jpg.jpg,train,a,a:005138_jpg,4
c_packing705_jpg.jpg,val,c,c:packing705_jpg,1
a_004958_jpg.jpg,test,a,a:004958_jpg,8
c_PP02img258_jpg.jpg,train,c,c:PP02img258_jpg,5
c_frame3768_jpg.jpg,train,c,c:frame3768_jpg,3
c_kp709_jpg.jpg,train,c,c:kp709_jpg,1
a_000875_jpg.jpg,val,a,a:000875_jpg,10
b_ppe_1107_jpg.jpg,val,b,b:ppe_1107_jpg,5
c_005299_jpg.jpg,train,c,c:005299_jpg,1
c_MX_img_198_jpg.jpg,val,c,c:MX_img_198_jpg,1
b_thumb0352_jpg.jpg,train,b,b:thumb0352_jpg,2
b_image_645_jpg.jpg,val,b,b:image_645_jpg,2
b_image_204_jpg.jpg,train,b,b:image_204_jpg,3
b_Video3_128_jpg.jpg,train,b,b:Video3_128_jpg,6
c_PP02img349_jpg.jpg,train,c,c:PP02img349_jpg,4
b_images-2022-07-04T013955_jpg.jpg,train,b,b:images-2022-07-04T013955_jpg,1
c_IMG_4921-2_mp4-104_jpg.jpg,val,c,c:IMG_4921-2_mp4-104_jpg,1
a_004766_jpg.jpg,train,a,a:004766_jpg,7
c_PPE_Data_333_jpg.jpg,train,c,c:PPE_Data_333_jpg,1
b_ppe_0948_jpg.jpg,train,b,b:ppe_0948_jpg,10
c_download--10-_jpeg_jpg.jpg,train,c,c:download--10-_jpeg_jpg,3
a_003189_jpg.jpg,train,a,a:003189_jpg,5
a_005739_jpg.jpg,val,a,a:005739_jpg,11
a_006073_jpg.jpg,test,a,a:006073_jpg,12
c_img241_jpg.jpg,train,c,c:img241_jpg,5
c_kp675_jpg.jpg,train,c,c:kp675_jpg,1
a_001977_jpg.jpg,train,a,a:001977_jpg,2
c_packing1126_jpg.jpg,train,c,c:packing1126_jpg,3
a_004358_jpg.jpg,train,a,a:004358_jpg,5
a_002067_jpg.jpg,test,a,a:002067_jpg,11
b_ppe_0915_jpg.jpg,train,b,b:ppe_0915_jpg,4
c_frame630_jpg.jpg,test,c,c:frame630_jpg,0
c_kp410_jpg.jpg,val,c,c:kp410_jpg,1
a_000335_jpg.jpg,val,a,a:000335_jpg,2
c_nglov145_jpg.jpg,test,c,c:nglov145_jpg,3
a_001666_jpg.jpg,train,a,a:001666_jpg,11
c_mask-wearing-1632931946526_png_jpg.jpg,train,c,c:mask-wearing-1632931946526_png_jpg,2
c_helmet999861_jpg.jpg,train,c,c:helmet999861_jpg,1
a_000387_jpg.jpg,train,a,a:000387_jpg,6
c_kp1629_jpg.jpg,train,c,c:kp1629_jpg,2
c_PP02img647_jpg.jpg,train,c,c:PP02img647_jpg,3
c_helmet999893_jpg.jpg,train,c,c:helmet999893_jpg,1
c_p65213163_jpg.jpg,train,c,c:p65213163_jpg,1
c_PP02img245_jpg.jpg,train,c,c:PP02img245_jpg,5
c_IMG_4932-HEIC_jpg.jpg,train,c,c:IMG_4932-HEIC_jpg,2
c_frame1253_jpg.jpg,train,c,c:frame1253_jpg,0
c_frame440_jpg.jpg,val,c,c:frame440_jpg,2
c_kp924_jpg.jpg,val,c,c:kp924_jpg,1
c_kp1175_jpg.jpg,val,c,c:kp1175_jpg,1
c_helmet999970_jpg.jpg,train,c,c:helmet999970_jpg,1
c_PP02img801_jpg.jpg,train,c,c:PP02img801_jpg,4
c_helmet999606_jpg.jpg,val,c,c:helmet999606_jpg,1
a_002011_jpg.jpg,train,a,a:002011_jpg,1
c_packing812_jpg.jpg,train,c,c:packing812_jpg,1
c_goggle8765189_jpg.jpg,train,c,c:goggle8765189_jpg,5
a_000849_jpg.jpg,train,a,a:000849_jpg,8
c_kp239_jpg.jpg,train,c,c:kp239_jpg,1
c_PP02img808_jpg.jpg,test,c,c:PP02img808_jpg,1
c_helmet999871_jpg.jpg,train,c,c:helmet999871_jpg,1
c_mo-justin-mask-NoMask_mov-22_jpg.jpg,train,c,c:mo-justin-mask-NoMask_mov-22_jpg,2
c_packing1874_jpg.jpg,train,c,c:packing1874_jpg,2
c_kp6_jpg.jpg,train,c,c:kp6_jpg,2
c_kp1136_jpg.jpg,val,c,c:kp1136_jpg,1
b_Video2_174_jpg.jpg,val,b,b:Video2_174_jpg,4
c_PP02img1415_jpg.jpg,val,c,c:PP02img1415_jpg,4
c_packing1924_jpg.jpg,train,c,c:packing1924_jpg,1
c_packing204_jpg.jpg,train,c,c:packing204_jpg,2
c_helmet999887_jpg.jpg,train,c,c:helmet999887_jpg,1
c_sdgdsgsg_jpg.jpg,val,c,c:sdgdsgsg_jpg,3
a_006143_jpg.jpg,train,a,a:006143_jpg,3
c_nglovpp3183_jpg.jpg,train,c,c:nglovpp3183_jpg,1
b_Video2_13_jpg.jpg,train,b,b:Video2_13_jpg,6
a_005606_jpg.jpg,train,a,a:005606_jpg,12
a_000914_jpg.jpg,train,a,a:000914_jpg,3
a_002100_jpg.jpg,train,a,a:002100_jpg,8
c_helmet9991100_jpg.jpg,train,c,c:helmet9991100_jpg,1
c_frame1320_jpg.jpg,train,c,c:frame1320_jpg,2
a_001603_jpg.jpg,test,a,a:001603_jpg,8
c_kp828_jpg.jpg,val,c,c:kp828_jpg,1
c_p656213129_jpg.jpg,val,c,c:p656213129_jpg,1
a_003476_jpg.jpg,train,a,a:003476_jpg,1
a_003444_jpg.jpg,train,a,a:003444_jpg,4
c_p65213175_jpg.jpg,train,c,c:p65213175_jpg,1
c_packing192_jpg.jpg,test,c,c:packing192_jpg,2
c_kp464_jpg.jpg,train,c,c:kp464_jpg,1
a_004904_jpg.jpg,train,a,a:004904_jpg,9
a_004837_jpg.jpg,test,a,a:004837_jpg,14
c_packing1357_jpg.jpg,train,c,c:packing1357_jpg,1
a_003945_jpg.jpg,train,a,a:003945_jpg,4
b_image_228_jpg.jpg,val,b,b:image_228_jpg,3
c_PP02img1405_jpg.jpg,val,c,c:PP02img1405_jpg,3
c_PP02img819_jpg.jpg,train,c,c:PP02img819_jpg,3
c_helmet999886_jpg.jpg,train,c,c:helmet999886_jpg,1
b_20220721_162229_jpg.jpg,train,b,b:20220721_162229_jpg,3
a_001565_jpg.jpg,val,a,a:001565_jpg,6
a_004592_jpg.jpg,train,a,a:004592_jpg,1
c_img134_jpg.jpg,train,c,c:img134_jpg,4
b_ppe_1051_jpg.jpg,test,b,b:ppe_1051_jpg,2
c_kp414_jpg.jpg,train,c,c:kp414_jpg,1
a_003076_jpg.jpg,train,a,a:003076_jpg,12
c_N5h_img_103_jpg.jpg,test,c,c:N5h_img_103_jpg,3
a_003475_jpg.jpg,train,a,a:003475_jpg,11
b_ppe_0241_jpg.jpg,val,b,b:ppe_0241_jpg,4
a_006558_jpg.jpg,train,a,a:006558_jpg,1
c_PP02img419_jpg.jpg,train,c,c:PP02img419_jpg,5
c_helmet9991214_jpg.jpg,test,c,c:helmet9991214_jpg,1
c_p1131_jpg.jpg,val,c,c:p1131_jpg,2
c_packing51_jpg.jpg,train,c,c:packing51_jpg,2
c_packing1578_jpg.jpg,val,c,c:packing1578_jpg,1
c_img4_jpg.jpg,test,c,c:img4_jpg,4
a_003356_jpg.jpg,val,a,a:003356_jpg,18
c_N5h_img_100_jpg.jpg,val,c,c:N5h_img_100_jpg,2
a_005061_jpg.jpg,train,a,a:005061_jpg,6
c_N5h_img_125_jpg.jpg,train,c,c:N5h_img_125_jpg,2
c_005305_jpg.jpg,train,c,c:005305_jpg,1
c_frame1642_jpg.jpg,train,c,c:frame1642_jpg,1
c_PP02img1211_jpg.jpg,val,c,c:PP02img1211_jpg,1
c_kp727_jpg.jpg,train,c,c:kp727_jpg,1
b_ppe_1294_jpg.jpg,train,b,b:ppe_1294_jpg,10
c_kp360_jpg.jpg,val,c,c:kp360_jpg,1
c_PPE_Data_360_jpg.jpg,train,c,c:PPE_Data_360_jpg,2
c_packing1628_jpg.jpg,train,c,c:packing1628_jpg,2
c_N5h_img_207_jpg.jpg,train,c,c:N5h_img_207_jpg,1
c_frame309_jpg.jpg,train,c,c:frame309_jpg,1
c_helmet999979_jpg.jpg,train,c,c:helmet999979_jpg,1
c_PPE_Data_592_jpg.jpg,train,c,c:PPE_Data_592_jpg,2
c_005374_jpg.jpg,train,c,c:005374_jpg,2
b_ppe_0228_jpg.jpg,train,b,b:ppe_0228_jpg,6
a_000037_jpg.jpg,train,a,a:000037_jpg,1
c_kp699_jpg.jpg,train,c,c:kp699_jpg,1
c_frame1282_jpg.jpg,train,c,c:frame1282_jpg,0
c_packing38_jpg.jpg,test,c,c:packing38_jpg,3
c_kp184_jpg.jpg,train,c,c:kp184_jpg,1
b_image_119_jpg.jpg,train,b,b:image_119_jpg,6
b_image_525_jpg.jpg,test,b,b:image_525_jpg,3
c_packing1517_jpg.jpg,val,c,c:packing1517_jpg,1
a_000672_jpg.jpg,train,a,a:000672_jpg,11
b_ppe_1083_jpg.jpg,train,b,b:ppe_1083_jpg,6
c_frame1138_jpg.jpg,train,c,c:frame1138_jpg,0
b_image_509_jpg.jpg,train,b,b:image_509_jpg,3
b_ppe_0757_jpg.jpg,val,b,b:ppe_0757_jpg,4
b_image_1717_jpg.jpg,train,b,b:image_1717_jpg,3
a_002099_jpg.jpg,train,a,a:002099_jpg,1
c_MX_img_175_jpg.jpg,val,c,c:MX_img_175_jpg,1
c_frame1104--2-_jpg.jpg,val,c,c:frame1104--2-_jpg,0
a_000787_jpg.jpg,train,a,a:000787_jpg,6
c_img351_jpg.jpg,train,c,c:img351_jpg,2
c_PP02img1092_jpg.jpg,val,c,c:PP02img1092_jpg,2
a_005467_jpg.jpg,train,a,a:005467_jpg,5
c_NVR-09_Trim_3-579_jpg.jpg,train,c,c:NVR-09_Trim_3-579_jpg,0
c_kp745_jpg.jpg,train,c,c:kp745_jpg,1
c_kp1593_jpg.jpg,train,c,c:kp1593_jpg,1
b_image_713_jpg.jpg,val,b,b:image_713_jpg,3
a_003424_jpg.jpg,train,a,a:003424_jpg,12
c_PP02img516_jpg.jpg,train,c,c:PP02img516_jpg,5
b_ppe_0516_jpg.jpg,train,b,b:ppe_0516_jpg,3
c_img297_jpg.jpg,train,c,c:img297_jpg,3
c_helmet999605_jpg.jpg,train,c,c:helmet999605_jpg,1
c_PP02img799_jpg.jpg,val,c,c:PP02img799_jpg,3
c_frame16_jpg.jpg,train,c,c:frame16_jpg,2
a_004638_jpg.jpg,test,a,a:004638_jpg,5
c_IMG_4921-2_mp4-39_jpg.jpg,val,c,c:IMG_4921-2_mp4-39_jpg,1
c_helmet999651_jpg.jpg,train,c,c:helmet999651_jpg,1
c_upload-productImg-1527496119162_320_234_jpeg_jpg.jpg,train,c,c:upload-productImg-1527496119162_320_234_jpeg_jpg,1
c_PP02img895_jpg.jpg,train,c,c:PP02img895_jpg,1
c_kp1340_jpg.jpg,train,c,c:kp1340_jpg,1
c_img405_jpg.jpg,train,c,c:img405_jpg,7
c_kp894_jpg.jpg,train,c,c:kp894_jpg,1
a_004504_jpg.jpg,train,a,a:004504_jpg,10
c_NVR-09_Trim_new_Trim-0212_jpg.jpg,train,c,c:NVR-09_Trim_new_Trim-0212_jpg,0
b_image_175_jpg.jpg,train,b,b:image_175_jpg,6
c_frame1100_jpg.jpg,val,c,c:frame1100_jpg,1
c_helmet999903_jpg.jpg,train,c,c:helmet999903_jpg,1
a_000172_jpg.jpg,train,a,a:000172_jpg,1
c_PP02img1319_jpg.jpg,val,c,c:PP02img1319_jpg,6
a_001795_jpg.jpg,train,a,a:001795_jpg,3
a_004179_jpg.jpg,val,a,a:004179_jpg,5
c_frame1178_jpg.jpg,train,c,c:frame1178_jpg,0
c_frame149_jpg.jpg,train,c,c:frame149_jpg,0
a_006580_jpg.jpg,train,a,a:006580_jpg,1
b_ppe_0309_jpg.jpg,train,b,b:ppe_0309_jpg,2
b_images-2022-07-04T014007_jpg.jpg,test,b,b:images-2022-07-04T014007_jpg,1
c_kp119_jpg.jpg,val,c,c:kp119_jpg,1
c_packing874_jpg.jpg,train,c,c:packing874_jpg,3
c_kp1857_jpg.jpg,train,c,c:kp1857_jpg,2
a_001097_jpg.jpg,train,a,a:001097_jpg,9
b_image_1556_jpg.jpg,train,b,b:image_1556_jpg,2
c_kp272_jpg.jpg,train,c,c:kp272_jpg,1
b_images-2022-07-04T013151_jpg.jpg,train,b,b:images-2022-07-04T013151_jpg,2
a_002579_jpg.jpg,val,a,a:002579_jpg,2
c_kp334_jpg.jpg,train,c,c:kp334_jpg,1
a_006416_jpg.jpg,test,a,a:006416_jpg,27
c_N5h_img_171_jpg.jpg,train,c,c:N5h_img_171_jpg,1
c_PP02img695_jpg.jpg,train,c,c:PP02img695_jpg,2
c_packing1548_jpg.jpg,train,c,c:packing1548_jpg,2
c_kp993_jpg.jpg,train,c,c:kp993_jpg,1
c_packing846_jpg.jpg,train,c,c:packing846_jpg,2
a_004094_jpg.jpg,train,a,a:004094_jpg,6
c_p113196_jpg.jpg,train,c,c:p113196_jpg,1
c_005472_jpg.jpg,train,c,c:005472_jpg,8
a_003135_jpg.jpg,train,a,a:003135_jpg,3
c_frame122--2-_jpg.jpg,val,c,c:frame122--2-_jpg,2
a_002357_jpg.jpg,train,a,a:002357_jpg,3
c_frame2206_jpg.jpg,val,c,c:frame2206_jpg,0
a_003683_jpg.jpg,train,a,a:003683_jpg,2
a_003472_jpg.jpg,val,a,a:003472_jpg,7
c_mask-wearing-1632938058785_png_jpg.jpg,train,c,c:mask-wearing-1632938058785_png_jpg,1
c_kp1200_jpg.jpg,val,c,c:kp1200_jpg,1
c_helmet999561_jpg.jpg,test,c,c:helmet999561_jpg,1
c_PPE_Data_351_jpg.jpg,train,c,c:PPE_Data_351_jpg,2
c_N5h_img_105_jpg.jpg,val,c,c:N5h_img_105_jpg,2
b_ppe_1104_jpg.jpg,train,b,b:ppe_1104_jpg,5
a_004351_jpg.jpg,val,a,a:004351_jpg,2
c_frame2865_jpg.jpg,val,c,c:frame2865_jpg,4
c_PP02img1508_jpg.jpg,train,c,c:PP02img1508_jpg,4
a_005377_jpg.jpg,train,a,a:005377_jpg,1
c_NX_img_27_jpg.jpg,train,c,c:NX_img_27_jpg,1
c_NVR-09_Trim_new_Trim-1527_jpg.jpg,test,c,c:NVR-09_Trim_new_Trim-1527_jpg,0
c_packing308_jpg.jpg,train,c,c:packing308_jpg,1
a_004854_jpg.jpg,train,a,a:004854_jpg,2
c_kp1855_jpg.jpg,val,c,c:kp1855_jpg,1
a_007030_jpg.jpg,train,a,a:007030_jpg,1
c_PP02img1216_jpg.jpg,test,c,c:PP02img1216_jpg,3
a_000867_jpg.jpg,val,a,a:000867_jpg,3
a_003014_jpg.jpg,val,a,a:003014_jpg,2
a_003104_jpg.jpg,train,a,a:003104_jpg,3
c_img305_jpg.jpg,train,c,c:img305_jpg,4
c_PP02img649_jpg.jpg,train,c,c:PP02img649_jpg,1
c_kp408_jpg.jpg,train,c,c:kp408_jpg,1
c_p65213142_jpg.jpg,train,c,c:p65213142_jpg,1
c_0_Concern-In-China-As-Mystery-Virus-Spreads_jpg.jpg,val,c,c:0_Concern-In-China-As-Mystery-Virus-Spreads_jpg,3
c_packing666_jpg.jpg,val,c,c:packing666_jpg,1
c_helmet999730_jpg.jpg,train,c,c:helmet999730_jpg,1
a_003394_jpg.jpg,train,a,a:003394_jpg,1
c_022814asiatodaymasks_960x540_jpg.jpg,train,c,c:022814asiatodaymasks_960x540_jpg,6
c_packing1526_jpg.jpg,train,c,c:packing1526_jpg,3
c_PP02img1004_jpg.jpg,train,c,c:PP02img1004_jpg,3
c_Inside-merge_mov-21_jpg.jpg,val,c,c:Inside-merge_mov-21_jpg,0
c_005369_jpg.jpg,val,c,c:005369_jpg,2
a_000472_jpg.jpg,val,a,a:000472_jpg,2
c_005491_jpg.jpg,train,c,c:005491_jpg,3
c_p65213198_jpg.jpg,train,c,c:p65213198_jpg,1
c_img245_jpg.jpg,train,c,c:img245_jpg,3
b_ppe_0891_jpg.jpg,train,b,b:ppe_0891_jpg,8
c_img140_jpg.jpg,train,c,c:img140_jpg,4
c_p11322_jpg.jpg,train,c,c:p11322_jpg,1
c_p65621352_jpg.jpg,test,c,c:p65621352_jpg,1
a_003266_jpg.jpg,train,a,a:003266_jpg,1
c_PP02img971_jpg.jpg,train,c,c:PP02img971_jpg,3
a_004258_jpg.jpg,train,a,a:004258_jpg,1
a_002286_jpg.jpg,train,a,a:002286_jpg,1
c_PP02img23_jpg.jpg,train,c,c:PP02img23_jpg,3
a_006905_jpg.jpg,train,a,a:006905_jpg,2
b_ppe_1134_jpg.jpg,train,b,b:ppe_1134_jpg,2
c_frame257_jpg.jpg,val,c,c:frame257_jpg,1
c_packing607_jpg.jpg,val,c,c:packing607_jpg,3
c_frame248--2-_jpg.jpg,train,c,c:frame248--2-_jpg,2
c_PP02img680_jpg.jpg,train,c,c:PP02img680_jpg,3
a_003231_jpg.jpg,val,a,a:003231_jpg,4
b_ppe_0598_jpg.jpg,train,b,b:ppe_0598_jpg,4
a_005696_jpg.jpg,val,a,a:005696_jpg,2
a_000191_jpg.jpg,train,a,a:000191_jpg,5
b_image_619_jpg.jpg,val,b,b:image_619_jpg,3
c_N5h_img_111_jpg.jpg,train,c,c:N5h_img_111_jpg,2
c_Mask-detector1_mov-55_jpg.jpg,train,c,c:Mask-detector1_mov-55_jpg,1
c_p651347_jpg.jpg,train,c,c:p651347_jpg,1
c_goggle876539_jpg.jpg,train,c,c:goggle876539_jpg,5
a_004243_jpg.jpg,val,a,a:004243_jpg,2
b_images-2022-07-04T013055-1-_jpg.jpg,train,b,b:images-2022-07-04T013055-1-_jpg,4
a_001679_jpg.jpg,train,a,a:001679_jpg,3
a_004208_jpg.jpg,train,a,a:004208_jpg,2
c_NVR-09_Trim_3-592_jpg.jpg,train,c,c:NVR-09_Trim_3-592_jpg,0
c_frame2301_jpg.jpg,val,c,c:frame2301_jpg,2
c_kp888_jpg.jpg,train,c,c:kp888_jpg,1
a_003595_jpg.jpg,val,a,a:003595_jpg,4
c_helmet999639_jpg.jpg,train,c,c:helmet999639_jpg,1
c_nglovpp2169_jpg.jpg,train,c,c:nglovpp2169_jpg,5
b_Video2_147_jpg.jpg,train,b,b:Video2_147_jpg,4
c_nglovpp356_jpg.jpg,train,c,c:nglovpp356_jpg,2
c_ST_20170401_EASAND_3046471_jpg.jpg,train,c,c:ST_20170401_EASAND_3046471_jpg,8
c_kp796_jpg.jpg,train,c,c:kp796_jpg,2
c_p113192_jpg.jpg,val,c,c:p113192_jpg,1
a_002239_jpg.jpg,train,a,a:002239_jpg,2
a_000136_jpg.jpg,train,a,a:000136_jpg,1
c_PP02img1205_jpg.jpg,train,c,c:PP02img1205_jpg,3
a_005516_jpg.jpg,train,a,a:005516_jpg,1
c_kp1622_jpg.jpg,val,c,c:kp1622_jpg,1
c_kp1096_jpg.jpg,train,c,c:kp1096_jpg,3
c_kp164_jpg.jpg,train,c,c:kp164_jpg,2
c_005460_jpg.jpg,val,c,c:005460_jpg,2
a_001325_jpg.jpg,train,a,a:001325_jpg,2
a_002885_jpg.jpg,train,a,a:002885_jpg,2
a_002953_jpg.jpg,train,a,a:002953_jpg,20
b_ppe_0244_jpg.jpg,train,b,b:ppe_0244_jpg,4
c_p65132_jpg.jpg,train,c,c:p65132_jpg,1
c_frame1297--2-_jpg.jpg,test,c,c:frame1297--2-_jpg,0
a_001199_jpg.jpg,val,a,a:001199_jpg,2
c_kp1898_jpg.jpg,train,c,c:kp1898_jpg,1
c_0450908675_50159485_mutation-virus-chine-inquietude_jpg.jpg,train,c,c:0450908675_50159485_mutation-virus-chine-inquietude_jpg,4
c_Nhh_img_129_jpg.jpg,val,c,c:Nhh_img_129_jpg,1
b_ppe_0061_jpg.jpg,train,b,b:ppe_0061_jpg,3
c_005449_jpg.jpg,train,c,c:005449_jpg,1
c_1140-travelers-at-hong-kong-airport_jpg.jpg,val,c,c:1140-travelers-at-hong-kong-airport_jpg,4
a_001241_jpg.jpg,train,a,a:001241_jpg,1
c_fglov1127_jpg.jpg,train,c,c:fglov1127_jpg,5
c_kp120_jpg.jpg,train,c,c:kp120_jpg,1
c_img298_jpg.jpg,train,c,c:img298_jpg,4
c_MX_img_80_jpg.jpg,test,c,c:MX_img_80_jpg,1
c_packing1810_jpg.jpg,train,c,c:packing1810_jpg,1
c_PP02img355_jpg.jpg,train,c,c:PP02img355_jpg,4
a_006775_jpg.jpg,val,a,a:006775_jpg,4
a_005476_jpg.jpg,train,a,a:005476_jpg,2
c_helmet999671_jpg.jpg,train,c,c:helmet999671_jpg,1
c_frame763_jpg.jpg,train,c,c:frame763_jpg,3
a_003540_jpg.jpg,train,a,a:003540_jpg,7
b_ppe_0744_jpg.jpg,train,b,b:ppe_0744_jpg,4
a_000731_jpg.jpg,train,a,a:000731_jpg,2
c_frame1334_jpg.jpg,train,c,c:frame1334_jpg,2
a_002200_jpg.jpg,val,a,a:002200_jpg,2
c_nglov53_jpg.jpg,train,c,c:nglov53_jpg,1
c_frame3835_jpg.jpg,train,c,c:frame3835_jpg,3
c_mask-wearing-1632932177714_png_jpg.jpg,train,c,c:mask-wearing-1632932177714_png_jpg,1
a_006197_jpg.jpg,train,a,a:006197_jpg,4
c_helmet999527_jpg.jpg,test,c,c:helmet999527_jpg,2
c_kp584_jpg.jpg,test,c,c:kp584_jpg,2
b_ppe_0969_jpg.jpg,val,b,b:ppe_0969_jpg,3
c_PP02img1326_jpg.jpg,val,c,c:PP02img1326_jpg,6
c_helmet999818_jpg.jpg,train,c,c:helmet999818_jpg,1
c_packing1186_jpg.jpg,train,c,c:packing1186_jpg,1
b_image_1259_jpg.jpg,val,b,b:image_1259_jpg,3
c_packing1654_jpg.jpg,train,c,c:packing1654_jpg,2
a_005304_jpg.jpg,train,a,a:005304_jpg,4
c_packing1319_jpg.jpg,val,c,c:packing1319_jpg,1
c_005462_jpg.jpg,test,c,c:005462_jpg,3
a_002637_jpg.jpg,train,a,a:002637_jpg,4
a_004652_jpg.jpg,train,a,a:004652_jpg,6
c_packing1885_jpg.jpg,train,c,c:packing1885_jpg,1
c_kp946_jpg.jpg,val,c,c:kp946_jpg,1
b_Video2_11_jpg.jpg,train,b,b:Video2_11_jpg,4
c_kp916_jpg.jpg,train,c,c:kp916_jpg,1
c_helmet999852_jpg.jpg,train,c,c:helmet999852_jpg,1
c_kp1171_jpg.jpg,train,c,c:kp1171_jpg,1
c_Nhh_img_130_jpg.jpg,train,c,c:Nhh_img_130_jpg,1
a_005883_jpg.jpg,test,a,a:005883_jpg,7
c_kp1458_jpg.jpg,train,c,c:kp1458_jpg,1
a_005364_jpg.jpg,test,a,a:005364_jpg,3
c_PPE_Data_120_jpg.jpg,train,c,c:PPE_Data_120_jpg,0
c_helmet999657_jpg.jpg,val,c,c:helmet999657_jpg,1
c_kp1387_jpg.jpg,val,c,c:kp1387_jpg,1
c_005432_jpg.jpg,train,c,c:005432_jpg,3
c_no-mask_mov-15_jpg.jpg,train,c,c:no-mask_mov-15_jpg,1
c_packing614_jpg.jpg,train,c,c:packing614_jpg,2
c_kp413_jpg.jpg,train,c,c:kp413_jpg,1
c_packing1522_jpg.jpg,train,c,c:packing1522_jpg,1
a_003720_jpg.jpg,train,a,a:003720_jpg,1
c_PP02img358_jpg.jpg,val,c,c:PP02img358_jpg,4
c_img217_jpg.jpg,train,c,c:img217_jpg,4
a_004007_jpg.jpg,val,a,a:004007_jpg,3
a_003442_jpg.jpg,train,a,a:003442_jpg,1
c_packing1154_jpg.jpg,train,c,c:packing1154_jpg,1
a_006875_jpg.jpg,val,a,a:006875_jpg,2
c_img417_jpg.jpg,train,c,c:img417_jpg,4
c_kp1933_jpg.jpg,train,c,c:kp1933_jpg,1
a_002726_jpg.jpg,train,a,a:002726_jpg,10
c_packing233_jpg.jpg,train,c,c:packing233_jpg,2
b_Video2_83_jpg.jpg,test,b,b:Video2_83_jpg,4
c_helmet999741_jpg.jpg,train,c,c:helmet999741_jpg,1
b_00182_jpg.jpg,test,b,b:00182_jpg,2
b_image_1476_jpg.jpg,train,b,b:image_1476_jpg,6
a_006908_jpg.jpg,val,a,a:006908_jpg,2
a_005644_jpg.jpg,test,a,a:005644_jpg,11
c_img40_jpg.jpg,train,c,c:img40_jpg,7
a_002201_jpg.jpg,train,a,a:002201_jpg,1
c_packing283_jpg.jpg,test,c,c:packing283_jpg,1
c_kp620_jpg.jpg,val,c,c:kp620_jpg,2
c_frame2415_jpg.jpg,train,c,c:frame2415_jpg,0
c_kp839_jpg.jpg,train,c,c:kp839_jpg,1
c_helmet999914_jpg.jpg,test,c,c:helmet999914_jpg,2
a_006554_jpg.jpg,train,a,a:006554_jpg,3
c_PP02img471_jpg.jpg,val,c,c:PP02img471_jpg,5
c_helmet999828_jpg.jpg,train,c,c:helmet999828_jpg,1
c_img190_jpg.jpg,test,c,c:img190_jpg,5
a_001991_jpg.jpg,train,a,a:001991_jpg,2
a_000429_jpg.jpg,train,a,a:000429_jpg,3
a_001543_jpg.jpg,train,a,a:001543_jpg,4
c_helmet9991197_jpg.jpg,train,c,c:helmet9991197_jpg,1
c_IMG_4920_mov-21_jpg.jpg,train,c,c:IMG_4920_mov-21_jpg,1
c_img121_jpg.jpg,train,c,c:img121_jpg,5
c_packing1073_jpg.jpg,train,c,c:packing1073_jpg,2
a_000658_jpg.jpg,train,a,a:000658_jpg,2
a_004852_jpg.jpg,train,a,a:004852_jpg,5
a_003267_jpg.jpg,train,a,a:003267_jpg,6
c_p11313_jpg.jpg,train,c,c:p11313_jpg,3
a_003952_jpg.jpg,train,a,a:003952_jpg,3
c_helmet999843_jpg.jpg,train,c,c:helmet999843_jpg,1
c_N5h_img_15_jpg.jpg,val,c,c:N5h_img_15_jpg,2
c_packing1327_jpg.jpg,train,c,c:packing1327_jpg,1
b_Video1_213_jpg.jpg,test,b,b:Video1_213_jpg,4
c_helmet999967_jpg.jpg,val,c,c:helmet999967_jpg,1
a_005842_jpg.jpg,train,a,a:005842_jpg,1
a_001894_jpg.jpg,test,a,a:001894_jpg,15
c_r1p00017o80q34s9781_jpg.jpg,test,c,c:r1p00017o80q34s9781_jpg,2
c_helmet999672_jpg.jpg,train,c,c:helmet999672_jpg,1
a_005386_jpg.jpg,train,a,a:005386_jpg,8
a_006647_jpg.jpg,train,a,a:006647_jpg,6
c_PP02img1038_jpg.jpg,train,c,c:PP02img1038_jpg,3
c_PP02img1176_jpg.jpg,val,c,c:PP02img1176_jpg,3
c_005474_jpg.jpg,train,c,c:005474_jpg,1
c_packing557_jpg.jpg,val,c,c:packing557_jpg,1
c_kp1566_jpg.jpg,train,c,c:kp1566_jpg,2
b_image_4_jpg.jpg,train,b,b:image_4_jpg,4
c_PP02img795_jpg.jpg,train,c,c:PP02img795_jpg,1
c_p113164_jpg.jpg,test,c,c:p113164_jpg,1
c_kp547_jpg.jpg,train,c,c:kp547_jpg,2
c_frame709_jpg.jpg,train,c,c:frame709_jpg,3
c_frame685_jpg.jpg,train,c,c:frame685_jpg,0
a_003609_jpg.jpg,train,a,a:003609_jpg,1
c_-I1-MS09uaqsLdGTFkgnS0Rcg1mmPyAj95ySg_eckoM_jpeg_jpg.jpg,train,c,c:-I1-MS09uaqsLdGTFkgnS0Rcg1mmPyAj95ySg_eckoM_jpeg_jpg,3
c_PP02img815_jpg.jpg,train,c,c:PP02img815_jpg,1
a_001342_jpg.jpg,train,a,a:001342_jpg,9
c_Mask2_mov-44_jpg.jpg,val,c,c:Mask2_mov-44_jpg,1
c_frame57--2-_jpg.jpg,val,c,c:frame57--2-_jpg,2
b_image_414_jpg.jpg,test,b,b:image_414_jpg,3
c_packing898_jpg.jpg,val,c,c:packing898_jpg,1
c_packing753_jpg.jpg,train,c,c:packing753_jpg,2
c_PP02img994_jpg.jpg,train,c,c:PP02img994_jpg,2
c_PP02img1221_jpg.jpg,train,c,c:PP02img1221_jpg,5
c_N5h_img_175_jpg.jpg,train,c,c:N5h_img_175_jpg,1
c_helmet999989_jpg.jpg,train,c,c:helmet999989_jpg,1
c_kp1940_jpg.jpg,val,c,c:kp1940_jpg,1
c_kp1081_jpg.jpg,train,c,c:kp1081_jpg,1
c_PP02img1018_jpg.jpg,train,c,c:PP02img1018_jpg,2
c_005353_jpg.jpg,train,c,c:005353_jpg,1
c_nglovpp291_jpg.jpg,train,c,c:nglovpp291_jpg,3
c_frame3913_jpg.jpg,val,c,c:frame3913_jpg,2
a_004660_jpg.jpg,train,a,a:004660_jpg,1
c_15-08608-001_jpg.jpg,train,c,c:15-08608-001_jpg,4
c_kp958_jpg.jpg,val,c,c:kp958_jpg,1
c_packing96_jpg.jpg,train,c,c:packing96_jpg,2
a_000264_jpg.jpg,train,a,a:000264_jpg,1
c_frame212_jpg.jpg,train,c,c:frame212_jpg,1
c_img56_jpg.jpg,train,c,c:img56_jpg,5
c_N5h_img_84_jpg.jpg,train,c,c:N5h_img_84_jpg,1
c_Inside-merge_mov-19_jpg.jpg,test,c,c:Inside-merge_mov-19_jpg,0
c_fglov1171_jpg.jpg,test,c,c:fglov1171_jpg,3
a_002385_jpg.jpg,train,a,a:002385_jpg,3
a_001907_jpg.jpg,train,a,a:001907_jpg,2
c_packing325_jpg.jpg,train,c,c:packing325_jpg,1
c_packing1602_jpg.jpg,train,c,c:packing1602_jpg,2
a_001002_jpg.jpg,train,a,a:001002_jpg,1
a_005654_jpg.jpg,test,a,a:005654_jpg,3
c_nglovpp3140_jpg.jpg,train,c,c:nglovpp3140_jpg,2
c_nglovpp2141_jpg.jpg,test,c,c:nglovpp2141_jpg,3
a_000561_jpg.jpg,train,a,a:000561_jpg,1
c_kp493_jpg.jpg,train,c,c:kp493_jpg,1
a_005290_jpg.jpg,train,a,a:005290_jpg,2
b_r118_jpg.jpg,train,b,b:r118_jpg,2
a_003730_jpg.jpg,val,a,a:003730_jpg,4
a_005620_jpg.jpg,train,a,a:005620_jpg,1
c_PP02img125_jpg.jpg,val,c,c:PP02img125_jpg,7
c_p656213151_jpg.jpg,test,c,c:p656213151_jpg,1
c_helmet999901_jpg.jpg,train,c,c:helmet999901_jpg,1
c_packing1815_jpg.jpg,train,c,c:packing1815_jpg,2
c_Nhh_img_138_jpg.jpg,train,c,c:Nhh_img_138_jpg,1
a_003151_jpg.jpg,train,a,a:003151_jpg,1
c_helmet999622_jpg.jpg,train,c,c:helmet999622_jpg,1
a_002942_jpg.jpg,train,a,a:002942_jpg,1
c_PP02img87_jpg.jpg,train,c,c:PP02img87_jpg,2
c_packing1359_jpg.jpg,train,c,c:packing1359_jpg,2
c_packing966_jpg.jpg,train,c,c:packing966_jpg,1
c_Inside-merge_mov-20_jpg.jpg,val,c,c:Inside-merge_mov-20_jpg,0
c_img55_jpg.jpg,train,c,c:img55_jpg,4
b_ppe_0064_jpg.jpg,val,b,b:ppe_0064_jpg,2
c_img76_jpg.jpg,val,c,c:img76_jpg,6
c_PPE_Data_552_jpg.jpg,train,c,c:PPE_Data_552_jpg,2
c_PP02img331_jpg.jpg,train,c,c:PP02img331_jpg,7
b_image_592_jpg.jpg,train,b,b:image_592_jpg,3
a_002567_jpg.jpg,train,a,a:002567_jpg,1
a_000336_jpg.jpg,train,a,a:000336_jpg,1
c_005345_jpg.jpg,train,c,c:005345_jpg,1
c_frame3829_jpg.jpg,train,c,c:frame3829_jpg,3
c_p11348_jpg.jpg,train,c,c:p11348_jpg,1
c_packing1752_jpg.jpg,test,c,c:packing1752_jpg,1
a_000258_jpg.jpg,test,a,a:000258_jpg,18
c_kp317_jpg.jpg,train,c,c:kp317_jpg,1
c_MX_img_124_jpg.jpg,val,c,c:MX_img_124_jpg,1
c_helmet999927_jpg.jpg,val,c,c:helmet999927_jpg,1
c_005309_jpg.jpg,train,c,c:005309_jpg,2
c_frame2360_jpg.jpg,train,c,c:frame2360_jpg,0
c_no-mask_mov-21_jpg.jpg,train,c,c:no-mask_mov-21_jpg,1
a_001375_jpg.jpg,val,a,a:001375_jpg,2
a_006231_jpg.jpg,train,a,a:006231_jpg,1
c_p11330_jpg.jpg,train,c,c:p11330_jpg,1
a_000042_jpg.jpg,train,a,a:000042_jpg,1
b_image_133_jpg.jpg,val,b,b:image_133_jpg,3
c_PPE_Data_631_jpg.jpg,test,c,c:PPE_Data_631_jpg,2
c_img419_jpg.jpg,train,c,c:img419_jpg,5
c_IMG_4920_mov-11_jpg.jpg,train,c,c:IMG_4920_mov-11_jpg,1
c_MX_img_111_jpg.jpg,test,c,c:MX_img_111_jpg,1
a_006279_jpg.jpg,train,a,a:006279_jpg,9
b_image_817_jpg.jpg,train,b,b:image_817_jpg,3
c_frame78--2-_jpg.jpg,val,c,c:frame78--2-_jpg,2
b_ppe_0003_jpg.jpg,val,b,b:ppe_0003_jpg,2
b_image_403_jpg.jpg,train,b,b:image_403_jpg,10
c_Nhh_img_82_jpg.jpg,train,c,c:Nhh_img_82_jpg,1
a_002595_jpg.jpg,train,a,a:002595_jpg,6
c_packing272_jpg.jpg,train,c,c:packing272_jpg,3
a_003173_jpg.jpg,train,a,a:003173_jpg,10
c_frame304_jpg.jpg,val,c,c:frame304_jpg,1
a_001801_jpg.jpg,train,a,a:001801_jpg,5
a_006757_jpg.jpg,train,a,a:006757_jpg,13
c_nglov85_jpg.jpg,train,c,c:nglov85_jpg,4
a_006297_jpg.jpg,train,a,a:006297_jpg,2
c_packing1313_jpg.jpg,train,c,c:packing1313_jpg,2
c_frame1075_jpg.jpg,train,c,c:frame1075_jpg,0
a_006537_jpg.jpg,val,a,a:006537_jpg,7
b_ppe_0165_jpg.jpg,train,b,b:ppe_0165_jpg,3
c_PPE_Data_164_jpg.jpg,test,c,c:PPE_Data_164_jpg,2
a_006459_jpg.jpg,val,a,a:006459_jpg,2
c_PPE_Data_682_jpg.jpg,train,c,c:PPE_Data_682_jpg,0
c_frame2830_jpg.jpg,train,c,c:frame2830_jpg,4
c_frame726_jpg.jpg,train,c,c:frame726_jpg,3
a_005446_jpg.jpg,train,a,a:005446_jpg,3
c_frame3840_jpg.jpg,test,c,c:frame3840_jpg,3
a_006294_jpg.jpg,train,a,a:006294_jpg,6
a_002841_jpg.jpg,val,a,a:002841_jpg,4
c_goggle876582_jpg.jpg,train,c,c:goggle876582_jpg,2
a_002396_jpg.jpg,train,a,a:002396_jpg,1
a_000553_jpg.jpg,train,a,a:000553_jpg,11
c_nglov112_jpg.jpg,train,c,c:nglov112_jpg,3
a_006091_jpg.jpg,train,a,a:006091_jpg,8
c_helmet999859_jpg.jpg,train,c,c:helmet999859_jpg,1
c_kp373_jpg.jpg,train,c,c:kp373_jpg,1
c_goggle876514_jpg.jpg,val,c,c:goggle876514_jpg,3
c_NVR-09_Trim_3-582_jpg.jpg,train,c,c:NVR-09_Trim_3-582_jpg,0
c_kp1075_jpg.jpg,val,c,c:kp1075_jpg,1
b_image_1377_jpg.jpg,val,b,b:image_1377_jpg,3
c_packing1962_jpg.jpg,train,c,c:packing1962_jpg,1
b_ppe_1125_jpg.jpg,val,b,b:ppe_1125_jpg,2
c_packing1413_jpg.jpg,train,c,c:packing1413_jpg,2
c_PPE_Data_535_jpg.jpg,train,c,c:PPE_Data_535_jpg,2
c_helmet999960_jpg.jpg,train,c,c:helmet999960_jpg,1
a_001051_jpg.jpg,train,a,a:001051_jpg,1
c_kp706_jpg.jpg,test,c,c:kp706_jpg,1
a_005911_jpg.jpg,train,a,a:005911_jpg,2
c_PP02img1195_jpg.jpg,train,c,c:PP02img1195_jpg,3
b_image_446_jpg.jpg,train,b,b:image_446_jpg,3
a_000630_jpg.jpg,train,a,a:000630_jpg,15
c_kp929_jpg.jpg,train,c,c:kp929_jpg,1
c_N5h_img_48_jpg.jpg,train,c,c:N5h_img_48_jpg,1
b_Video3_150_jpg.jpg,train,b,b:Video3_150_jpg,4
b_download-27-_jpg.jpg,val,b,b:download-27-_jpg,2
c_mask-wearing-1632932112438_png_jpg.jpg,train,c,c:mask-wearing-1632932112438_png_jpg,2
a_005062_jpg.jpg,train,a,a:005062_jpg,5
b_Nein1796_jpg.jpg,test,b,b:Nein1796_jpg,1
a_005693_jpg.jpg,test,a,a:005693_jpg,2
b_Photin0729_jpg.jpg,test,b,b:Photin0729_jpg,1
c_nglov108_jpg.jpg,val,c,c:nglov108_jpg,3
c_MX_img_55_jpg.jpg,train,c,c:MX_img_55_jpg,1
a_000009_jpg.jpg,train,a,a:000009_jpg,1
c_packing1380_jpg.jpg,test,c,c:packing1380_jpg,1
c_img213_jpg.jpg,train,c,c:img213_jpg,4
c_IMG_4921-2_mp4-10_jpg.jpg,train,c,c:IMG_4921-2_mp4-10_jpg,1
c_PP02img422_jpg.jpg,train,c,c:PP02img422_jpg,6
a_001652_jpg.jpg,test,a,a:001652_jpg,6
c_PP02img668_jpg.jpg,train,c,c:PP02img668_jpg,1
b_image_1337_jpg.jpg,train,b,b:image_1337_jpg,2
c_helmet999853_jpg.jpg,train,c,c:helmet999853_jpg,1
a_004120_jpg.jpg,val,a,a:004120_jpg,5
c_packing268_jpg.jpg,train,c,c:packing268_jpg,4
c_p11399_jpg.jpg,train,c,c:p11399_jpg,1
c_kp355_jpg.jpg,train,c,c:kp355_jpg,1
c_kp1084_jpg.jpg,train,c,c:kp1084_jpg,1
a_002751_jpg.jpg,val,a,a:002751_jpg,2
c_nglovpp293_jpg.jpg,train,c,c:nglovpp293_jpg,3
c_nglovpp3197_jpg.jpg,train,c,c:nglovpp3197_jpg,2
b_image_898_jpg.jpg,train,b,b:image_898_jpg,6
b_image_1245_jpg.jpg,train,b,b:image_1245_jpg,1
c_goggle8765167_jpg.jpg,train,c,c:goggle8765167_jpg,1
c_PP02img595_jpg.jpg,train,c,c:PP02img595_jpg,4
c_img128_jpg.jpg,train,c,c:img128_jpg,5
b_image_1075_jpg.jpg,test,b,b:image_1075_jpg,3
c_packing1253_jpg.jpg,train,c,c:packing1253_jpg,2
c_kp1185_jpg.jpg,val,c,c:kp1185_jpg,1
c_kp477_jpg.jpg,train,c,c:kp477_jpg,1
c_no-mask_mov-2_jpg.jpg,train,c,c:no-mask_mov-2_jpg,1
c_helmet999598_jpg.jpg,val,c,c:helmet999598_jpg,1
c_helmet999827_jpg.jpg,train,c,c:helmet999827_jpg,1
a_007051_jpg.jpg,val,a,a:007051_jpg,2
b_Video4_56_jpg.jpg,val,b,b:Video4_56_jpg,4
c_nglovpp3180_jpg.jpg,train,c,c:nglovpp3180_jpg,2
c_frame3738_jpg.jpg,test,c,c:frame3738_jpg,2
a_000680_jpg.jpg,train,a,a:000680_jpg,9
a_002376_jpg.jpg,train,a,a:002376_jpg,13
c_packing608_jpg.jpg,train,c,c:packing608_jpg,3
c_NVR-09_Trim_new_Trim-0671_jpg.jpg,train,c,c:NVR-09_Trim_new_Trim-0671_jpg,2
c_packing1552_jpg.jpg,train,c,c:packing1552_jpg,3
c_kp1238_jpg.jpg,train,c,c:kp1238_jpg,1
c_PP02img217_jpg.jpg,val,c,c:PP02img217_jpg,3
c_kp329_jpg.jpg,train,c,c:kp329_jpg,1
c_nglov196_jpg.jpg,val,c,c:nglov196_jpg,2
c_packing1627_jpg.jpg,train,c,c:packing1627_jpg,2
a_006678_jpg.jpg,train,a,a:006678_jpg,5
b_ppe_0660_jpg.jpg,val,b,b:ppe_0660_jpg,3
a_001656_jpg.jpg,train,a,a:001656_jpg,5
b_image_60_jpg.jpg,train,b,b:image_60_jpg,2
c_PP02img1505_jpg.jpg,train,c,c:PP02img1505_jpg,3
c_kp957_jpg.jpg,train,c,c:kp957_jpg,1
a_007015_jpg.jpg,val,a,a:007015_jpg,11
c_packing1127_jpg.jpg,test,c,c:packing1127_jpg,1
b_ppe_0802_jpg.jpg,train,b,b:ppe_0802_jpg,2
c_frame211_jpg.jpg,train,c,c:frame211_jpg,1
c_helmet999773_jpg.jpg,train,c,c:helmet999773_jpg,1
c_NX_img_5_jpg.jpg,train,c,c:NX_img_5_jpg,1
a_001149_jpg.jpg,test,a,a:001149_jpg,3
b_image_1138_jpg.jpg,test,b,b:image_1138_jpg,3
b_Video2_8_jpg.jpg,test,b,b:Video2_8_jpg,4
a_004996_jpg.jpg,val,a,a:004996_jpg,2
c_kp220_jpg.jpg,train,c,c:kp220_jpg,1
b_image_372_jpg.jpg,test,b,b:image_372_jpg,3
c_p11319_jpg.jpg,val,c,c:p11319_jpg,1
a_000357_jpg.jpg,train,a,a:000357_jpg,1
c_PP02img784_jpg.jpg,train,c,c:PP02img784_jpg,3
c_p656213158_jpg.jpg,train,c,c:p656213158_jpg,1
c_helmet9991058_jpg.jpg,val,c,c:helmet9991058_jpg,1
c_PP02img1150_jpg.jpg,train,c,c:PP02img1150_jpg,6
c_kp245_jpg.jpg,train,c,c:kp245_jpg,1
c_frame3751_jpg.jpg,val,c,c:frame3751_jpg,3
c_PP02img91_jpg.jpg,train,c,c:PP02img91_jpg,2
a_002074_jpg.jpg,train,a,a:002074_jpg,4
b_ppe_0207_jpg.jpg,train,b,b:ppe_0207_jpg,2
c_packing1803_jpg.jpg,train,c,c:packing1803_jpg,1
a_001140_jpg.jpg,val,a,a:001140_jpg,2
b_image_218_jpg.jpg,train,b,b:image_218_jpg,4
c_img209_jpg.jpg,train,c,c:img209_jpg,1
b_image_828_jpg.jpg,train,b,b:image_828_jpg,8
c_kp1671_jpg.jpg,val,c,c:kp1671_jpg,1
c_mask-wearing-1632931982617_png_jpg.jpg,train,c,c:mask-wearing-1632931982617_png_jpg,3
c_kp722_jpg.jpg,test,c,c:kp722_jpg,1
b_ppe_0552_jpg.jpg,train,b,b:ppe_0552_jpg,3
c_PPE_Data_132_jpg.jpg,val,c,c:PPE_Data_132_jpg,3
c_kp1984_jpg.jpg,train,c,c:kp1984_jpg,1
c_packing1743_jpg.jpg,train,c,c:packing1743_jpg,1
a_000262_jpg.jpg,train,a,a:000262_jpg,10
c_005451_jpg.jpg,train,c,c:005451_jpg,7
c_frame2420_jpg.jpg,test,c,c:frame2420_jpg,0
c_PPE_Data_699_jpg.jpg,train,c,c:PPE_Data_699_jpg,3
c_packing108_jpg.jpg,train,c,c:packing108_jpg,2
c_005466_jpg.jpg,train,c,c:005466_jpg,3
b_image_1372_jpg.jpg,train,b,b:image_1372_jpg,3
b_Video3_39_jpg.jpg,train,b,b:Video3_39_jpg,6
c_packing1758_jpg.jpg,test,c,c:packing1758_jpg,1
c_p113121_jpg.jpg,val,c,c:p113121_jpg,1
c_img226_jpg.jpg,train,c,c:img226_jpg,2
b_ppe_1295_jpg.jpg,train,b,b:ppe_1295_jpg,7
c_MX_img_69_jpg.jpg,val,c,c:MX_img_69_jpg,1
a_005795_jpg.jpg,train,a,a:005795_jpg,6
a_003210_jpg.jpg,train,a,a:003210_jpg,1
c_PP02img558_jpg.jpg,train,c,c:PP02img558_jpg,6
b_ppe_0160_jpg.jpg,val,b,b:ppe_0160_jpg,3
c_frame3937_jpg.jpg,train,c,c:frame3937_jpg,3
c_PP02img854_jpg.jpg,train,c,c:PP02img854_jpg,1
a_003844_jpg.jpg,train,a,a:003844_jpg,2
a_003297_jpg.jpg,train,a,a:003297_jpg,3
c_nglovpp350_jpg.jpg,train,c,c:nglovpp350_jpg,2
a_002112_jpg.jpg,train,a,a:002112_jpg,7
b_image_1772_jpg.jpg,train,b,b:image_1772_jpg,2
c_N5h_img_115_jpg.jpg,test,c,c:N5h_img_115_jpg,2
a_000681_jpg.jpg,val,a,a:000681_jpg,9
a_005847_jpg.jpg,train,a,a:005847_jpg,6
a_006867_jpg.jpg,train,a,a:006867_jpg,6
c_kp1391_jpg.jpg,train,c,c:kp1391_jpg,1
a_006873_jpg.jpg,train,a,a:006873_jpg,5
c_kp354_jpg.jpg,train,c,c:kp354_jpg,1
c_helmet999538_jpg.jpg,train,c,c:helmet999538_jpg,1
c_kp892_jpg.jpg,val,c,c:kp892_jpg,1
a_000723_jpg.jpg,train,a,a:000723_jpg,4
a_004990_jpg.jpg,train,a,a:004990_jpg,4
c_frame1562_jpg.jpg,train,c,c:frame1562_jpg,1
b_ppe_1316_jpg.jpg,test,b,b:ppe_1316_jpg,2
c_frame691_jpg.jpg,test,c,c:frame691_jpg,0
c_PP02img1448_jpg.jpg,val,c,c:PP02img1448_jpg,4
c_frame1256_jpg.jpg,val,c,c:frame1256_jpg,0
c_packing1347_jpg.jpg,train,c,c:packing1347_jpg,2
b_Video4_12_jpg.jpg,train,b,b:Video4_12_jpg,4
c_frame1246_jpg.jpg,train,c,c:frame1246_jpg,0
c_frame3778_jpg.jpg,test,c,c:frame3778_jpg,3
c_mask-wearing-1632937976589_png_jpg.jpg,train,c,c:mask-wearing-1632937976589_png_jpg,1
b_image_141_jpg.jpg,val,b,b:image_141_jpg,3
c_PPE_Data_332_jpg.jpg,train,c,c:PPE_Data_332_jpg,2
a_003626_jpg.jpg,train,a,a:003626_jpg,3
c_PP02img359_jpg.jpg,train,c,c:PP02img359_jpg,5
a_006423_jpg.jpg,train,a,a:006423_jpg,1
c_kp1694_jpg.jpg,train,c,c:kp1694_jpg,1
c_kp812_jpg.jpg,test,c,c:kp812_jpg,1
b_image_333_jpg.jpg,val,b,b:image_333_jpg,3
c_MX_img_146_jpg.jpg,train,c,c:MX_img_146_jpg,1
c_nglov180_jpg.jpg,test,c,c:nglov180_jpg,3
c_packing1119_jpg.jpg,train,c,c:packing1119_jpg,2
c_frame3921_jpg.jpg,test,c,c:frame3921_jpg,1
c_packing203_jpg.jpg,train,c,c:packing203_jpg,2
b_ppe_0993_jpg.jpg,train,b,b:ppe_0993_jpg,8
c_Nhh_img_149_jpg.jpg,train,c,c:Nhh_img_149_jpg,1
b_Video2_165_jpg.jpg,val,b,b:Video2_165_jpg,4
c_NVR-09_Trim_new_Trim-1775_jpg.jpg,train,c,c:NVR-09_Trim_new_Trim-1775_jpg,0
a_001998_jpg.jpg,train,a,a:001998_jpg,2
c_packing733_jpg.jpg,train,c,c:packing733_jpg,1
b_images-2022-07-04T012922_jpg.jpg,val,b,b:images-2022-07-04T012922_jpg,2
c_kp1419_jpg.jpg,train,c,c:kp1419_jpg,1
b_r151_jpg.jpg,train,b,b:r151_jpg,6
c_PP02img211_jpg.jpg,val,c,c:PP02img211_jpg,4
b_image_222_jpg.jpg,train,b,b:image_222_jpg,8
a_006728_jpg.jpg,train,a,a:006728_jpg,3
a_004108_jpg.jpg,val,a,a:004108_jpg,2
a_000235_jpg.jpg,train,a,a:000235_jpg,1
a_001187_jpg.jpg,train,a,a:001187_jpg,5
a_005500_jpg.jpg,train,a,a:005500_jpg,1
c_kp1240_jpg.jpg,train,c,c:kp1240_jpg,1
c_nglovpp324_jpg.jpg,train,c,c:nglovpp324_jpg,2
c_NVR-09_Trim_new_Trim-1780_jpg.jpg,train,c,c:NVR-09_Trim_new_Trim-1780_jpg,0
b_image_947_jpg.jpg,train,b,b:image_947_jpg,2
a_004061_jpg.jpg,train,a,a:004061_jpg,2
c_goggle8765104_jpg.jpg,train,c,c:goggle8765104_jpg,1
c_helmet9991000_jpg.jpg,test,c,c:helmet9991000_jpg,1
c_kp835_jpg.jpg,train,c,c:kp835_jpg,1
a_006281_jpg.jpg,train,a,a:006281_jpg,1
c_kp1713_jpg.jpg,train,c,c:kp1713_jpg,1
a_005708_jpg.jpg,train,a,a:005708_jpg,1
c_packing891_jpg.jpg,train,c,c:packing891_jpg,1
c_Nhh_img_147_jpg.jpg,train,c,c:Nhh_img_147_jpg,1
c_PP02img554_jpg.jpg,val,c,c:PP02img554_jpg,7
c_PPE_Data_311_jpg.jpg,train,c,c:PPE_Data_311_jpg,1
a_001322_jpg.jpg,train,a,a:001322_jpg,1
c_frame733_jpg.jpg,test,c,c:frame733_jpg,3
b_ppe_0307_jpg.jpg,train,b,b:ppe_0307_jpg,4
c_p656213171_jpg.jpg,train,c,c:p656213171_jpg,1
c_kp693_jpg.jpg,train,c,c:kp693_jpg,1
c_kp1921_jpg.jpg,train,c,c:kp1921_jpg,1
a_001937_jpg.jpg,train,a,a:001937_jpg,1
c_005434_jpg.jpg,train,c,c:005434_jpg,1
c_packing1493_jpg.jpg,test,c,c:packing1493_jpg,1
b_image_1725_jpg.jpg,train,b,b:image_1725_jpg,1
c_kp1689_jpg.jpg,test,c,c:kp1689_jpg,1
a_004718_jpg.jpg,train,a,a:004718_jpg,8
a_000913_jpg.jpg,train,a,a:000913_jpg,1
a_004740_jpg.jpg,train,a,a:004740_jpg,1
c_PP02img1084_jpg.jpg,val,c,c:PP02img1084_jpg,4
c_frame3935_jpg.jpg,train,c,c:frame3935_jpg,3
c_packing1872_jpg.jpg,train,c,c:packing1872_jpg,1
c_packing1826_jpg.jpg,train,c,c:packing1826_jpg,1
b_image_880_jpg.jpg,train,b,b:image_880_jpg,6
a_006110_jpg.jpg,val,a,a:006110_jpg,8
a_004489_jpg.jpg,train,a,a:004489_jpg,5
c_MX_img_93_jpg.jpg,val,c,c:MX_img_93_jpg,1
c_packing1106_jpg.jpg,train,c,c:packing1106_jpg,3
b_ppe_1127_jpg.jpg,train,b,b:ppe_1127_jpg,4
b_ppe_0653_jpg.jpg,val,b,b:ppe_0653_jpg,5
b_Nein5542_jpg.jpg,test,b,b:Nein5542_jpg,1
a_006094_jpg.jpg,train,a,a:006094_jpg,1
a_005396_jpg.jpg,train,a,a:005396_jpg,1
c_N5h_img_35_jpg.jpg,train,c,c:N5h_img_35_jpg,1
a_000579_jpg.jpg,train,a,a:000579_jpg,4
a_001280_jpg.jpg,val,a,a:001280_jpg,2
c_packing509_jpg.jpg,train,c,c:packing509_jpg,1
c_frame97--3-_jpg.jpg,test,c,c:frame97--3-_jpg,2
c_frame254_jpg.jpg,test,c,c:frame254_jpg,1
c_goggle8765197_jpg.jpg,train,c,c:goggle8765197_jpg,4
c_packing1114_jpg.jpg,train,c,c:packing1114_jpg,2
c_packing1039_jpg.jpg,train,c,c:packing1039_jpg,1
a_006349_jpg.jpg,test,a,a:006349_jpg,10
c_kp1256_jpg.jpg,train,c,c:kp1256_jpg,1
b_20220721_162157_jpg.jpg,val,b,b:20220721_162157_jpg,2
c_kp1135_jpg.jpg,train,c,c:kp1135_jpg,1
c_005483_jpg.jpg,train,c,c:005483_jpg,5
c_PP02img1436_jpg.jpg,val,c,c:PP02img1436_jpg,6
a_005717_jpg.jpg,train,a,a:005717_jpg,9
c_packing1898_jpg.jpg,train,c,c:packing1898_jpg,1
c_helmet999925_jpg.jpg,train,c,c:helmet999925_jpg,2
a_004467_jpg.jpg,train,a,a:004467_jpg,7
a_001205_jpg.jpg,train,a,a:001205_jpg,11
c_packing1117_jpg.jpg,train,c,c:packing1117_jpg,3
c_IMG_4921-2_mp4-123_jpg.jpg,train,c,c:IMG_4921-2_mp4-123_jpg,1
b_image_694_jpg.jpg,train,b,b:image_694_jpg,1
c_p651327_jpg.jpg,train,c,c:p651327_jpg,1
b_image_88_jpg.jpg,train,b,b:image_88_jpg,3
a_006098_jpg.jpg,val,a,a:006098_jpg,4
c_PP02img252_jpg.jpg,train,c,c:PP02img252_jpg,6
c_goggle8765101_jpg.jpg,train,c,c:goggle8765101_jpg,3
a_005110_jpg.jpg,train,a,a:005110_jpg,1
c_fglov1178_jpg.jpg,test,c,c:fglov1178_jpg,1
b_image_801_jpg.jpg,train,b,b:image_801_jpg,5
a_005282_jpg.jpg,train,a,a:005282_jpg,1
a_007053_jpg.jpg,train,a,a:007053_jpg,1
c_img332_jpg.jpg,train,c,c:img332_jpg,5
c_kp4_jpg.jpg,train,c,c:kp4_jpg,2
a_004949_jpg.jpg,train,a,a:004949_jpg,1
c_kp677_jpg.jpg,train,c,c:kp677_jpg,1
c_kp815_jpg.jpg,train,c,c:kp815_jpg,1
a_005532_jpg.jpg,train,a,a:005532_jpg,1
a_002542_jpg.jpg,test,a,a:002542_jpg,2
b_KakaoTalk_20221018_001219713_16_jpg.jpg,test,b,b:KakaoTalk_20221018_001219713_16_jpg,3
c_N5h_img_225_jpg.jpg,train,c,c:N5h_img_225_jpg,1
c_PPE_Data_646_jpg.jpg,test,c,c:PPE_Data_646_jpg,4
a_002295_jpg.jpg,train,a,a:002295_jpg,7
c_packing1713_jpg.jpg,train,c,c:packing1713_jpg,2
c_frame8_jpg.jpg,test,c,c:frame8_jpg,0
c_kp1559_jpg.jpg,train,c,c:kp1559_jpg,2
a_005220_jpg.jpg,test,a,a:005220_jpg,4
c_frame1179_jpg.jpg,train,c,c:frame1179_jpg,0
a_003820_jpg.jpg,train,a,a:003820_jpg,9
c_packing1904_jpg.jpg,train,c,c:packing1904_jpg,1
c_frame1198_jpg.jpg,test,c,c:frame1198_jpg,2
a_006838_jpg.jpg,test,a,a:006838_jpg,5
c_nglovpp2197_jpg.jpg,val,c,c:nglovpp2197_jpg,3
c_Mask-detector1_mov-30_jpg.jpg,val,c,c:Mask-detector1_mov-30_jpg,1
b_00275_jpg.jpg,train,b,b:00275_jpg,3
a_000838_jpg.jpg,train,a,a:000838_jpg,7
c_N5h_img_158_jpg.jpg,train,c,c:N5h_img_158_jpg,1
c_helmet999976_jpg.jpg,train,c,c:helmet999976_jpg,1
c_PPE_Data_281_jpg.jpg,train,c,c:PPE_Data_281_jpg,1
c_packing1091_jpg.jpg,train,c,c:packing1091_jpg,2
a_001063_jpg.jpg,test,a,a:001063_jpg,11
c_img466_jpg.jpg,train,c,c:img466_jpg,4
c_kp1672_jpg.jpg,train,c,c:kp1672_jpg,1
b_ppe_1130_jpg.jpg,train,b,b:ppe_1130_jpg,1
a_000244_jpg.jpg,train,a,a:000244_jpg,1
c_PP02img922_jpg.jpg,train,c,c:PP02img922_jpg,2
b_image_1223_jpg.jpg,train,b,b:image_1223_jpg,3
c_kp597_jpg.jpg,train,c,c:kp597_jpg,2
c_packing618_jpg.jpg,val,c,c:packing618_jpg,3
c_kp668_jpg.jpg,train,c,c:kp668_jpg,1
c_nglovpp37_jpg.jpg,train,c,c:nglovpp37_jpg,1
a_003199_jpg.jpg,train,a,a:003199_jpg,4
c_frame976_jpg.jpg,test,c,c:frame976_jpg,1
a_004254_jpg.jpg,train,a,a:004254_jpg,1
c_p651328_jpg.jpg,train,c,c:p651328_jpg,1
a_000186_jpg.jpg,val,a,a:000186_jpg,17
a_007005_jpg.jpg,train,a,a:007005_jpg,1
b_ppe_1312_jpg.jpg,val,b,b:ppe_1312_jpg,2
c_PP02img1149_jpg.jpg,train,c,c:PP02img1149_jpg,6
c_packing1011_jpg.jpg,train,c,c:packing1011_jpg,2
b_image_1186_jpg.jpg,val,b,b:image_1186_jpg,3
c_frame68--3-_jpg.jpg,train,c,c:frame68--3-_jpg,2
c_Inside-merge_mov-53_jpg.jpg,train,c,c:Inside-merge_mov-53_jpg,0
b_Video2_145_jpg.jpg,train,b,b:Video2_145_jpg,4
a_004509_jpg.jpg,train,a,a:004509_jpg,1
c_packing1027_jpg.jpg,train,c,c:packing1027_jpg,1
a_007047_jpg.jpg,train,a,a:007047_jpg,2
c_kp337_jpg.jpg,train,c,c:kp337_jpg,1
c_IMG_4920_mov-7_jpg.jpg,train,c,c:IMG_4920_mov-7_jpg,1
b_ppe_0273_jpg.jpg,train,b,b:ppe_0273_jpg,1
a_000081_jpg.jpg,train,a,a:000081_jpg,9
b_Tan0914914_jpg.jpg,train,b,b:Tan0914914_jpg,2
a_001770_jpg.jpg,train,a,a:001770_jpg,8
a_002563_jpg.jpg,train,a,a:002563_jpg,3
c_p113199_jpg.jpg,train,c,c:p113199_jpg,1
b_Video3_133_jpg.jpg,val,b,b:Video3_133_jpg,6
a_002140_jpg.jpg,train,a,a:002140_jpg,4
c_p656213152_jpg.jpg,test,c,c:p656213152_jpg,1
c_packing1744_jpg.jpg,train,c,c:packing1744_jpg,1
c_MX_img_72_jpg.jpg,train,c,c:MX_img_72_jpg,1
a_003697_jpg.jpg,train,a,a:003697_jpg,2
c_kp666_jpg.jpg,train,c,c:kp666_jpg,2
c_kp1851_jpg.jpg,train,c,c:kp1851_jpg,1
c_15h_img_283_jpg.jpg,train,c,c:15h_img_283_jpg,1
c_kp1841_jpg.jpg,val,c,c:kp1841_jpg,1
a_001252_jpg.jpg,train,a,a:001252_jpg,1
b_Video3_120_jpg.jpg,train,b,b:Video3_120_jpg,4
a_006803_jpg.jpg,train,a,a:006803_jpg,1
b_ppe_1087_jpg.jpg,val,b,b:ppe_1087_jpg,2
c_goggle876585_jpg.jpg,test,c,c:goggle876585_jpg,3
c_PP02img573_jpg.jpg,train,c,c:PP02img573_jpg,6
a_001483_jpg.jpg,train,a,a:001483_jpg,3
c_frame81--2-_jpg.jpg,val,c,c:frame81--2-_jpg,2
c_mask-wearing-1632937974213_png_jpg.jpg,train,c,c:mask-wearing-1632937974213_png_jpg,1
c_helmet999588_jpg.jpg,val,c,c:helmet999588_jpg,1
c_005459_jpg.jpg,train,c,c:005459_jpg,3
c_kp1638_jpg.jpg,train,c,c:kp1638_jpg,1
a_000156_jpg.jpg,train,a,a:000156_jpg,3
c_packing1212_jpg.jpg,train,c,c:packing1212_jpg,2
c_packing1992_jpg.jpg,train,c,c:packing1992_jpg,1
c_MX_img_97_jpg.jpg,val,c,c:MX_img_97_jpg,1
b_image_927_jpg.jpg,train,b,b:image_927_jpg,3
a_003917_jpg.jpg,train,a,a:003917_jpg,3
c_packing1817_jpg.jpg,train,c,c:packing1817_jpg,1
c_kp1213_jpg.jpg,train,c,c:kp1213_jpg,1
c_PP02img1329_jpg.jpg,train,c,c:PP02img1329_jpg,6
c_packing1606_jpg.jpg,train,c,c:packing1606_jpg,2
c_goggle876543_jpg.jpg,train,c,c:goggle876543_jpg,1
c_packing823_jpg.jpg,train,c,c:packing823_jpg,3
a_000987_jpg.jpg,val,a,a:000987_jpg,3
b_ppe_0749_jpg.jpg,train,b,b:ppe_0749_jpg,6
c_p656213192_jpg.jpg,val,c,c:p656213192_jpg,1
c_frame3911_jpg.jpg,train,c,c:frame3911_jpg,2
b_Aitin3626_jpg.jpg,train,b,b:Aitin3626_jpg,32
c_kp1755_jpg.jpg,train,c,c:kp1755_jpg,1
c_PP02img265_jpg.jpg,test,c,c:PP02img265_jpg,4
b_Video1_176_jpg.jpg,train,b,b:Video1_176_jpg,4
c_PPE_Data_565_jpg.jpg,val,c,c:PPE_Data_565_jpg,2
c_packing69_jpg.jpg,test,c,c:packing69_jpg,2
c_nglov78_jpg.jpg,train,c,c:nglov78_jpg,2
c_PXL_20210930_151811299_jpg.jpg,train,c,c:PXL_20210930_151811299_jpg,2
c_kp1315_jpg.jpg,val,c,c:kp1315_jpg,1
c_helmet9991134_jpg.jpg,train,c,c:helmet9991134_jpg,1
c_helmet999740_jpg.jpg,train,c,c:helmet999740_jpg,1
c_Mask2_mov-2_jpg.jpg,train,c,c:Mask2_mov-2_jpg,1
b_image_43_jpg.jpg,val,b,b:image_43_jpg,9
c_helmet999592_jpg.jpg,val,c,c:helmet999592_jpg,1
c_frame1192_jpg.jpg,val,c,c:frame1192_jpg,0
c_nglov179_jpg.jpg,train,c,c:nglov179_jpg,3
b_ppe_0405_jpg.jpg,test,b,b:ppe_0405_jpg,2
b_images-2022-07-04T013856_jpg.jpg,val,b,b:images-2022-07-04T013856_jpg,1
c_kp117_jpg.jpg,train,c,c:kp117_jpg,1
a_004661_jpg.jpg,val,a,a:004661_jpg,2
c_img255_jpg.jpg,val,c,c:img255_jpg,4
b_image_1189_jpg.jpg,train,b,b:image_1189_jpg,6
c_PP02img988_jpg.jpg,val,c,c:PP02img988_jpg,1
a_006572_jpg.jpg,train,a,a:006572_jpg,9
c_NVR-09_Trim_new_Trim-2694_jpg.jpg,train,c,c:NVR-09_Trim_new_Trim-2694_jpg,3
c_MX_img_186_jpg.jpg,train,c,c:MX_img_186_jpg,1
c_frame1336_jpg.jpg,train,c,c:frame1336_jpg,1
c_packing277_jpg.jpg,train,c,c:packing277_jpg,3
a_003351_jpg.jpg,val,a,a:003351_jpg,2
c_Mask2_mov-64_jpg.jpg,val,c,c:Mask2_mov-64_jpg,1
c_p651336_jpg.jpg,train,c,c:p651336_jpg,1
c_kp913_jpg.jpg,train,c,c:kp913_jpg,1
c_PP02img1116_jpg.jpg,train,c,c:PP02img1116_jpg,5
c_PPE_Data_277_jpg.jpg,train,c,c:PPE_Data_277_jpg,2
c_frame1298_jpg.jpg,train,c,c:frame1298_jpg,1
a_005488_jpg.jpg,train,a,a:005488_jpg,7
a_000015_jpg.jpg,val,a,a:000015_jpg,2
b_ppe_1302_jpg.jpg,train,b,b:ppe_1302_jpg,4
a_001446_jpg.jpg,val,a,a:001446_jpg,9
a_005102_jpg.jpg,train,a,a:005102_jpg,8
c_mask-wearing-1632932117601_png_jpg.jpg,train,c,c:mask-wearing-1632932117601_png_jpg,2
b_image_36_jpg.jpg,train,b,b:image_36_jpg,3
c_helmet999998_jpg.jpg,val,c,c:helmet999998_jpg,1
b_ppe_0531_jpg.jpg,train,b,b:ppe_0531_jpg,2
c_PP02img945_jpg.jpg,train,c,c:PP02img945_jpg,1
c_PP02img609_jpg.jpg,train,c,c:PP02img609_jpg,7
b_image_1303_jpg.jpg,val,b,b:image_1303_jpg,3
c_p11315_jpg.jpg,test,c,c:p11315_jpg,2
c_helmet9991089_jpg.jpg,train,c,c:helmet9991089_jpg,1
a_004127_jpg.jpg,test,a,a:004127_jpg,2
c_Mask-detector1_mov-60_jpg.jpg,train,c,c:Mask-detector1_mov-60_jpg,1
c_img181_jpg.jpg,train,c,c:img181_jpg,4
c_PP02img521_jpg.jpg,val,c,c:PP02img521_jpg,7
c_goggle8765190_jpg.jpg,train,c,c:goggle8765190_jpg,5
c_kp389_jpg.jpg,train,c,c:kp389_jpg,1
a_005754_jpg.jpg,val,a,a:005754_jpg,3
a_001949_jpg.jpg,train,a,a:001949_jpg,3
c_kp1478_jpg.jpg,train,c,c:kp1478_jpg,1
c_packing637_jpg.jpg,val,c,c:packing637_jpg,1
b_images-2022-07-04T013805_jpg.jpg,test,b,b:images-2022-07-04T013805_jpg,2
c_packing254_jpg.jpg,val,c,c:packing254_jpg,1
a_005039_jpg.jpg,test,a,a:005039_jpg,13
c_PPE_Data_647_jpg.jpg,train,c,c:PPE_Data_647_jpg,2
b_ppe_1148_jpg.jpg,val,b,b:ppe_1148_jpg,4
c_PPE_Data_41_jpg.jpg,train,c,c:PPE_Data_41_jpg,1
c_kp67_jpg.jpg,train,c,c:kp67_jpg,1
c_frame27_jpg.jpg,train,c,c:frame27_jpg,2
b_ppe_0699_jpg.jpg,val,b,b:ppe_0699_jpg,3
a_005107_jpg.jpg,train,a,a:005107_jpg,6
c_kp1390_jpg.jpg,train,c,c:kp1390_jpg,1
c_helmet9991035_jpg.jpg,test,c,c:helmet9991035_jpg,1
c_kp928_jpg.jpg,train,c,c:kp928_jpg,1
c_PP02img1132_jpg.jpg,train,c,c:PP02img1132_jpg,2
c_kp328_jpg.jpg,train,c,c:kp328_jpg,1
b_Nein7486_jpg.jpg,test,b,b:Nein7486_jpg,1
b_ppe_0067_jpg.jpg,train,b,b:ppe_0067_jpg,1
a_001350_jpg.jpg,val,a,a:001350_jpg,5
c_img427_jpg.jpg,train,c,c:img427_jpg,3
c_packing1550_jpg.jpg,train,c,c:packing1550_jpg,1
c_PP02img643_jpg.jpg,train,c,c:PP02img643_jpg,4
a_001587_jpg.jpg,val,a,a:001587_jpg,6
c_packing1875_jpg.jpg,val,c,c:packing1875_jpg,1
c_frame1420_jpg.jpg,val,c,c:frame1420_jpg,1
c_PP02img741_jpg.jpg,train,c,c:PP02img741_jpg,3
c_PP02img1103_jpg.jpg,train,c,c:PP02img1103_jpg,3
a_006956_jpg.jpg,val,a,a:006956_jpg,3
c_PP02img822_jpg.jpg,test,c,c:PP02img822_jpg,2
c_p65621347_jpg.jpg,train,c,c:p65621347_jpg,1
a_004383_jpg.jpg,train,a,a:004383_jpg,10
a_000413_jpg.jpg,val,a,a:000413_jpg,3
a_000640_jpg.jpg,test,a,a:000640_jpg,1
c_PP02img1168_jpg.jpg,test,c,c:PP02img1168_jpg,2
c_packing1381_jpg.jpg,train,c,c:packing1381_jpg,1
c_PP02img1052_jpg.jpg,train,c,c:PP02img1052_jpg,4
c_helmet9991022_jpg.jpg,val,c,c:helmet9991022_jpg,1
b_Twalv1202_jpg.jpg,train,b,b:Twalv1202_jpg,1
c_fglov147_jpg.jpg,train,c,c:fglov147_jpg,4
c_frame592_jpg.jpg,train,c,c:frame592_jpg,2
c_kp1600_jpg.jpg,train,c,c:kp1600_jpg,1
c_packing1428_jpg.jpg,train,c,c:packing1428_jpg,1
c_PP02img1304_jpg.jpg,test,c,c:PP02img1304_jpg,4
c_PPE_Data_643_jpg.jpg,train,c,c:PPE_Data_643_jpg,1
c_NVR-09_Trim_new_Trim-2507_jpg.jpg,train,c,c:NVR-09_Trim_new_Trim-2507_jpg,3
c_frame77_jpg.jpg,train,c,c:frame77_jpg,3
b_ppe_0212_jpg.jpg,train,b,b:ppe_0212_jpg,3
c_mask-wearing-1632938125416_png_jpg.jpg,train,c,c:mask-wearing-1632938125416_png_jpg,1
a_002191_jpg.jpg,train,a,a:002191_jpg,3
c_Nhh_img_146_jpg.jpg,train,c,c:Nhh_img_146_jpg,1
a_003343_jpg.jpg,train,a,a:003343_jpg,2
a_003687_jpg.jpg,train,a,a:003687_jpg,1
c_Mask2_mov-46_jpg.jpg,train,c,c:Mask2_mov-46_jpg,1
c_p6562135_jpg.jpg,val,c,c:p6562135_jpg,1
c_packing1985_jpg.jpg,train,c,c:packing1985_jpg,1
c_frame122_jpg.jpg,val,c,c:frame122_jpg,2
b_Video4_45_jpg.jpg,train,b,b:Video4_45_jpg,6
a_003333_jpg.jpg,train,a,a:003333_jpg,6
c_frame283_jpg.jpg,train,c,c:frame283_jpg,1
c_PP02img601_jpg.jpg,train,c,c:PP02img601_jpg,6
c_PP02img892_jpg.jpg,train,c,c:PP02img892_jpg,1
c_helmet999857_jpg.jpg,train,c,c:helmet999857_jpg,1
b_image_180_jpg.jpg,train,b,b:image_180_jpg,4
a_001417_jpg.jpg,train,a,a:001417_jpg,4
b_image_309_jpg.jpg,train,b,b:image_309_jpg,6
b_image_659_jpg.jpg,val,b,b:image_659_jpg,3
c_kp904_jpg.jpg,val,c,c:kp904_jpg,1
c_packing320_jpg.jpg,train,c,c:packing320_jpg,1
b_image_1343_jpg.jpg,test,b,b:image_1343_jpg,2
b_image_1122_jpg.jpg,val,b,b:image_1122_jpg,3
c_packing1797_jpg.jpg,train,c,c:packing1797_jpg,1
c_packing1740_jpg.jpg,val,c,c:packing1740_jpg,2
c_PP02img912_jpg.jpg,train,c,c:PP02img912_jpg,1
b_image_346_jpg.jpg,val,b,b:image_346_jpg,3
c_packing1150_jpg.jpg,train,c,c:packing1150_jpg,1
c_packing1558_jpg.jpg,train,c,c:packing1558_jpg,2
a_004747_jpg.jpg,train,a,a:004747_jpg,1
c_PP02img678_jpg.jpg,train,c,c:PP02img678_jpg,2
c_kp942_jpg.jpg,train,c,c:kp942_jpg,1
b_image_370_jpg.jpg,test,b,b:image_370_jpg,3
c_img131_jpg.jpg,train,c,c:img131_jpg,4
c_kp950_jpg.jpg,train,c,c:kp950_jpg,1
c_kp41_jpg.jpg,train,c,c:kp41_jpg,2
c_005536_jpg.jpg,train,c,c:005536_jpg,5
c_PP02img191_jpg.jpg,test,c,c:PP02img191_jpg,7
b_image_1659_jpg.jpg,val,b,b:image_1659_jpg,3
c_PPE_Data_160_jpg.jpg,train,c,c:PPE_Data_160_jpg,2
b_image_1168_jpg.jpg,val,b,b:image_1168_jpg,12
c_helmet9991193_jpg.jpg,val,c,c:helmet9991193_jpg,1
c_PP02img1398_jpg.jpg,train,c,c:PP02img1398_jpg,4
a_006455_jpg.jpg,train,a,a:006455_jpg,3
c_p11382_jpg.jpg,val,c,c:p11382_jpg,1
c_kp287_jpg.jpg,train,c,c:kp287_jpg,1
a_005440_jpg.jpg,train,a,a:005440_jpg,7
c_kp660_jpg.jpg,test,c,c:kp660_jpg,2
c_packing1497_jpg.jpg,train,c,c:packing1497_jpg,2
a_001152_jpg.jpg,train,a,a:001152_jpg,2
c_PP02img1106_jpg.jpg,train,c,c:PP02img1106_jpg,4
a_003656_jpg.jpg,val,a,a:003656_jpg,1
a_001127_jpg.jpg,val,a,a:001127_jpg,2
b_ppe_0875_jpg.jpg,train,b,b:ppe_0875_jpg,9
c_kp596_jpg.jpg,val,c,c:kp596_jpg,2
c_PPE_Data_940_jpg.jpg,train,c,c:PPE_Data_940_jpg,0
c_w1240-p16x9-fa978043deff83fed485af12d16e39c61398fc30_jpg.jpg,val,c,c:w1240-p16x9-fa978043deff83fed485af12d16e39c61398fc30_jpg,1
c_img357_jpg.jpg,train,c,c:img357_jpg,2
a_002996_jpg.jpg,train,a,a:002996_jpg,1
c_PPE_Data_187_jpg.jpg,test,c,c:PPE_Data_187_jpg,4
b_ppe_0582_jpg.jpg,train,b,b:ppe_0582_jpg,6
b_ppe_1212_jpg.jpg,val,b,b:ppe_1212_jpg,12
b_ppe_0851_jpg.jpg,train,b,b:ppe_0851_jpg,4
b_image_496_jpg.jpg,test,b,b:image_496_jpg,3
c_helmet9991098_jpg.jpg,train,c,c:helmet9991098_jpg,2
c_packing346_jpg.jpg,val,c,c:packing346_jpg,1
c_nglovpp3143_jpg.jpg,train,c,c:nglovpp3143_jpg,1
a_006837_jpg.jpg,train,a,a:006837_jpg,1
c_img493_jpg.jpg,train,c,c:img493_jpg,2
c_frame146_jpg.jpg,train,c,c:frame146_jpg,0
c_PP02img15_jpg.jpg,val,c,c:PP02img15_jpg,4
c_frame80_jpg.jpg,val,c,c:frame80_jpg,3
c_packing1652_jpg.jpg,train,c,c:packing1652_jpg,1
a_005403_jpg.jpg,train,a,a:005403_jpg,5
b_Video3_20_jpg.jpg,val,b,b:Video3_20_jpg,4
c_kp697_jpg.jpg,train,c,c:kp697_jpg,1
a_001863_jpg.jpg,train,a,a:001863_jpg,2
c_frame603_jpg.jpg,train,c,c:frame603_jpg,2
c_PP02img435_jpg.jpg,val,c,c:PP02img435_jpg,4
a_004197_jpg.jpg,val,a,a:004197_jpg,3
b_ppe_0374_jpg.jpg,train,b,b:ppe_0374_jpg,17
c_goggle876540_jpg.jpg,train,c,c:goggle876540_jpg,4
c_frame1429_jpg.jpg,train,c,c:frame1429_jpg,1
c_kp185_jpg.jpg,val,c,c:kp185_jpg,1
c_goggle876513_jpg.jpg,val,c,c:goggle876513_jpg,2
a_002328_jpg.jpg,test,a,a:002328_jpg,6
b_image_288_jpg.jpg,test,b,b:image_288_jpg,3
b_Video3_240_jpg.jpg,test,b,b:Video3_240_jpg,4
c_PP02img1022_jpg.jpg,train,c,c:PP02img1022_jpg,4
c_PP02img55_jpg.jpg,train,c,c:PP02img55_jpg,8
c_PP02img341_jpg.jpg,test,c,c:PP02img341_jpg,2
a_001637_jpg.jpg,train,a,a:001637_jpg,6
c_kp994_jpg.jpg,test,c,c:kp994_jpg,1
c_PP02img1048_jpg.jpg,val,c,c:PP02img1048_jpg,2
a_003680_jpg.jpg,val,a,a:003680_jpg,2
c_PP02img62_jpg.jpg,train,c,c:PP02img62_jpg,7
c_kp144_jpg.jpg,train,c,c:kp144_jpg,1
a_002833_jpg.jpg,val,a,a:002833_jpg,4
c_kp1762_jpg.jpg,val,c,c:kp1762_jpg,1
a_005800_jpg.jpg,val,a,a:005800_jpg,2
c_kp1999_jpg.jpg,val,c,c:kp1999_jpg,1
c_frame1169_jpg.jpg,train,c,c:frame1169_jpg,0
c_005303_jpg.jpg,train,c,c:005303_jpg,2
c_PP02img742_jpg.jpg,train,c,c:PP02img742_jpg,4
c_frame644_jpg.jpg,train,c,c:frame644_jpg,0
a_005183_jpg.jpg,train,a,a:005183_jpg,2
a_000648_jpg.jpg,train,a,a:000648_jpg,5
c_nglov146_jpg.jpg,test,c,c:nglov146_jpg,3
c_MX_img_165_jpg.jpg,test,c,c:MX_img_165_jpg,2
c_packing1721_jpg.jpg,val,c,c:packing1721_jpg,2
c_frame710_jpg.jpg,test,c,c:frame710_jpg,3
a_002142_jpg.jpg,train,a,a:002142_jpg,6
a_004513_jpg.jpg,train,a,a:004513_jpg,9
a_000762_jpg.jpg,train,a,a:000762_jpg,4
a_003953_jpg.jpg,test,a,a:003953_jpg,10
c_PP02img1076_jpg.jpg,train,c,c:PP02img1076_jpg,2
c_kp267_jpg.jpg,val,c,c:kp267_jpg,1
a_006741_jpg.jpg,train,a,a:006741_jpg,7
c_packing1890_jpg.jpg,val,c,c:packing1890_jpg,1
c_packing295_jpg.jpg,train,c,c:packing295_jpg,2
c_packing1179_jpg.jpg,train,c,c:packing1179_jpg,1
a_004055_jpg.jpg,test,a,a:004055_jpg,5
c_kp1385_jpg.jpg,train,c,c:kp1385_jpg,1
b_ppe_0766_jpg.jpg,train,b,b:ppe_0766_jpg,6
c_kp1937_jpg.jpg,train,c,c:kp1937_jpg,1
c_PP02img189_jpg.jpg,val,c,c:PP02img189_jpg,6
c_packing1434_jpg.jpg,train,c,c:packing1434_jpg,2
c_N5h_img_85_jpg.jpg,train,c,c:N5h_img_85_jpg,1
c_packing1696_jpg.jpg,train,c,c:packing1696_jpg,2
c_frame145--2-_jpg.jpg,train,c,c:frame145--2-_jpg,2
c_packing855_jpg.jpg,train,c,c:packing855_jpg,2
b_Video2_91_jpg.jpg,val,b,b:Video2_91_jpg,4
c_packing649_jpg.jpg,train,c,c:packing649_jpg,1
c_packing318_jpg.jpg,train,c,c:packing318_jpg,2
b_ppe_1301_jpg.jpg,train,b,b:ppe_1301_jpg,10
a_003750_jpg.jpg,train,a,a:003750_jpg,3
c_PP02img1308_jpg.jpg,train,c,c:PP02img1308_jpg,3
a_001976_jpg.jpg,train,a,a:001976_jpg,1
c_goggle87651_jpg.jpg,val,c,c:goggle87651_jpg,4
c_img162_jpg.jpg,train,c,c:img162_jpg,4
a_003936_jpg.jpg,train,a,a:003936_jpg,1
c_frame1365_jpg.jpg,train,c,c:frame1365_jpg,0
a_001554_jpg.jpg,train,a,a:001554_jpg,1
c_PP02img285_jpg.jpg,train,c,c:PP02img285_jpg,5
c_packing924_jpg.jpg,train,c,c:packing924_jpg,1
c_PP02img1050_jpg.jpg,val,c,c:PP02img1050_jpg,2
c_helmet999610_jpg.jpg,train,c,c:helmet999610_jpg,1
c_p65213156_jpg.jpg,train,c,c:p65213156_jpg,1
c_mask-wearing-1632937761564_png_jpg.jpg,val,c,c:mask-wearing-1632937761564_png_jpg,1
a_004604_jpg.jpg,train,a,a:004604_jpg,4
c_kp61_jpg.jpg,val,c,c:kp61_jpg,1
b_Tan0933933_jpg.jpg,train,b,b:Tan0933933_jpg,3
c_frame2178_jpg.jpg,train,c,c:frame2178_jpg,0
b_ppe_0608_jpg.jpg,val,b,b:ppe_0608_jpg,6
a_001903_jpg.jpg,train,a,a:001903_jpg,13
c_kp1512_jpg.jpg,train,c,c:kp1512_jpg,1
c_PP02img275_jpg.jpg,train,c,c:PP02img275_jpg,4
a_005196_jpg.jpg,train,a,a:005196_jpg,1
c_frame697_jpg.jpg,train,c,c:frame697_jpg,0
c_goggle876583_jpg.jpg,train,c,c:goggle876583_jpg,4
b_ppe_0746_jpg.jpg,train,b,b:ppe_0746_jpg,10
c_frame86--3-_jpg.jpg,val,c,c:frame86--3-_jpg,2
c_img274_jpg.jpg,train,c,c:img274_jpg,2
c_nglovpp279_jpg.jpg,train,c,c:nglovpp279_jpg,2
b_image_161_jpg.jpg,val,b,b:image_161_jpg,6
c_PXL_20210930_152055464_jpg.jpg,train,c,c:PXL_20210930_152055464_jpg,1
c_kp103_jpg.jpg,test,c,c:kp103_jpg,1
c_packing572_jpg.jpg,train,c,c:packing572_jpg,1
c_img484_jpg.jpg,train,c,c:img484_jpg,3
c_frame1317_jpg.jpg,train,c,c:frame1317_jpg,2
b_ppe_0925_jpg.jpg,val,b,b:ppe_0925_jpg,9
a_005192_jpg.jpg,train,a,a:005192_jpg,1
c_MX_img_107_jpg.jpg,train,c,c:MX_img_107_jpg,1
c_packing540_jpg.jpg,train,c,c:packing540_jpg,1
a_002934_jpg.jpg,train,a,a:002934_jpg,2
c_PP02img964_jpg.jpg,train,c,c:PP02img964_jpg,3
c_PP02img1420_jpg.jpg,train,c,c:PP02img1420_jpg,4
c_img303_jpg.jpg,train,c,c:img303_jpg,5
c_kp1255_jpg.jpg,val,c,c:kp1255_jpg,1
c_frame143_jpg.jpg,train,c,c:frame143_jpg,1
a_005976_jpg.jpg,train,a,a:005976_jpg,1
a_000570_jpg.jpg,val,a,a:000570_jpg,5
a_001878_jpg.jpg,train,a,a:001878_jpg,2
c_p113130_jpg.jpg,train,c,c:p113130_jpg,1
c_kp1262_jpg.jpg,train,c,c:kp1262_jpg,1
c_helmet9991090_jpg.jpg,train,c,c:helmet9991090_jpg,1
c_p656213163_jpg.jpg,train,c,c:p656213163_jpg,1
b_ppe_0121_jpg.jpg,train,b,b:ppe_0121_jpg,2
b_image_752_jpg.jpg,train,b,b:image_752_jpg,3
a_005239_jpg.jpg,test,a,a:005239_jpg,5
a_001892_jpg.jpg,train,a,a:001892_jpg,5
c_packing1775_jpg.jpg,train,c,c:packing1775_jpg,1
a_001726_jpg.jpg,train,a,a:001726_jpg,1
a_004826_jpg.jpg,val,a,a:004826_jpg,2
c_packing520_jpg.jpg,train,c,c:packing520_jpg,2
b_ppe_0637_jpg.jpg,train,b,b:ppe_0637_jpg,6
a_000148_jpg.jpg,train,a,a:000148_jpg,6
c_fglov1141_jpg.jpg,train,c,c:fglov1141_jpg,5
c_Mask2_mov-8_jpg.jpg,val,c,c:Mask2_mov-8_jpg,1
c_frame97_jpg.jpg,train,c,c:frame97_jpg,2
b_li-lin-rZcC9J5ZT6I-unsplash_jpg.jpg,train,b,b:li-lin-rZcC9J5ZT6I-unsplash_jpg,13
b_ppe_0788_jpg.jpg,test,b,b:ppe_0788_jpg,2
c_img401_jpg.jpg,train,c,c:img401_jpg,6
a_003537_jpg.jpg,train,a,a:003537_jpg,1
a_000708_jpg.jpg,train,a,a:000708_jpg,4
a_003701_jpg.jpg,val,a,a:003701_jpg,8
c_nglovpp234_jpg.jpg,train,c,c:nglovpp234_jpg,3
c_mask-wearing-1632937520400_png_jpg.jpg,val,c,c:mask-wearing-1632937520400_png_jpg,1
c_US-expands-coronavirus-screenings-United-suspends-some-flights-to-China_jpg.jpg,train,c,c:US-expands-coronavirus-screenings-United-suspends-some-flights-to-China_jpg,2
c_kp18_jpg.jpg,train,c,c:kp18_jpg,2
c_PP02img421_jpg.jpg,train,c,c:PP02img421_jpg,5
c_helmet9991059_jpg.jpg,val,c,c:helmet9991059_jpg,1
a_005328_jpg.jpg,train,a,a:005328_jpg,1
b_ppe_0684_jpg.jpg,train,b,b:ppe_0684_jpg,4
a_002911_jpg.jpg,train,a,a:002911_jpg,9
c_005404_jpg.jpg,train,c,c:005404_jpg,8
c_PPE_Data_104_jpg.jpg,train,c,c:PPE_Data_104_jpg,1
b_Tan0150150_jpg.jpg,val,b,b:Tan0150150_jpg,2
c_005440_jpg.jpg,train,c,c:005440_jpg,6
c_packing1472_jpg.jpg,train,c,c:packing1472_jpg,1
a_005019_jpg.jpg,train,a,a:005019_jpg,18
c_frame775_jpg.jpg,train,c,c:frame775_jpg,3
c_IMG_4921-2_mp4-90_jpg.jpg,train,c,c:IMG_4921-2_mp4-90_jpg,1
c_img85_jpg.jpg,train,c,c:img85_jpg,3
c_fglov19_jpg.jpg,train,c,c:fglov19_jpg,1
c_PP02img1235_jpg.jpg,train,c,c:PP02img1235_jpg,5
a_005975_jpg.jpg,train,a,a:005975_jpg,3
a_005740_jpg.jpg,train,a,a:005740_jpg,4
c_MX_img_77_jpg.jpg,train,c,c:MX_img_77_jpg,1
c_kp238_jpg.jpg,train,c,c:kp238_jpg,1
a_004598_jpg.jpg,train,a,a:004598_jpg,4
a_000426_jpg.jpg,train,a,a:000426_jpg,2
c_no-mask_mov-16_jpg.jpg,test,c,c:no-mask_mov-16_jpg,1
c_packing148_jpg.jpg,train,c,c:packing148_jpg,1
c_Mask2_mov-59_jpg.jpg,val,c,c:Mask2_mov-59_jpg,1
c_kp1010_jpg.jpg,train,c,c:kp1010_jpg,1
c_frame2993_jpg.jpg,test,c,c:frame2993_jpg,3
a_005789_jpg.jpg,val,a,a:005789_jpg,6
c_PP02img1057_jpg.jpg,train,c,c:PP02img1057_jpg,4
a_005838_jpg.jpg,train,a,a:005838_jpg,3
c_packing1012_jpg.jpg,train,c,c:packing1012_jpg,2
c_frame1271_jpg.jpg,train,c,c:frame1271_jpg,0
c_kp98_jpg.jpg,val,c,c:kp98_jpg,1
c_frame148--2-_jpg.jpg,train,c,c:frame148--2-_jpg,3
c_PP02img607_jpg.jpg,train,c,c:PP02img607_jpg,7
c_img267_jpg.jpg,train,c,c:img267_jpg,4
a_005502_jpg.jpg,train,a,a:005502_jpg,7
a_000774_jpg.jpg,train,a,a:000774_jpg,1
b_ppe_0976_jpg.jpg,train,b,b:ppe_0976_jpg,4
c_img201_jpg.jpg,train,c,c:img201_jpg,4
a_003765_jpg.jpg,train,a,a:003765_jpg,3
c_kp1245_jpg.jpg,train,c,c:kp1245_jpg,1
c_Inside-merge_mov-1_jpg.jpg,train,c,c:Inside-merge_mov-1_jpg,0
b_ppe_0734_jpg.jpg,train,b,b:ppe_0734_jpg,4
c_frame1628_jpg.jpg,val,c,c:frame1628_jpg,1
c_mask-wearing-1632931949906_png_jpg.jpg,test,c,c:mask-wearing-1632931949906_png_jpg,3
c_kp803_jpg.jpg,train,c,c:kp803_jpg,1
c_PP02img746_jpg.jpg,train,c,c:PP02img746_jpg,2
c_helmet9991083_jpg.jpg,train,c,c:helmet9991083_jpg,1
c_goggle8765126_jpg.jpg,test,c,c:goggle8765126_jpg,2
c_frame477_jpg.jpg,val,c,c:frame477_jpg,0
a_005088_jpg.jpg,train,a,a:005088_jpg,3
c_packing135_jpg.jpg,test,c,c:packing135_jpg,1
c_kp633_jpg.jpg,train,c,c:kp633_jpg,2
a_000360_jpg.jpg,train,a,a:000360_jpg,1
c_IMG_4921-2_mp4-28_jpg.jpg,train,c,c:IMG_4921-2_mp4-28_jpg,1
c_005454_jpg.jpg,train,c,c:005454_jpg,5
b_image_300_jpg.jpg,val,b,b:image_300_jpg,3
a_003120_jpg.jpg,val,a,a:003120_jpg,2
a_007011_jpg.jpg,train,a,a:007011_jpg,5
c_Nhh_img_80_jpg.jpg,train,c,c:Nhh_img_80_jpg,1
c_frame108_jpg.jpg,train,c,c:frame108_jpg,2
c_packing1741_jpg.jpg,val,c,c:packing1741_jpg,2
c_PPE_Data_252_jpg.jpg,test,c,c:PPE_Data_252_jpg,1
a_002223_jpg.jpg,test,a,a:002223_jpg,15
c_MX_img_172_jpg.jpg,val,c,c:MX_img_172_jpg,1
b_ppe_0639_jpg.jpg,train,b,b:ppe_0639_jpg,2
b_image_1119_jpg.jpg,val,b,b:image_1119_jpg,6
c_kp174_jpg.jpg,train,c,c:kp174_jpg,1
c_frame58--2-_jpg.jpg,test,c,c:frame58--2-_jpg,2
c_PPE_Data_355_jpg.jpg,val,c,c:PPE_Data_355_jpg,2
c_frame70--3-_jpg.jpg,train,c,c:frame70--3-_jpg,2
a_006096_jpg.jpg,train,a,a:006096_jpg,6
c_helmet999677_jpg.jpg,train,c,c:helmet999677_jpg,1
c_frame281_jpg.jpg,test,c,c:frame281_jpg,1
c_packing622_jpg.jpg,train,c,c:packing622_jpg,2
c_kp1958_jpg.jpg,val,c,c:kp1958_jpg,1
c_nglovpp317_jpg.jpg,train,c,c:nglovpp317_jpg,3
c_N5h_img_246_jpg.jpg,train,c,c:N5h_img_246_jpg,1
b_ppe_0351_jpg.jpg,test,b,b:ppe_0351_jpg,2
c_frame1164--2-_jpg.jpg,train,c,c:frame1164--2-_jpg,0
c_MX_img_102_jpg.jpg,test,c,c:MX_img_102_jpg,1
c_helmet999793_jpg.jpg,train,c,c:helmet999793_jpg,1
b_ppe_0716_jpg.jpg,test,b,b:ppe_0716_jpg,3
c_PP02img370_jpg.jpg,test,c,c:PP02img370_jpg,5
b_image_149_jpg.jpg,train,b,b:image_149_jpg,2
a_000797_jpg.jpg,val,a,a:000797_jpg,2
c_IMG_4920_mov-22_jpg.jpg,val,c,c:IMG_4920_mov-22_jpg,1
c_PPE_Data_580_jpg.jpg,test,c,c:PPE_Data_580_jpg,2
c_005528_jpg.jpg,train,c,c:005528_jpg,3
c_PPE_Data_238_jpg.jpg,test,c,c:PPE_Data_238_jpg,1
c_p651341_jpg.jpg,train,c,c:p651341_jpg,1
b_image_226_jpg.jpg,val,b,b:image_226_jpg,3
c_img285_jpg.jpg,train,c,c:img285_jpg,4
a_001727_jpg.jpg,train,a,a:001727_jpg,1
c_N5h_img_61_jpg.jpg,train,c,c:N5h_img_61_jpg,1
c_kp910_jpg.jpg,train,c,c:kp910_jpg,1
b_image_188_jpg.jpg,train,b,b:image_188_jpg,4
c_kp1584_jpg.jpg,train,c,c:kp1584_jpg,2
b_ppe_0174_jpg.jpg,val,b,b:ppe_0174_jpg,3
c_helmet9991135_jpg.jpg,train,c,c:helmet9991135_jpg,1
a_000788_jpg.jpg,train,a,a:000788_jpg,3
b_Video1_44_jpg.jpg,test,b,b:Video1_44_jpg,4
a_000655_jpg.jpg,val,a,a:000655_jpg,2
b_image_973_jpg.jpg,train,b,b:image_973_jpg,3
c_packing859_jpg.jpg,train,c,c:packing859_jpg,1
c_packing1224_jpg.jpg,train,c,c:packing1224_jpg,1
c_IMG_4921-2_mp4-71_jpg.jpg,test,c,c:IMG_4921-2_mp4-71_jpg,1
a_004189_jpg.jpg,train,a,a:004189_jpg,6
c_packing865_jpg.jpg,train,c,c:packing865_jpg,2
c_helmet999987_jpg.jpg,train,c,c:helmet999987_jpg,1
c_kp1464_jpg.jpg,train,c,c:kp1464_jpg,1
b_image_822_jpg.jpg,train,b,b:image_822_jpg,1
c_kp1022_jpg.jpg,test,c,c:kp1022_jpg,1
c_kp1552_jpg.jpg,train,c,c:kp1552_jpg,3
a_001631_jpg.jpg,train,a,a:001631_jpg,2
c_p1136_jpg.jpg,train,c,c:p1136_jpg,2
c_packing919_jpg.jpg,val,c,c:packing919_jpg,1
c_kp370_jpg.jpg,train,c,c:kp370_jpg,1
a_003724_jpg.jpg,train,a,a:003724_jpg,6
c_helmet999687_jpg.jpg,train,c,c:helmet999687_jpg,1
a_002413_jpg.jpg,train,a,a:002413_jpg,7
a_006261_jpg.jpg,test,a,a:006261_jpg,5
a_006165_jpg.jpg,train,a,a:006165_jpg,2
c_goggle876587_jpg.jpg,val,c,c:goggle876587_jpg,3
c_packing58_jpg.jpg,train,c,c:packing58_jpg,2
c_PP02img1298_jpg.jpg,train,c,c:PP02img1298_jpg,2
a_004296_jpg.jpg,test,a,a:004296_jpg,8
c_packing1137_jpg.jpg,train,c,c:packing1137_jpg,2
a_005594_jpg.jpg,val,a,a:005594_jpg,5
c_IMG_4921-2_mp4-6_jpg.jpg,train,c,c:IMG_4921-2_mp4-6_jpg,1
a_006312_jpg.jpg,val,a,a:006312_jpg,8
a_001245_jpg.jpg,train,a,a:001245_jpg,4
a_004967_jpg.jpg,val,a,a:004967_jpg,3
c_kp1469_jpg.jpg,train,c,c:kp1469_jpg,1
a_006907_jpg.jpg,val,a,a:006907_jpg,1
c_nglovpp2172_jpg.jpg,train,c,c:nglovpp2172_jpg,3
b_image_1025_jpg.jpg,train,b,b:image_1025_jpg,3
a_000450_jpg.jpg,train,a,a:000450_jpg,1
c_Inside-merge_mov-24_jpg.jpg,test,c,c:Inside-merge_mov-24_jpg,0
c_goggle876547_jpg.jpg,val,c,c:goggle876547_jpg,3
b_Video3_126_jpg.jpg,train,b,b:Video3_126_jpg,4
c_frame1280_jpg.jpg,train,c,c:frame1280_jpg,0
a_006785_jpg.jpg,train,a,a:006785_jpg,3
c_packing1059_jpg.jpg,test,c,c:packing1059_jpg,1
a_000597_jpg.jpg,train,a,a:000597_jpg,1
c_Nhh_img_152_jpg.jpg,train,c,c:Nhh_img_152_jpg,1
c_kp42_jpg.jpg,train,c,c:kp42_jpg,2
c_packing250_jpg.jpg,train,c,c:packing250_jpg,1
c_packing301_jpg.jpg,train,c,c:packing301_jpg,1
c_PP02img652_jpg.jpg,train,c,c:PP02img652_jpg,3
a_005810_jpg.jpg,train,a,a:005810_jpg,6
a_001313_jpg.jpg,train,a,a:001313_jpg,6
c_005362_jpg.jpg,train,c,c:005362_jpg,9
c_packing860_jpg.jpg,train,c,c:packing860_jpg,2
c_goggle8765121_jpg.jpg,train,c,c:goggle8765121_jpg,3
a_001845_jpg.jpg,train,a,a:001845_jpg,6
c_kp48_jpg.jpg,train,c,c:kp48_jpg,1
c_packing9_jpg.jpg,val,c,c:packing9_jpg,3
b_ppe_0053_jpg.jpg,train,b,b:ppe_0053_jpg,3
c_kp806_jpg.jpg,train,c,c:kp806_jpg,1
b_ppe_1186_jpg.jpg,train,b,b:ppe_1186_jpg,5
c_helmet999904_jpg.jpg,train,c,c:helmet999904_jpg,1
b_Video1_12_jpg.jpg,test,b,b:Video1_12_jpg,4
a_000048_jpg.jpg,train,a,a:000048_jpg,5
c_fglov1107_jpg.jpg,val,c,c:fglov1107_jpg,3
b_ppe_0922_jpg.jpg,val,b,b:ppe_0922_jpg,3
b_Video4_27_jpg.jpg,train,b,b:Video4_27_jpg,4
c_nglovpp3103_jpg.jpg,train,c,c:nglovpp3103_jpg,1
c_packing535_jpg.jpg,val,c,c:packing535_jpg,1
c_kp1541_jpg.jpg,train,c,c:kp1541_jpg,2
b_ppe_1197_jpg.jpg,train,b,b:ppe_1197_jpg,3
c_frame1419_jpg.jpg,val,c,c:frame1419_jpg,1
b_image_1258_jpg.jpg,test,b,b:image_1258_jpg,3
a_005536_jpg.jpg,val,a,a:005536_jpg,7
a_006590_jpg.jpg,val,a,a:006590_jpg,2
a_000682_jpg.jpg,train,a,a:000682_jpg,2
c_frame601--2-_jpg.jpg,train,c,c:frame601--2-_jpg,0
c_helmet999907_jpg.jpg,train,c,c:helmet999907_jpg,1
c_kp1114_jpg.jpg,train,c,c:kp1114_jpg,1
a_004825_jpg.jpg,val,a,a:004825_jpg,2
a_004948_jpg.jpg,train,a,a:004948_jpg,2
c_kp861_jpg.jpg,train,c,c:kp861_jpg,1
a_005421_jpg.jpg,train,a,a:005421_jpg,2
c_packing1827_jpg.jpg,val,c,c:packing1827_jpg,1
c_fglov120_jpg.jpg,train,c,c:fglov120_jpg,1
a_006370_jpg.jpg,train,a,a:006370_jpg,1
c_kp748_jpg.jpg,val,c,c:kp748_jpg,1
a_005790_jpg.jpg,val,a,a:005790_jpg,8
c_helmet999604_jpg.jpg,val,c,c:helmet999604_jpg,1
c_kp64_jpg.jpg,train,c,c:kp64_jpg,1
a_006157_jpg.jpg,train,a,a:006157_jpg,4
a_001083_jpg.jpg,train,a,a:001083_jpg,1
c_PP02img793_jpg.jpg,train,c,c:PP02img793_jpg,4
c_goggle8765179_jpg.jpg,train,c,c:goggle8765179_jpg,4
c_kp725_jpg.jpg,val,c,c:kp725_jpg,1
b_image_758_jpg.jpg,test,b,b:image_758_jpg,3
c_IMG_4921-2_mp4-129_jpg.jpg,val,c,c:IMG_4921-2_mp4-129_jpg,1
b_ppe_1160_jpg.jpg,train,b,b:ppe_1160_jpg,6
c_p65136_jpg.jpg,train,c,c:p65136_jpg,1
b_ppe_0779_jpg.jpg,train,b,b:ppe_0779_jpg,2
a_002455_jpg.jpg,train,a,a:002455_jpg,4
c_frame110_jpg.jpg,val,c,c:frame110_jpg,2
c_PP02img185_jpg.jpg,test,c,c:PP02img185_jpg,5
c_kp366_jpg.jpg,train,c,c:kp366_jpg,1
c_frame64--2-_jpg.jpg,train,c,c:frame64--2-_jpg,0
c_fglov143_jpg.jpg,train,c,c:fglov143_jpg,4
b_images-2022-07-04T013716_jpg.jpg,val,b,b:images-2022-07-04T013716_jpg,2
c_helmet999502_jpg.jpg,test,c,c:helmet999502_jpg,4
a_005777_jpg.jpg,train,a,a:005777_jpg,1
c_frame439_jpg.jpg,val,c,c:frame439_jpg,0
b_ppe_1106_jpg.jpg,train,b,b:ppe_1106_jpg,2
c_nglov7_jpg.jpg,train,c,c:nglov7_jpg,3
c_goggle87659_jpg.jpg,train,c,c:goggle87659_jpg,6
c_helmet999854_jpg.jpg,train,c,c:helmet999854_jpg,1
c_kp1884_jpg.jpg,val,c,c:kp1884_jpg,1
b_image_215_jpg.jpg,train,b,b:image_215_jpg,4
c_kp1575_jpg.jpg,train,c,c:kp1575_jpg,2
a_000877_jpg.jpg,train,a,a:000877_jpg,6
c_helmet999728_jpg.jpg,train,c,c:helmet999728_jpg,1
c_packing710_jpg.jpg,train,c,c:packing710_jpg,1
c_img439_jpg.jpg,train,c,c:img439_jpg,3
c_frame87--2-_jpg.jpg,val,c,c:frame87--2-_jpg,2
c_packing1260_jpg.jpg,val,c,c:packing1260_jpg,1
c_PPE_Data_114_jpg.jpg,test,c,c:PPE_Data_114_jpg,4
a_001408_jpg.jpg,train,a,a:001408_jpg,3
b_20220721_162553_jpg.jpg,val,b,b:20220721_162553_jpg,2
c_helmet999578_jpg.jpg,val,c,c:helmet999578_jpg,1
c_PP02img571_jpg.jpg,val,c,c:PP02img571_jpg,9
a_000041_jpg.jpg,train,a,a:000041_jpg,12
a_001362_jpg.jpg,test,a,a:001362_jpg,2
c_packing1009_jpg.jpg,train,c,c:packing1009_jpg,2
b_image_1603_jpg.jpg,val,b,b:image_1603_jpg,3
c_PP02img929_jpg.jpg,train,c,c:PP02img929_jpg,2
b_ppe_1077_jpg.jpg,train,b,b:ppe_1077_jpg,10
c_PP02img918_jpg.jpg,train,c,c:PP02img918_jpg,2
b_Video4_32_jpg.jpg,val,b,b:Video4_32_jpg,5
c_PPE_Data_785_jpg.jpg,train,c,c:PPE_Data_785_jpg,2
c_1224331650_g_400-w_g_jpg.jpg,test,c,c:1224331650_g_400-w_g_jpg,4
a_005785_jpg.jpg,train,a,a:005785_jpg,14
a_003878_jpg.jpg,train,a,a:003878_jpg,8
b_image_1339_jpg.jpg,train,b,b:image_1339_jpg,6
b_Video4_18_jpg.jpg,val,b,b:Video4_18_jpg,4
a_000972_jpg.jpg,train,a,a:000972_jpg,1
c_p65621384_jpg.jpg,train,c,c:p65621384_jpg,1
b_image_367_jpg.jpg,val,b,b:image_367_jpg,3
c_packing563_jpg.jpg,train,c,c:packing563_jpg,1
c_PPE_Data_40_jpg.jpg,test,c,c:PPE_Data_40_jpg,1
c_packing1087_jpg.jpg,train,c,c:packing1087_jpg,3
b_image_277_jpg.jpg,val,b,b:image_277_jpg,3
a_001804_jpg.jpg,train,a,a:001804_jpg,2
c_nglov102_jpg.jpg,val,c,c:nglov102_jpg,4
c_005534_jpg.jpg,train,c,c:005534_jpg,1
c_PPE_Data_640_jpg.jpg,val,c,c:PPE_Data_640_jpg,1
c_Nhh_img_126_jpg.jpg,val,c,c:Nhh_img_126_jpg,1
c_kp13_jpg.jpg,train,c,c:kp13_jpg,2
c_kp1783_jpg.jpg,val,c,c:kp1783_jpg,1
c_nglov189_jpg.jpg,val,c,c:nglov189_jpg,4
c_PP02img578_jpg.jpg,train,c,c:PP02img578_jpg,6
c_N5h_img_75_jpg.jpg,val,c,c:N5h_img_75_jpg,2
c_frame1559_jpg.jpg,train,c,c:frame1559_jpg,1
c_005327_jpg.jpg,train,c,c:005327_jpg,4
a_000677_jpg.jpg,train,a,a:000677_jpg,1
c_packing871_jpg.jpg,test,c,c:packing871_jpg,3
a_004310_jpg.jpg,train,a,a:004310_jpg,2
a_004038_jpg.jpg,train,a,a:004038_jpg,1
c_kp962_jpg.jpg,train,c,c:kp962_jpg,1
c_PP02img1254_jpg.jpg,val,c,c:PP02img1254_jpg,3
c_kp1421_jpg.jpg,train,c,c:kp1421_jpg,1
c_fglov151_jpg.jpg,test,c,c:fglov151_jpg,3
c_kp404_jpg.jpg,train,c,c:kp404_jpg,1
c_kp527_jpg.jpg,train,c,c:kp527_jpg,2
c_PP02img216_jpg.jpg,val,c,c:PP02img216_jpg,4
b_image_540_jpg.jpg,test,b,b:image_540_jpg,3
a_007029_jpg.jpg,train,a,a:007029_jpg,1
c_N5h_img_228_jpg.jpg,train,c,c:N5h_img_228_jpg,1
c_frame84_jpg.jpg,train,c,c:frame84_jpg,3
b_image_208_jpg.jpg,train,b,b:image_208_jpg,3
c_helmet999882_jpg.jpg,train,c,c:helmet999882_jpg,1
b_image_442_jpg.jpg,train,b,b:image_442_jpg,3
c_005414_jpg.jpg,train,c,c:005414_jpg,4
c_frame1072_jpg.jpg,train,c,c:frame1072_jpg,0
b_image_1365_jpg.jpg,train,b,b:image_1365_jpg,5
c_PP02img268_jpg.jpg,val,c,c:PP02img268_jpg,6
c_PP02img863_jpg.jpg,train,c,c:PP02img863_jpg,1
b_image_899_jpg.jpg,train,b,b:image_899_jpg,3
b_ppe_0112_jpg.jpg,train,b,b:ppe_0112_jpg,2
c_NVR-09_Trim_new_Trim-1767_jpg.jpg,test,c,c:NVR-09_Trim_new_Trim-1767_jpg,0
c_packing1936_jpg.jpg,train,c,c:packing1936_jpg,1
a_003484_jpg.jpg,train,a,a:003484_jpg,1
b_image_985_jpg.jpg,val,b,b:image_985_jpg,3
b_ppe_0901_jpg.jpg,train,b,b:ppe_0901_jpg,3
c_kp125_jpg.jpg,train,c,c:kp125_jpg,1
c_kp1030_jpg.jpg,val,c,c:kp1030_jpg,1
c_helmet999782_jpg.jpg,val,c,c:helmet999782_jpg,1
c_packing1336_jpg.jpg,train,c,c:packing1336_jpg,2
c_PP02img290_jpg.jpg,train,c,c:PP02img290_jpg,6
c_PP02img751_jpg.jpg,val,c,c:PP02img751_jpg,3
c_MX_img_28_jpg.jpg,train,c,c:MX_img_28_jpg,1
c_packing1252_jpg.jpg,train,c,c:packing1252_jpg,2
c_the-first-day-of-wuhan-s-closure-some-people-fled-some-panicked_jpg.jpg,train,c,c:the-first-day-of-wuhan-s-closure-some-people-fled-some-panicked_jpg,8
c_PP02img1335_jpg.jpg,val,c,c:PP02img1335_jpg,4
c_nglov154_jpg.jpg,train,c,c:nglov154_jpg,5
c_PP02img178_jpg.jpg,train,c,c:PP02img178_jpg,4
c_fglov111_jpg.jpg,train,c,c:fglov111_jpg,3
b_ppe_0124_jpg.jpg,train,b,b:ppe_0124_jpg,4
c_packing1942_jpg.jpg,train,c,c:packing1942_jpg,1
b_image_521_jpg.jpg,train,b,b:image_521_jpg,3
a_000046_jpg.jpg,train,a,a:000046_jpg,7
a_001059_jpg.jpg,train,a,a:001059_jpg,3
a_000560_jpg.jpg,train,a,a:000560_jpg,7
c_packing160_jpg.jpg,train,c,c:packing160_jpg,2
c_helmet999683_jpg.jpg,train,c,c:helmet999683_jpg,1
c_img486_jpg.jpg,train,c,c:img486_jpg,3
c_kp1943_jpg.jpg,train,c,c:kp1943_jpg,1
a_005059_jpg.jpg,train,a,a:005059_jpg,9
c_p656213172_jpg.jpg,test,c,c:p656213172_jpg,1
c_IMG_4921-2_mp4-13_jpg.jpg,train,c,c:IMG_4921-2_mp4-13_jpg,1
c_img240_jpg.jpg,train,c,c:img240_jpg,5
c_img168_jpg.jpg,train,c,c:img168_jpg,3
c_packing1395_jpg.jpg,train,c,c:packing1395_jpg,1
c_PPE_Data_226_jpg.jpg,train,c,c:PPE_Data_226_jpg,2
c_frame1108_jpg.jpg,train,c,c:frame1108_jpg,0
c_kp1905_jpg.jpg,val,c,c:kp1905_jpg,1
c_p113136_jpg.jpg,test,c,c:p113136_jpg,1
c_p651362_jpg.jpg,train,c,c:p651362_jpg,1
c_MX_img_64_jpg.jpg,test,c,c:MX_img_64_jpg,1
c_kp1640_jpg.jpg,val,c,c:kp1640_jpg,1
c_p651333_jpg.jpg,train,c,c:p651333_jpg,1
b_image_1506_jpg.jpg,train,b,b:image_1506_jpg,6
c_packing1576_jpg.jpg,train,c,c:packing1576_jpg,2
a_005167_jpg.jpg,test,a,a:005167_jpg,4
a_000490_jpg.jpg,train,a,a:000490_jpg,1
c_frame146--2-_jpg.jpg,train,c,c:frame146--2-_jpg,2
c_kp1892_jpg.jpg,train,c,c:kp1892_jpg,1
a_000749_jpg.jpg,train,a,a:000749_jpg,4
c_kp380_jpg.jpg,train,c,c:kp380_jpg,1
c_kp523_jpg.jpg,train,c,c:kp523_jpg,2
c_packing1350_jpg.jpg,train,c,c:packing1350_jpg,2
c_NVR-09_Trim_new_Trim-2308_jpg.jpg,val,c,c:NVR-09_Trim_new_Trim-2308_jpg,0
a_005744_jpg.jpg,train,a,a:005744_jpg,10
b_image_1293_jpg.jpg,test,b,b:image_1293_jpg,3
c_PP02img52_jpg.jpg,val,c,c:PP02img52_jpg,4
a_002035_jpg.jpg,train,a,a:002035_jpg,1
b_ppe_0808_jpg.jpg,train,b,b:ppe_0808_jpg,8
c_nglovpp2183_jpg.jpg,train,c,c:nglovpp2183_jpg,4
c_frame3787_jpg.jpg,train,c,c:frame3787_jpg,3
c_packing1630_jpg.jpg,train,c,c:packing1630_jpg,2
c_kp1454_jpg.jpg,train,c,c:kp1454_jpg,1
a_000886_jpg.jpg,train,a,a:000886_jpg,8
c_15h_img_291_jpg.jpg,test,c,c:15h_img_291_jpg,1
b_ppe_1020_jpg.jpg,train,b,b:ppe_1020_jpg,8
c_packing1988_jpg.jpg,train,c,c:packing1988_jpg,1
c_kp984_jpg.jpg,train,c,c:kp984_jpg,1
a_003614_jpg.jpg,train,a,a:003614_jpg,1
b_Video4_8_jpg.jpg,train,b,b:Video4_8_jpg,4
c_frame3944_jpg.jpg,train,c,c:frame3944_jpg,3
c_packing1808_jpg.jpg,train,c,c:packing1808_jpg,1
b_image_347_jpg.jpg,val,b,b:image_347_jpg,3
c_frame293_jpg.jpg,train,c,c:frame293_jpg,1
c_PP02img1229_jpg.jpg,train,c,c:PP02img1229_jpg,2
b_00629_jpg.jpg,train,b,b:00629_jpg,3
a_000218_jpg.jpg,train,a,a:000218_jpg,8
c_MX_img_155_jpg.jpg,test,c,c:MX_img_155_jpg,1
a_000687_jpg.jpg,train,a,a:000687_jpg,1
a_005193_jpg.jpg,train,a,a:005193_jpg,1
b_Video1_218_jpg.jpg,train,b,b:Video1_218_jpg,4
c_nglovpp2189_jpg.jpg,train,c,c:nglovpp2189_jpg,3
c_frame609_jpg.jpg,train,c,c:frame609_jpg,2
c_IMG_4921-2_mp4-98_jpg.jpg,train,c,c:IMG_4921-2_mp4-98_jpg,1
a_001835_jpg.jpg,train,a,a:001835_jpg,8
c_frame280_jpg.jpg,train,c,c:frame280_jpg,1
a_000843_jpg.jpg,train,a,a:000843_jpg,3
c_PP02img995_jpg.jpg,train,c,c:PP02img995_jpg,2
a_000093_jpg.jpg,test,a,a:000093_jpg,2
a_003196_jpg.jpg,test,a,a:003196_jpg,4
c_frame1323_jpg.jpg,val,c,c:frame1323_jpg,2
c_packing603_jpg.jpg,train,c,c:packing603_jpg,2
c_kp921_jpg.jpg,train,c,c:kp921_jpg,1
c_packing1860_jpg.jpg,train,c,c:packing1860_jpg,1
c_PP02img1494_jpg.jpg,train,c,c:PP02img1494_jpg,3
b_image_1490_jpg.jpg,test,b,b:image_1490_jpg,3
c_PP02img515_jpg.jpg,train,c,c:PP02img515_jpg,4
c_packing1094_jpg.jpg,train,c,c:packing1094_jpg,1
c_PP02img436_jpg.jpg,train,c,c:PP02img436_jpg,4
c_kp1514_jpg.jpg,test,c,c:kp1514_jpg,1
a_000542_jpg.jpg,train,a,a:000542_jpg,3
c_nglov170_jpg.jpg,train,c,c:nglov170_jpg,4
c_packing1878_jpg.jpg,train,c,c:packing1878_jpg,1
a_002353_jpg.jpg,train,a,a:002353_jpg,2
c_kp249_jpg.jpg,train,c,c:kp249_jpg,1
c_kp23_jpg.jpg,train,c,c:kp23_jpg,2
a_001810_jpg.jpg,train,a,a:001810_jpg,2
b_ppe_0882_jpg.jpg,val,b,b:ppe_0882_jpg,6
c_packing1618_jpg.jpg,train,c,c:packing1618_jpg,3
c_kp1192_jpg.jpg,train,c,c:kp1192_jpg,1
c_kp877_jpg.jpg,train,c,c:kp877_jpg,1
c_10fea_8011463765e2aa28b386cf_jpg.jpg,test,c,c:10fea_8011463765e2aa28b386cf_jpg,2
c_PP02img450_jpg.jpg,train,c,c:PP02img450_jpg,2
c_packing1531_jpg.jpg,train,c,c:packing1531_jpg,2
a_001712_jpg.jpg,train,a,a:001712_jpg,3
a_003776_jpg.jpg,train,a,a:003776_jpg,6
a_000873_jpg.jpg,val,a,a:000873_jpg,2
a_005762_jpg.jpg,train,a,a:005762_jpg,2
c_packing957_jpg.jpg,train,c,c:packing957_jpg,1
c_img319_jpg.jpg,train,c,c:img319_jpg,4
c_kp541_jpg.jpg,train,c,c:kp541_jpg,2
c_packing1519_jpg.jpg,train,c,c:packing1519_jpg,2
a_005486_jpg.jpg,val,a,a:005486_jpg,11
c_img167_jpg.jpg,train,c,c:img167_jpg,3
c_packing1131_jpg.jpg,train,c,c:packing1131_jpg,2
c_PP02img970_jpg.jpg,train,c,c:PP02img970_jpg,4
a_003426_jpg.jpg,val,a,a:003426_jpg,2
c_helmet999952_jpg.jpg,train,c,c:helmet999952_jpg,1
b_r169_jpg.jpg,train,b,b:r169_jpg,5
a_006637_jpg.jpg,train,a,a:006637_jpg,2
c_nglovpp315_jpg.jpg,train,c,c:nglovpp315_jpg,2
b_ppe_0508_jpg.jpg,train,b,b:ppe_0508_jpg,11
a_002442_jpg.jpg,train,a,a:002442_jpg,1
c_kp1420_jpg.jpg,train,c,c:kp1420_jpg,1
c_PP02img1083_jpg.jpg,val,c,c:PP02img1083_jpg,4
b_Video3_32_jpg.jpg,test,b,b:Video3_32_jpg,6
a_005128_jpg.jpg,train,a,a:005128_jpg,1
c_PP02img1478_jpg.jpg,train,c,c:PP02img1478_jpg,3
c_helmet999624_jpg.jpg,train,c,c:helmet999624_jpg,1
c_BikesHelmets163_png_jpg.jpg,train,c,c:BikesHelmets163_png_jpg,5
c_kp17_jpg.jpg,train,c,c:kp17_jpg,2
c_helmet999765_jpg.jpg,train,c,c:helmet999765_jpg,2
a_002174_jpg.jpg,test,a,a:002174_jpg,5
c_packing1030_jpg.jpg,test,c,c:packing1030_jpg,1
c_frame1117--2-_jpg.jpg,train,c,c:frame1117--2-_jpg,0
a_002505_jpg.jpg,val,a,a:002505_jpg,2
c_PXL_20210930_151908586_jpg.jpg,val,c,c:PXL_20210930_151908586_jpg,1
c_p65131_jpg.jpg,train,c,c:p65131_jpg,1
a_001699_jpg.jpg,test,a,a:001699_jpg,7
a_002263_jpg.jpg,train,a,a:002263_jpg,9
c_frame2647_jpg.jpg,test,c,c:frame2647_jpg,2
c_packing1451_jpg.jpg,test,c,c:packing1451_jpg,1
c_kp629_jpg.jpg,test,c,c:kp629_jpg,2
c_PP02img1056_jpg.jpg,train,c,c:PP02img1056_jpg,4
c_PPE_Data_512_jpg.jpg,train,c,c:PPE_Data_512_jpg,0
c_PP02img333_jpg.jpg,train,c,c:PP02img333_jpg,6
a_002187_jpg.jpg,train,a,a:002187_jpg,2
c_1000x-1_jpg.jpg,train,c,c:1000x-1_jpg,9
c_p65213190_jpg.jpg,train,c,c:p65213190_jpg,1
c_helmet999879_jpg.jpg,train,c,c:helmet999879_jpg,1
c_helmet999908_jpg.jpg,train,c,c:helmet999908_jpg,1
c_PP02img393_jpg.jpg,train,c,c:PP02img393_jpg,2
c_goggle8765112_jpg.jpg,train,c,c:goggle8765112_jpg,1
b_image_1415_jpg.jpg,train,b,b:image_1415_jpg,1
b_Photin0973_jpg.jpg,train,b,b:Photin0973_jpg,3
c_kp1276_jpg.jpg,val,c,c:kp1276_jpg,1
c_PP02img951_jpg.jpg,train,c,c:PP02img951_jpg,2
c_p11346_jpg.jpg,val,c,c:p11346_jpg,1
c_packing1571_jpg.jpg,train,c,c:packing1571_jpg,2
c_frame69--2-_jpg.jpg,test,c,c:frame69--2-_jpg,2
c_PP02img1295_jpg.jpg,test,c,c:PP02img1295_jpg,3
c_PPE_Data_590_jpg.jpg,train,c,c:PPE_Data_590_jpg,2
b_ppe_0350_jpg.jpg,train,b,b:ppe_0350_jpg,3
c_packing247_jpg.jpg,train,c,c:packing247_jpg,1
a_004032_jpg.jpg,train,a,a:004032_jpg,1
c_helmet999521_jpg.jpg,train,c,c:helmet999521_jpg,2
c_kp22_jpg.jpg,train,c,c:kp22_jpg,2
c_N5h_img_122_jpg.jpg,test,c,c:N5h_img_122_jpg,2
c_frame12_jpg.jpg,val,c,c:frame12_jpg,0
a_006522_jpg.jpg,train,a,a:006522_jpg,11
b_ppe_0195_jpg.jpg,train,b,b:ppe_0195_jpg,3
c_PPE_Data_639_jpg.jpg,train,c,c:PPE_Data_639_jpg,1
c_kp833_jpg.jpg,train,c,c:kp833_jpg,1
c_N5h_img_154_jpg.jpg,train,c,c:N5h_img_154_jpg,1
a_005077_jpg.jpg,train,a,a:005077_jpg,3
c_NX_img_7_jpg.jpg,val,c,c:NX_img_7_jpg,1
c_PP02img530_jpg.jpg,train,c,c:PP02img530_jpg,6
c_frame1116--2-_jpg.jpg,train,c,c:frame1116--2-_jpg,0
b_images-56-_jpg.jpg,train,b,b:images-56-_jpg,1
b_Video2_33_jpg.jpg,test,b,b:Video2_33_jpg,4
a_001490_jpg.jpg,train,a,a:001490_jpg,8
a_002371_jpg.jpg,test,a,a:002371_jpg,4
a_004984_jpg.jpg,val,a,a:004984_jpg,2
c_kp1825_jpg.jpg,val,c,c:kp1825_jpg,1
b_image_250_jpg.jpg,train,b,b:image_250_jpg,4
c_frame1188_jpg.jpg,val,c,c:frame1188_jpg,0
c_kp1565_jpg.jpg,train,c,c:kp1565_jpg,1
c_packing792_jpg.jpg,train,c,c:packing792_jpg,1
c_NX_img_12_jpg.jpg,test,c,c:NX_img_12_jpg,1
a_003593_jpg.jpg,train,a,a:003593_jpg,7
c_PP02img1328_jpg.jpg,test,c,c:PP02img1328_jpg,3
c_1197620896_jpg.jpg,train,c,c:1197620896_jpg,5
c_PPE_Data_103_jpg.jpg,train,c,c:PPE_Data_103_jpg,1
a_004262_jpg.jpg,train,a,a:004262_jpg,8
c_packing809_jpg.jpg,train,c,c:packing809_jpg,1
b_image_193_jpg.jpg,train,b,b:image_193_jpg,6
c_kp1439_jpg.jpg,train,c,c:kp1439_jpg,1
b_Video4_14_jpg.jpg,test,b,b:Video4_14_jpg,4
a_002012_jpg.jpg,train,a,a:002012_jpg,8
c_mask-wearing-1632937704228_png_jpg.jpg,train,c,c:mask-wearing-1632937704228_png_jpg,1
a_002555_jpg.jpg,train,a,a:002555_jpg,4
c_frame3739_jpg.jpg,train,c,c:frame3739_jpg,2
c_kp895_jpg.jpg,train,c,c:kp895_jpg,1
a_006538_jpg.jpg,train,a,a:006538_jpg,8
c_frame89--2-_jpg.jpg,train,c,c:frame89--2-_jpg,2
c_mask-wearing-1632932162346_png_jpg.jpg,train,c,c:mask-wearing-1632932162346_png_jpg,1
c_fglov1115_jpg.jpg,test,c,c:fglov1115_jpg,2
c_IMG_4921-2_mp4-127_jpg.jpg,val,c,c:IMG_4921-2_mp4-127_jpg,1
a_002868_jpg.jpg,train,a,a:002868_jpg,8
a_002312_jpg.jpg,train,a,a:002312_jpg,3
c_kp1328_jpg.jpg,train,c,c:kp1328_jpg,1
c_MX_img_22_jpg.jpg,test,c,c:MX_img_22_jpg,1
a_004247_jpg.jpg,val,a,a:004247_jpg,2
b_ppe_1193_jpg.jpg,train,b,b:ppe_1193_jpg,5
c_PP02img843_jpg.jpg,train,c,c:PP02img843_jpg,2
a_000992_jpg.jpg,train,a,a:000992_jpg,9
c_005332_jpg.jpg,train,c,c:005332_jpg,3
a_006079_jpg.jpg,train,a,a:006079_jpg,13
c_helmet999851_jpg.jpg,train,c,c:helmet999851_jpg,1
a_004510_jpg.jpg,train,a,a:004510_jpg,2
c_NX_img_89_jpg.jpg,val,c,c:NX_img_89_jpg,2
c_frame1158_jpg.jpg,train,c,c:frame1158_jpg,1
a_004777_jpg.jpg,val,a,a:004777_jpg,5
c_packing1196_jpg.jpg,train,c,c:packing1196_jpg,2
b_IMG-20221020-WA0129_jpg.jpg,val,b,b:IMG-20221020-WA0129_jpg,1
a_002585_jpg.jpg,test,a,a:002585_jpg,12
a_003992_jpg.jpg,train,a,a:003992_jpg,1
b_ppe_0108_jpg.jpg,val,b,b:ppe_0108_jpg,2
b_image_1199_jpg.jpg,test,b,b:image_1199_jpg,3
c_N5h_img_42_jpg.jpg,train,c,c:N5h_img_42_jpg,1
c_packing928_jpg.jpg,train,c,c:packing928_jpg,2
c_PP02img821_jpg.jpg,train,c,c:PP02img821_jpg,2
c_packing1183_jpg.jpg,val,c,c:packing1183_jpg,1
a_006276_jpg.jpg,train,a,a:006276_jpg,3
c_goggle8765146_jpg.jpg,train,c,c:goggle8765146_jpg,5
c_kp1757_jpg.jpg,test,c,c:kp1757_jpg,1
c_kp804_jpg.jpg,val,c,c:kp804_jpg,1
c_kp952_jpg.jpg,train,c,c:kp952_jpg,1
c_frame639_jpg.jpg,train,c,c:frame639_jpg,0
c_kp1494_jpg.jpg,train,c,c:kp1494_jpg,1
a_000290_jpg.jpg,val,a,a:000290_jpg,2
c_packing200_jpg.jpg,train,c,c:packing200_jpg,1
b_Twalv0536_jpg.jpg,val,b,b:Twalv0536_jpg,1
b_ppe_1216_jpg.jpg,train,b,b:ppe_1216_jpg,3
b_ppe_1292_jpg.jpg,train,b,b:ppe_1292_jpg,7
c_Mask-detector1_mov-0_jpg.jpg,train,c,c:Mask-detector1_mov-0_jpg,1
b_image_1695_jpg.jpg,train,b,b:image_1695_jpg,4
c_PP02img22_jpg.jpg,val,c,c:PP02img22_jpg,5
c_kp1229_jpg.jpg,train,c,c:kp1229_jpg,1
a_001796_jpg.jpg,test,a,a:001796_jpg,5
c_mask-wearing-1632938138134_png_jpg.jpg,train,c,c:mask-wearing-1632938138134_png_jpg,1
c_kp295_jpg.jpg,train,c,c:kp295_jpg,1
c_Mask2_mov-0_jpg.jpg,val,c,c:Mask2_mov-0_jpg,1
a_001601_jpg.jpg,train,a,a:001601_jpg,2
c_img87_jpg.jpg,train,c,c:img87_jpg,5
c_helmet999711_jpg.jpg,train,c,c:helmet999711_jpg,1
c_frame605_jpg.jpg,train,c,c:frame605_jpg,2
a_002189_jpg.jpg,train,a,a:002189_jpg,5
c_kp1069_jpg.jpg,train,c,c:kp1069_jpg,1
c_005312_jpg.jpg,train,c,c:005312_jpg,1
c_nglov97_jpg.jpg,val,c,c:nglov97_jpg,3
a_003568_jpg.jpg,test,a,a:003568_jpg,1
a_004800_jpg.jpg,train,a,a:004800_jpg,3
a_001296_jpg.jpg,train,a,a:001296_jpg,5
c_packing234_jpg.jpg,train,c,c:packing234_jpg,2
a_004596_jpg.jpg,test,a,a:004596_jpg,7
b_ppe_0811_jpg.jpg,val,b,b:ppe_0811_jpg,2
c_helmet999884_jpg.jpg,val,c,c:helmet999884_jpg,1
c_p11378_jpg.jpg,val,c,c:p11378_jpg,1
c_nglovpp287_jpg.jpg,train,c,c:nglovpp287_jpg,3
a_004329_jpg.jpg,train,a,a:004329_jpg,6
c_kp1666_jpg.jpg,train,c,c:kp1666_jpg,1
c_img386_jpg.jpg,train,c,c:img386_jpg,2
b_image_391_jpg.jpg,test,b,b:image_391_jpg,2
c_kp843_jpg.jpg,train,c,c:kp843_jpg,1
c_kp925_jpg.jpg,train,c,c:kp925_jpg,1
c_Mask-detector1_mov-25_jpg.jpg,train,c,c:Mask-detector1_mov-25_jpg,1
c_packing321_jpg.jpg,train,c,c:packing321_jpg,2
c_kp269_jpg.jpg,train,c,c:kp269_jpg,1
c_kp1285_jpg.jpg,test,c,c:kp1285_jpg,1
a_001919_jpg.jpg,train,a,a:001919_jpg,4
c_frame1236_jpg.jpg,train,c,c:frame1236_jpg,0
c_kp1722_jpg.jpg,train,c,c:kp1722_jpg,1
b_image_404_jpg.jpg,train,b,b:image_404_jpg,3
a_001261_jpg.jpg,train,a,a:001261_jpg,1
b_Video1_20_jpg.jpg,test,b,b:Video1_20_jpg,4
c_PP02img10_jpg.jpg,train,c,c:PP02img10_jpg,6
c_PP02img673_jpg.jpg,train,c,c:PP02img673_jpg,2
c_packing175_jpg.jpg,train,c,c:packing175_jpg,2
c_N5h_img_68_jpg.jpg,train,c,c:N5h_img_68_jpg,1
b_Video3_279_jpg.jpg,val,b,b:Video3_279_jpg,4
b_ppe_1315_jpg.jpg,train,b,b:ppe_1315_jpg,4
a_000531_jpg.jpg,train,a,a:000531_jpg,11
b_Twalv0535_jpg.jpg,test,b,b:Twalv0535_jpg,1
c_PP02img483_jpg.jpg,val,c,c:PP02img483_jpg,5
b_ppe_0232_jpg.jpg,train,b,b:ppe_0232_jpg,4
c_helmet999845_jpg.jpg,train,c,c:helmet999845_jpg,1
c_NVR-09_Trim_new_Trim-2307_jpg.jpg,train,c,c:NVR-09_Trim_new_Trim-2307_jpg,0
c_PP02img772_jpg.jpg,train,c,c:PP02img772_jpg,2
a_004488_jpg.jpg,train,a,a:004488_jpg,3
b_ppe_0955_jpg.jpg,train,b,b:ppe_0955_jpg,9
a_002486_jpg.jpg,val,a,a:002486_jpg,3
c_kp1132_jpg.jpg,train,c,c:kp1132_jpg,1
a_003295_jpg.jpg,train,a,a:003295_jpg,2
a_000052_jpg.jpg,train,a,a:000052_jpg,10
b_Video2_169_jpg.jpg,train,b,b:Video2_169_jpg,6
c_PP02img11_jpg.jpg,train,c,c:PP02img11_jpg,5
c_frame1078_jpg.jpg,val,c,c:frame1078_jpg,0
c_packing1085_jpg.jpg,train,c,c:packing1085_jpg,2
c_packing1896_jpg.jpg,val,c,c:packing1896_jpg,2
c_PP02img82_jpg.jpg,train,c,c:PP02img82_jpg,4
c_kp819_jpg.jpg,train,c,c:kp819_jpg,1
c_pjecDNMmCUQmbDoJx1fdqolnfHtpsfFK8jTA2Ng0wNg_jpeg_jpg.jpg,train,c,c:pjecDNMmCUQmbDoJx1fdqolnfHtpsfFK8jTA2Ng0wNg_jpeg_jpg,6
c_kp171_jpg.jpg,train,c,c:kp171_jpg,2
a_004636_jpg.jpg,train,a,a:004636_jpg,5
c_PP02img364_jpg.jpg,train,c,c:PP02img364_jpg,4
c_kp1124_jpg.jpg,train,c,c:kp1124_jpg,1
c_packing1888_jpg.jpg,test,c,c:packing1888_jpg,1
c_PPE_Data_363_jpg.jpg,train,c,c:PPE_Data_363_jpg,2
c_frame211--2-_jpg.jpg,train,c,c:frame211--2-_jpg,2
b_109_JPG_jpg.jpg,val,b,b:109_JPG_jpg,4
c_kp996_jpg.jpg,test,c,c:kp996_jpg,1
c_packing1293_jpg.jpg,train,c,c:packing1293_jpg,1
c_kp1138_jpg.jpg,train,c,c:kp1138_jpg,1
a_001744_jpg.jpg,val,a,a:001744_jpg,4
a_004624_jpg.jpg,train,a,a:004624_jpg,5
b_00121_jpg.jpg,val,b,b:00121_jpg,1
c_img52_jpg.jpg,test,c,c:img52_jpg,3
a_006324_jpg.jpg,train,a,a:006324_jpg,4
c_packing141_jpg.jpg,val,c,c:packing141_jpg,3
c_p1133_jpg.jpg,test,c,c:p1133_jpg,2
c_frame1309_jpg.jpg,train,c,c:frame1309_jpg,1
c_nglovpp260_jpg.jpg,train,c,c:nglovpp260_jpg,3
c_PPE_Data_280_jpg.jpg,test,c,c:PPE_Data_280_jpg,2
b_Video1_211_jpg.jpg,train,b,b:Video1_211_jpg,4
c_packing1640_jpg.jpg,train,c,c:packing1640_jpg,2
c_kp1019_jpg.jpg,val,c,c:kp1019_jpg,1
c_frame134--2-_jpg.jpg,test,c,c:frame134--2-_jpg,2
a_000576_jpg.jpg,train,a,a:000576_jpg,1
a_001904_jpg.jpg,train,a,a:001904_jpg,2
c_kp1924_jpg.jpg,val,c,c:kp1924_jpg,1
c_PP02img532_jpg.jpg,train,c,c:PP02img532_jpg,5
a_001953_jpg.jpg,train,a,a:001953_jpg,6
b_image_159_jpg.jpg,train,b,b:image_159_jpg,4
c_kp720_jpg.jpg,train,c,c:kp720_jpg,1
c_kp1644_jpg.jpg,train,c,c:kp1644_jpg,1
c_helmet999522_jpg.jpg,val,c,c:helmet999522_jpg,3
c_kp1166_jpg.jpg,train,c,c:kp1166_jpg,1
c_goggle8765143_jpg.jpg,train,c,c:goggle8765143_jpg,1
b_ppe_0947_jpg.jpg,train,b,b:ppe_0947_jpg,6
c_frame126_jpg.jpg,train,c,c:frame126_jpg,2
b_Video3_14_jpg.jpg,test,b,b:Video3_14_jpg,4
b_ppe_0578_jpg.jpg,train,b,b:ppe_0578_jpg,4
c_kp574_jpg.jpg,train,c,c:kp574_jpg,2
c_NVR-09_Trim_new_Trim-0670_jpg.jpg,train,c,c:NVR-09_Trim_new_Trim-0670_jpg,2
b_Video1_37_jpg.jpg,train,b,b:Video1_37_jpg,4
a_004018_jpg.jpg,train,a,a:004018_jpg,1
c_packing1726_jpg.jpg,train,c,c:packing1726_jpg,3
c_PP02img756_jpg.jpg,train,c,c:PP02img756_jpg,4
c_PPE_Data_609_jpg.jpg,val,c,c:PPE_Data_609_jpg,1
c_kp1186_jpg.jpg,train,c,c:kp1186_jpg,1
c_IMG_4921-2_mp4-89_jpg.jpg,val,c,c:IMG_4921-2_mp4-89_jpg,1
c_p65213185_jpg.jpg,train,c,c:p65213185_jpg,1
c_p6562134_jpg.jpg,train,c,c:p6562134_jpg,1
c_packing1458_jpg.jpg,train,c,c:packing1458_jpg,2
a_003885_jpg.jpg,test,a,a:003885_jpg,3
b_image_655_jpg.jpg,test,b,b:image_655_jpg,3
a_006821_jpg.jpg,train,a,a:006821_jpg,9
a_000379_jpg.jpg,test,a,a:000379_jpg,9
c_frame72--3-_jpg.jpg,train,c,c:frame72--3-_jpg,2
c_kp647_jpg.jpg,train,c,c:kp647_jpg,2
c_frame3800_jpg.jpg,train,c,c:frame3800_jpg,3
c_helmet999761_jpg.jpg,train,c,c:helmet999761_jpg,1
c_frame1145_jpg.jpg,val,c,c:frame1145_jpg,0
c_frame755--2-_jpg.jpg,train,c,c:frame755--2-_jpg,1
b_image_1198_jpg.jpg,val,b,b:image_1198_jpg,3
b_Photin0826_jpg.jpg,train,b,b:Photin0826_jpg,1
b_ppe_0037_jpg.jpg,train,b,b:ppe_0037_jpg,4
c_img32_jpg.jpg,test,c,c:img32_jpg,1
c_N5h_img_249_jpg.jpg,train,c,c:N5h_img_249_jpg,1
a_000170_jpg.jpg,train,a,a:000170_jpg,6
c_nglovpp320_jpg.jpg,train,c,c:nglovpp320_jpg,2
c_kp1346_jpg.jpg,val,c,c:kp1346_jpg,1
c_S1-EV360_FACEMA_M_20200130144349_jpg.jpg,train,c,c:S1-EV360_FACEMA_M_20200130144349_jpg,15
c_mo-justin-mask-NoMask_mov-15_jpg.jpg,train,c,c:mo-justin-mask-NoMask_mov-15_jpg,2
b_image_251_jpg.jpg,train,b,b:image_251_jpg,9
c_kp902_jpg.jpg,val,c,c:kp902_jpg,1
b_image_1376_jpg.jpg,train,b,b:image_1376_jpg,6
c_005439_jpg.jpg,train,c,c:005439_jpg,4
c_helmet9991199_jpg.jpg,val,c,c:helmet9991199_jpg,1
c_PP02img171_jpg.jpg,test,c,c:PP02img171_jpg,6
c_kp1038_jpg.jpg,train,c,c:kp1038_jpg,1
c_frame1208_jpg.jpg,train,c,c:frame1208_jpg,0
b_ppe_0492_jpg.jpg,train,b,b:ppe_0492_jpg,8
c_packing1043_jpg.jpg,train,c,c:packing1043_jpg,1
c_frame1111_jpg.jpg,train,c,c:frame1111_jpg,0
a_002406_jpg.jpg,train,a,a:002406_jpg,1
c_PP02img546_jpg.jpg,train,c,c:PP02img546_jpg,5
c_helmet999555_jpg.jpg,val,c,c:helmet999555_jpg,1
b_image_853_jpg.jpg,val,b,b:image_853_jpg,3
c_N5h_img_220_jpg.jpg,train,c,c:N5h_img_220_jpg,1
c_mask-wearing-1632933599900_png_jpg.jpg,train,c,c:mask-wearing-1632933599900_png_jpg,1
c_kp1504_jpg.jpg,train,c,c:kp1504_jpg,2
c_packing217_jpg.jpg,train,c,c:packing217_jpg,2
c_nglovpp3101_jpg.jpg,train,c,c:nglovpp3101_jpg,1
c_p65139_jpg.jpg,train,c,c:p65139_jpg,1
c_packing1439_jpg.jpg,train,c,c:packing1439_jpg,2
c_PP02img707_jpg.jpg,train,c,c:PP02img707_jpg,3
b_image_1128_jpg.jpg,val,b,b:image_1128_jpg,3
c_PP02img978_jpg.jpg,train,c,c:PP02img978_jpg,2
c_frame1106--2-_jpg.jpg,train,c,c:frame1106--2-_jpg,0
c_helmet999801_jpg.jpg,train,c,c:helmet999801_jpg,1
c_img425_jpg.jpg,train,c,c:img425_jpg,4
c_goggle876511_jpg.jpg,train,c,c:goggle876511_jpg,4
c_frame480_jpg.jpg,train,c,c:frame480_jpg,4
b_image_789_jpg.jpg,train,b,b:image_789_jpg,3
c_PP02img310_jpg.jpg,train,c,c:PP02img310_jpg,6
c_nglov129_jpg.jpg,train,c,c:nglov129_jpg,2
c_packing1152_jpg.jpg,train,c,c:packing1152_jpg,1
a_005936_jpg.jpg,train,a,a:005936_jpg,4
c_kp989_jpg.jpg,train,c,c:kp989_jpg,1
a_000400_jpg.jpg,val,a,a:000400_jpg,1
c_mo-justin-mask-NoMask_mov-18_jpg.jpg,train,c,c:mo-justin-mask-NoMask_mov-18_jpg,2
a_005765_jpg.jpg,val,a,a:005765_jpg,2
c_goggle876581_jpg.jpg,val,c,c:goggle876581_jpg,3
a_002676_jpg.jpg,train,a,a:002676_jpg,4
c_MX_img_38_jpg.jpg,test,c,c:MX_img_38_jpg,1
c_packing48_jpg.jpg,train,c,c:packing48_jpg,1
a_001881_jpg.jpg,train,a,a:001881_jpg,8
c_helmet9991159_jpg.jpg,test,c,c:helmet9991159_jpg,1
b_ppe_0387_jpg.jpg,train,b,b:ppe_0387_jpg,5
c_PPE_Data_142_jpg.jpg,val,c,c:PPE_Data_142_jpg,3
a_006753_jpg.jpg,train,a,a:006753_jpg,7
b_image_384_jpg.jpg,val,b,b:image_384_jpg,3
c_Mask2_mov-65_jpg.jpg,val,c,c:Mask2_mov-65_jpg,1
c_helmet999721_jpg.jpg,train,c,c:helmet999721_jpg,1
c_img8_jpg.jpg,train,c,c:img8_jpg,8
c_frame1154--2-_jpg.jpg,train,c,c:frame1154--2-_jpg,0
c_helmet999529_jpg.jpg,train,c,c:helmet999529_jpg,1
c_PPE_Data_153_jpg.jpg,test,c,c:PPE_Data_153_jpg,4
b_image_1390_jpg.jpg,train,b,b:image_1390_jpg,9
a_000979_jpg.jpg,train,a,a:000979_jpg,13
c_mask-wearing-1632932341475_png_jpg.jpg,train,c,c:mask-wearing-1632932341475_png_jpg,1
a_005691_jpg.jpg,train,a,a:005691_jpg,7
c_p113171_jpg.jpg,train,c,c:p113171_jpg,1
c_packing47_jpg.jpg,train,c,c:packing47_jpg,1
c_roboflow-44_jpg.jpg,train,c,c:roboflow-44_jpg,2
a_007044_jpg.jpg,val,a,a:007044_jpg,4
c_Mask2_mov-52_jpg.jpg,train,c,c:Mask2_mov-52_jpg,1
a_005188_jpg.jpg,val,a,a:005188_jpg,7
c_PP02img911_jpg.jpg,train,c,c:PP02img911_jpg,2
c_frame770_jpg.jpg,val,c,c:frame770_jpg,3
c_w1240-p16x9-6f1db5e0460631cfa98d2d6d8032942f81700bb0_jpg.jpg,train,c,c:w1240-p16x9-6f1db5e0460631cfa98d2d6d8032942f81700bb0_jpg,4
c_kp634_jpg.jpg,val,c,c:kp634_jpg,2
a_000944_jpg.jpg,train,a,a:000944_jpg,13
c_packing1910_jpg.jpg,train,c,c:packing1910_jpg,1
c_N5h_img_208_jpg.jpg,train,c,c:N5h_img_208_jpg,1
c_p651317_jpg.jpg,train,c,c:p651317_jpg,1
c_frame1088_jpg.jpg,val,c,c:frame1088_jpg,1
c_frame467_jpg.jpg,train,c,c:frame467_jpg,0
a_004357_jpg.jpg,train,a,a:004357_jpg,4
a_004938_jpg.jpg,train,a,a:004938_jpg,3
c_PP02img700_jpg.jpg,val,c,c:PP02img700_jpg,3
c_PPE_Data_613_jpg.jpg,test,c,c:PPE_Data_613_jpg,2
b_ppe_0477_jpg.jpg,train,b,b:ppe_0477_jpg,4
a_000358_jpg.jpg,train,a,a:000358_jpg,9
c_kp1563_jpg.jpg,train,c,c:kp1563_jpg,2
a_003547_jpg.jpg,train,a,a:003547_jpg,4
b_Tan0365365_jpg.jpg,val,b,b:Tan0365365_jpg,4
b_image_342_jpg.jpg,test,b,b:image_342_jpg,2
c_nglov3_jpg.jpg,train,c,c:nglov3_jpg,5
c_fglov1194_jpg.jpg,train,c,c:fglov1194_jpg,1
c_helmet9991034_jpg.jpg,train,c,c:helmet9991034_jpg,1
a_003703_jpg.jpg,train,a,a:003703_jpg,1
c_packing95_jpg.jpg,train,c,c:packing95_jpg,1
c_kp1151_jpg.jpg,train,c,c:kp1151_jpg,1
c_MX_img_114_jpg.jpg,train,c,c:MX_img_114_jpg,1
c_packing89_jpg.jpg,train,c,c:packing89_jpg,2
a_006794_jpg.jpg,train,a,a:006794_jpg,9
a_005447_jpg.jpg,train,a,a:005447_jpg,4
c_kp1137_jpg.jpg,train,c,c:kp1137_jpg,1
b_ppe_1237_jpg.jpg,train,b,b:ppe_1237_jpg,9
a_002085_jpg.jpg,val,a,a:002085_jpg,2
c_kp837_jpg.jpg,test,c,c:kp837_jpg,1
b_image_1364_jpg.jpg,val,b,b:image_1364_jpg,3
b_Twalv1131_jpg.jpg,val,b,b:Twalv1131_jpg,1
c_kp403_jpg.jpg,test,c,c:kp403_jpg,1
c_frame290_jpg.jpg,train,c,c:frame290_jpg,1
a_006216_jpg.jpg,train,a,a:006216_jpg,6
c_N5h_img_90_jpg.jpg,train,c,c:N5h_img_90_jpg,1
c_frame3790_jpg.jpg,train,c,c:frame3790_jpg,3
a_005145_jpg.jpg,train,a,a:005145_jpg,3
b_Video1_226_jpg.jpg,train,b,b:Video1_226_jpg,4
c_PPE_Data_353_jpg.jpg,val,c,c:PPE_Data_353_jpg,2
b_Video4_74_jpg.jpg,train,b,b:Video4_74_jpg,4
c_kp1681_jpg.jpg,train,c,c:kp1681_jpg,1
a_006498_jpg.jpg,train,a,a:006498_jpg,9
a_001741_jpg.jpg,train,a,a:001741_jpg,1
c_goggle876546_jpg.jpg,train,c,c:goggle876546_jpg,5
c_kp494_jpg.jpg,train,c,c:kp494_jpg,1
c_frame1367_jpg.jpg,val,c,c:frame1367_jpg,0
a_000851_jpg.jpg,train,a,a:000851_jpg,1
c_MX_img_1_jpg.jpg,train,c,c:MX_img_1_jpg,1
c_kp1655_jpg.jpg,test,c,c:kp1655_jpg,1
a_002785_jpg.jpg,test,a,a:002785_jpg,13
a_004241_jpg.jpg,val,a,a:004241_jpg,2
c_kp1161_jpg.jpg,test,c,c:kp1161_jpg,1
b_ppe_0588_jpg.jpg,test,b,b:ppe_0588_jpg,2
a_001707_jpg.jpg,val,a,a:001707_jpg,2
a_006174_jpg.jpg,train,a,a:006174_jpg,3
c_img388_jpg.jpg,train,c,c:img388_jpg,3
c_helmet999972_jpg.jpg,train,c,c:helmet999972_jpg,1
c_img472_jpg.jpg,train,c,c:img472_jpg,4
c_kp83_jpg.jpg,train,c,c:kp83_jpg,1
c_mask-wearing-1632937770348_png_jpg.jpg,train,c,c:mask-wearing-1632937770348_png_jpg,1
c_frame1647_jpg.jpg,train,c,c:frame1647_jpg,1
c_packing257_jpg.jpg,train,c,c:packing257_jpg,1
c_Mask-detector1_mov-31_jpg.jpg,val,c,c:Mask-detector1_mov-31_jpg,1
c_kp1724_jpg.jpg,val,c,c:kp1724_jpg,1
c_Mask2_mov-39_jpg.jpg,val,c,c:Mask2_mov-39_jpg,1
b_image_385_jpg.jpg,train,b,b:image_385_jpg,5
c_packing706_jpg.jpg,train,c,c:packing706_jpg,1
c_PPE_Data_209_jpg.jpg,train,c,c:PPE_Data_209_jpg,2
a_001739_jpg.jpg,train,a,a:001739_jpg,11
c_NVR-09_Trim_new_Trim-2494_jpg.jpg,train,c,c:NVR-09_Trim_new_Trim-2494_jpg,2
a_006063_jpg.jpg,test,a,a:006063_jpg,3
a_000091_jpg.jpg,val,a,a:000091_jpg,7
b_image_409_jpg.jpg,val,b,b:image_409_jpg,2
b_image_25_jpg.jpg,test,b,b:image_25_jpg,9
c_frame689_jpg.jpg,train,c,c:frame689_jpg,0
c_frame1262_jpg.jpg,train,c,c:frame1262_jpg,0
c_kp1101_jpg.jpg,train,c,c:kp1101_jpg,1
c_packing1536_jpg.jpg,train,c,c:packing1536_jpg,1
b_image_308_jpg.jpg,train,b,b:image_308_jpg,4
c_frame2833_jpg.jpg,test,c,c:frame2833_jpg,4
c_NX_img_8_jpg.jpg,test,c,c:NX_img_8_jpg,1
c_kp550_jpg.jpg,train,c,c:kp550_jpg,2
b_image_212_jpg.jpg,val,b,b:image_212_jpg,4
c_fglov1170_jpg.jpg,train,c,c:fglov1170_jpg,4
a_004133_jpg.jpg,train,a,a:004133_jpg,2
c_fglov182_jpg.jpg,train,c,c:fglov182_jpg,4
c_packing1669_jpg.jpg,train,c,c:packing1669_jpg,2
c_frame1161--2-_jpg.jpg,train,c,c:frame1161--2-_jpg,0
c_helmet999786_jpg.jpg,train,c,c:helmet999786_jpg,1
c_nglovpp292_jpg.jpg,train,c,c:nglovpp292_jpg,4
a_003077_jpg.jpg,train,a,a:003077_jpg,12
b_ppe_1269_jpg.jpg,train,b,b:ppe_1269_jpg,6
b_image_613_jpg.jpg,train,b,b:image_613_jpg,3
c_MX_img_85_jpg.jpg,test,c,c:MX_img_85_jpg,1
c_p65213145_jpg.jpg,train,c,c:p65213145_jpg,1
c_PP02img156_jpg.jpg,val,c,c:PP02img156_jpg,3
c_frame769_jpg.jpg,train,c,c:frame769_jpg,3
a_006214_jpg.jpg,train,a,a:006214_jpg,5
b_ppe_1246_jpg.jpg,train,b,b:ppe_1246_jpg,6
b_ppe_0083_jpg.jpg,test,b,b:ppe_0083_jpg,2
c_frame438_jpg.jpg,train,c,c:frame438_jpg,2
a_000949_jpg.jpg,test,a,a:000949_jpg,16
b_Video4_264_jpg.jpg,test,b,b:Video4_264_jpg,4
b_image_264_jpg.jpg,train,b,b:image_264_jpg,3
b_image_1606_jpg.jpg,train,b,b:image_1606_jpg,8
a_003028_jpg.jpg,test,a,a:003028_jpg,7
c_kp152_jpg.jpg,val,c,c:kp152_jpg,1
c_kp838_jpg.jpg,train,c,c:kp838_jpg,1
c_p113158_jpg.jpg,test,c,c:p113158_jpg,1
b_Video4_40_jpg.jpg,val,b,b:Video4_40_jpg,4
a_002704_jpg.jpg,train,a,a:002704_jpg,2
a_000350_jpg.jpg,train,a,a:000350_jpg,1
c_img138_jpg.jpg,train,c,c:img138_jpg,5
b_ppe_0178_jpg.jpg,train,b,b:ppe_0178_jpg,6
c_PPE_Data_267_jpg.jpg,train,c,c:PPE_Data_267_jpg,2
c_helmet9991104_jpg.jpg,train,c,c:helmet9991104_jpg,1
a_004793_jpg.jpg,train,a,a:004793_jpg,1
c_p11334_jpg.jpg,val,c,c:p11334_jpg,1
c_nglovpp29_jpg.jpg,train,c,c:nglovpp29_jpg,4
b_image_896_jpg.jpg,train,b,b:image_896_jpg,2
c_nglov16_jpg.jpg,val,c,c:nglov16_jpg,5
c_p656213110_jpg.jpg,val,c,c:p656213110_jpg,1
c_005420_jpg.jpg,train,c,c:005420_jpg,6
c_Mask-detector1_mov-52_jpg.jpg,train,c,c:Mask-detector1_mov-52_jpg,1
c_MX_img_37_jpg.jpg,test,c,c:MX_img_37_jpg,1
c_PP02img402_jpg.jpg,train,c,c:PP02img402_jpg,1
c_packing1267_jpg.jpg,train,c,c:packing1267_jpg,2
c_frame3786_jpg.jpg,test,c,c:frame3786_jpg,3
c_PPE_Data_129_jpg.jpg,val,c,c:PPE_Data_129_jpg,1
b_ppe_0935_jpg.jpg,train,b,b:ppe_0935_jpg,8
a_001600_jpg.jpg,test,a,a:001600_jpg,2
a_006737_jpg.jpg,train,a,a:006737_jpg,2
a_006082_jpg.jpg,train,a,a:006082_jpg,4
c_helmet9991102_jpg.jpg,train,c,c:helmet9991102_jpg,1
c_frame767_jpg.jpg,train,c,c:frame767_jpg,3
c_PP02img814_jpg.jpg,train,c,c:PP02img814_jpg,2
c_packing512_jpg.jpg,val,c,c:packing512_jpg,1
c_MX_img_63_jpg.jpg,test,c,c:MX_img_63_jpg,1
c_IMG_4921-2_mp4-61_jpg.jpg,train,c,c:IMG_4921-2_mp4-61_jpg,1
c_frame3767_jpg.jpg,train,c,c:frame3767_jpg,3
a_001579_jpg.jpg,val,a,a:001579_jpg,3
c_goggle8765149_jpg.jpg,train,c,c:goggle8765149_jpg,4
c_PP02img139_jpg.jpg,train,c,c:PP02img139_jpg,5
c_packing1149_jpg.jpg,train,c,c:packing1149_jpg,1
c_kp1147_jpg.jpg,train,c,c:kp1147_jpg,2
c_PP02img935_jpg.jpg,train,c,c:PP02img935_jpg,2
c_kp760_jpg.jpg,train,c,c:kp760_jpg,2
c_packing1414_jpg.jpg,train,c,c:packing1414_jpg,2
c_packing15_jpg.jpg,train,c,c:packing15_jpg,3
a_006562_jpg.jpg,train,a,a:006562_jpg,4
a_003376_jpg.jpg,train,a,a:003376_jpg,8
c_IMG_4921-2_mp4-37_jpg.jpg,train,c,c:IMG_4921-2_mp4-37_jpg,1
c_helmet9991014_jpg.jpg,train,c,c:helmet9991014_jpg,1
a_000539_jpg.jpg,val,a,a:000539_jpg,9
c_PP02img1507_jpg.jpg,train,c,c:PP02img1507_jpg,5
c_p651355_jpg.jpg,train,c,c:p651355_jpg,1
c_packing567_jpg.jpg,train,c,c:packing567_jpg,1
b_ppe_0853_jpg.jpg,train,b,b:ppe_0853_jpg,4
a_002938_jpg.jpg,val,a,a:002938_jpg,2
a_006584_jpg.jpg,val,a,a:006584_jpg,7
c_nglovpp2118_jpg.jpg,train,c,c:nglovpp2118_jpg,2
c_sars-gettyimages-157005245_jpg.jpg,train,c,c:sars-gettyimages-157005245_jpg,4
b_ppe_0579_jpg.jpg,train,b,b:ppe_0579_jpg,4
c_kp440_jpg.jpg,train,c,c:kp440_jpg,1
c_p656213111_jpg.jpg,val,c,c:p656213111_jpg,1
a_005806_jpg.jpg,train,a,a:005806_jpg,3
c_p65213171_jpg.jpg,train,c,c:p65213171_jpg,1
b_Photin0221_jpg.jpg,val,b,b:Photin0221_jpg,1
a_006268_jpg.jpg,train,a,a:006268_jpg,14
a_003957_jpg.jpg,train,a,a:003957_jpg,6
c_005315_jpg.jpg,train,c,c:005315_jpg,2
b_Video4_281_jpg.jpg,test,b,b:Video4_281_jpg,5
b_ppe_0620_jpg.jpg,train,b,b:ppe_0620_jpg,9
c_PP02img522_jpg.jpg,train,c,c:PP02img522_jpg,5
b_ppe_0858_jpg.jpg,train,b,b:ppe_0858_jpg,6
a_000421_jpg.jpg,train,a,a:000421_jpg,3
c_PPE_Data_503_jpg.jpg,test,c,c:PPE_Data_503_jpg,2
c_nglovpp3192_jpg.jpg,train,c,c:nglovpp3192_jpg,4
c_helmet999626_jpg.jpg,train,c,c:helmet999626_jpg,1
c_PPE_Data_186_jpg.jpg,val,c,c:PPE_Data_186_jpg,4
a_006393_jpg.jpg,train,a,a:006393_jpg,4
c_img148_jpg.jpg,train,c,c:img148_jpg,5
c_MX_img_10_jpg.jpg,train,c,c:MX_img_10_jpg,1
c_frame71--3-_jpg.jpg,train,c,c:frame71--3-_jpg,2
c_PP02img425_jpg.jpg,train,c,c:PP02img425_jpg,5
b_Video3_129_jpg.jpg,train,b,b:Video3_129_jpg,6
c_PPE_Data_243_jpg.jpg,train,c,c:PPE_Data_243_jpg,0
c_PP02img1312_jpg.jpg,val,c,c:PP02img1312_jpg,5
c_kp313_jpg.jpg,train,c,c:kp313_jpg,1
b_image_766_jpg.jpg,train,b,b:image_766_jpg,6
c_kp1580_jpg.jpg,train,c,c:kp1580_jpg,1
b_ppe_0077_jpg.jpg,val,b,b:ppe_0077_jpg,2
c_frame1171_jpg.jpg,train,c,c:frame1171_jpg,0
b_00119_jpg.jpg,test,b,b:00119_jpg,1
a_002330_jpg.jpg,val,a,a:002330_jpg,2
b_ppe_0899_jpg.jpg,train,b,b:ppe_0899_jpg,10
b_image_469_jpg.jpg,val,b,b:image_469_jpg,3
c_frame22_jpg.jpg,test,c,c:frame22_jpg,2
c_packing124_jpg.jpg,train,c,c:packing124_jpg,3
c_p656213116_jpg.jpg,test,c,c:p656213116_jpg,1
b_image_216_jpg.jpg,train,b,b:image_216_jpg,5
b_image_339_jpg.jpg,train,b,b:image_339_jpg,5
c_PP02img376_jpg.jpg,val,c,c:PP02img376_jpg,6
b_image_387_jpg.jpg,val,b,b:image_387_jpg,3
a_000782_jpg.jpg,train,a,a:000782_jpg,1
c_nglovpp341_jpg.jpg,train,c,c:nglovpp341_jpg,1
c_kp1510_jpg.jpg,test,c,c:kp1510_jpg,1
c_packing49_jpg.jpg,val,c,c:packing49_jpg,1
c_helmet999534_jpg.jpg,train,c,c:helmet999534_jpg,3
b_Video1_167_jpg.jpg,train,b,b:Video1_167_jpg,4
c_005427_jpg.jpg,train,c,c:005427_jpg,1
a_002151_jpg.jpg,train,a,a:002151_jpg,1
c_frame1141_jpg.jpg,test,c,c:frame1141_jpg,0
b_ppe_0979_jpg.jpg,train,b,b:ppe_0979_jpg,2
c_kp901_jpg.jpg,train,c,c:kp901_jpg,1
b_ppe_0274_jpg.jpg,train,b,b:ppe_0274_jpg,2
c_img437_jpg.jpg,train,c,c:img437_jpg,4
a_001692_jpg.jpg,train,a,a:001692_jpg,1
c_packing1290_jpg.jpg,train,c,c:packing1290_jpg,1
c_img223_jpg.jpg,train,c,c:img223_jpg,3
c_nglov34_jpg.jpg,train,c,c:nglov34_jpg,2
a_001992_jpg.jpg,train,a,a:001992_jpg,1
c_kp399_jpg.jpg,train,c,c:kp399_jpg,1
c_kp1603_jpg.jpg,train,c,c:kp1603_jpg,1
b_image_483_jpg.jpg,train,b,b:image_483_jpg,3
c_frame596_jpg.jpg,train,c,c:frame596_jpg,2
b_Video3_238_jpg.jpg,train,b,b:Video3_238_jpg,6
c_packing1292_jpg.jpg,train,c,c:packing1292_jpg,2
c_goggle876536_jpg.jpg,val,c,c:goggle876536_jpg,2
c_helmet999795_jpg.jpg,train,c,c:helmet999795_jpg,1
b_image_203_jpg.jpg,train,b,b:image_203_jpg,6
a_005771_jpg.jpg,train,a,a:005771_jpg,5
b_Photin0014_jpg.jpg,val,b,b:Photin0014_jpg,1
a_002005_jpg.jpg,train,a,a:002005_jpg,1
a_006514_jpg.jpg,train,a,a:006514_jpg,4
c_N5h_img_98_jpg.jpg,train,c,c:N5h_img_98_jpg,2
c_img218_jpg.jpg,train,c,c:img218_jpg,4
c_frame518_jpg.jpg,train,c,c:frame518_jpg,0
a_004643_jpg.jpg,test,a,a:004643_jpg,4
c_packing1457_jpg.jpg,train,c,c:packing1457_jpg,2
a_003254_jpg.jpg,train,a,a:003254_jpg,4
c_frame469_jpg.jpg,train,c,c:frame469_jpg,2
a_001655_jpg.jpg,train,a,a:001655_jpg,11
c_PP02img598_jpg.jpg,train,c,c:PP02img598_jpg,6
c_nglovpp211_jpg.jpg,train,c,c:nglovpp211_jpg,3
c_kp1450_jpg.jpg,train,c,c:kp1450_jpg,1
c_packing253_jpg.jpg,train,c,c:packing253_jpg,1
a_000978_jpg.jpg,train,a,a:000978_jpg,6
a_005254_jpg.jpg,train,a,a:005254_jpg,7
a_005939_jpg.jpg,test,a,a:005939_jpg,11
c_kp645_jpg.jpg,train,c,c:kp645_jpg,2
b_AightSird0120_jpg.jpg,val,b,b:AightSird0120_jpg,6
c_Mask2_mov-13_jpg.jpg,train,c,c:Mask2_mov-13_jpg,1
c_helmet9991145_jpg.jpg,val,c,c:helmet9991145_jpg,1
c_kp1913_jpg.jpg,val,c,c:kp1913_jpg,1
c_packing834_jpg.jpg,train,c,c:packing834_jpg,2
b_AightOne0317_jpg.jpg,train,b,b:AightOne0317_jpg,6
c_fglov172_jpg.jpg,train,c,c:fglov172_jpg,3
c_kp600_jpg.jpg,val,c,c:kp600_jpg,2
c_img394_jpg.jpg,test,c,c:img394_jpg,4
a_002577_jpg.jpg,train,a,a:002577_jpg,1
c_PP02img1133_jpg.jpg,train,c,c:PP02img1133_jpg,5
b_ppe_0728_jpg.jpg,val,b,b:ppe_0728_jpg,2
c_nglovpp2137_jpg.jpg,train,c,c:nglovpp2137_jpg,3
b_ppe_1277_jpg.jpg,train,b,b:ppe_1277_jpg,4
c_PP02img648_jpg.jpg,train,c,c:PP02img648_jpg,4
b_ppe_0004_jpg.jpg,train,b,b:ppe_0004_jpg,6
c_mask-wearing-1632937906821_png_jpg.jpg,val,c,c:mask-wearing-1632937906821_png_jpg,1
c_kp325_jpg.jpg,train,c,c:kp325_jpg,1
c_packing1551_jpg.jpg,val,c,c:packing1551_jpg,2
a_000324_jpg.jpg,val,a,a:000324_jpg,4
b_Tan0500500_jpg.jpg,train,b,b:Tan0500500_jpg,2
a_002679_jpg.jpg,val,a,a:002679_jpg,7
c_kp1459_jpg.jpg,val,c,c:kp1459_jpg,1
a_002231_jpg.jpg,train,a,a:002231_jpg,7
c_Nhh_img_165_jpg.jpg,train,c,c:Nhh_img_165_jpg,2
c_MX_img_70_jpg.jpg,train,c,c:MX_img_70_jpg,1
a_004013_jpg.jpg,val,a,a:004013_jpg,2
c_packing1685_jpg.jpg,val,c,c:packing1685_jpg,2
c_packing10_jpg.jpg,val,c,c:packing10_jpg,3
b_ppe_0383_jpg.jpg,train,b,b:ppe_0383_jpg,6
b_ppe_0688_jpg.jpg,train,b,b:ppe_0688_jpg,2
b_image_109_jpg.jpg,train,b,b:image_109_jpg,3
c_goggle8765113_jpg.jpg,test,c,c:goggle8765113_jpg,1
c_packing1757_jpg.jpg,val,c,c:packing1757_jpg,1
a_006227_jpg.jpg,train,a,a:006227_jpg,1
b_image_877_jpg.jpg,test,b,b:image_877_jpg,3
c_frame728_jpg.jpg,train,c,c:frame728_jpg,3
c_fglov138_jpg.jpg,train,c,c:fglov138_jpg,4
c_PP02img1019_jpg.jpg,test,c,c:PP02img1019_jpg,2
c_p65621341_jpg.jpg,test,c,c:p65621341_jpg,1
c_kp1337_jpg.jpg,train,c,c:kp1337_jpg,1
c_fglov1188_jpg.jpg,train,c,c:fglov1188_jpg,3
b_image_550_jpg.jpg,train,b,b:image_550_jpg,2
b_ppe_0980_jpg.jpg,train,b,b:ppe_0980_jpg,12
c_packing1535_jpg.jpg,train,c,c:packing1535_jpg,1
c_PP02img1090_jpg.jpg,train,c,c:PP02img1090_jpg,2
c_goggle876520_jpg.jpg,val,c,c:goggle876520_jpg,5
c_p11311_jpg.jpg,val,c,c:p11311_jpg,2
b_ppe_0317_jpg.jpg,train,b,b:ppe_0317_jpg,2
c_005308_jpg.jpg,train,c,c:005308_jpg,3
a_001460_jpg.jpg,train,a,a:001460_jpg,3
c_kp791_jpg.jpg,val,c,c:kp791_jpg,1
a_003271_jpg.jpg,train,a,a:003271_jpg,11
a_004548_jpg.jpg,val,a,a:004548_jpg,2
c_packing219_jpg.jpg,train,c,c:packing219_jpg,1
c_packing152_jpg.jpg,train,c,c:packing152_jpg,3
c_p65134_jpg.jpg,train,c,c:p65134_jpg,1
c_p651366_jpg.jpg,train,c,c:p651366_jpg,1
c_p11320_jpg.jpg,train,c,c:p11320_jpg,1
a_002194_jpg.jpg,train,a,a:002194_jpg,9
c_packing995_jpg.jpg,val,c,c:packing995_jpg,1
c_img111_jpg.jpg,train,c,c:img111_jpg,4
c_PP02img1501_jpg.jpg,val,c,c:PP02img1501_jpg,5
c_N5h_img_10_jpg.jpg,train,c,c:N5h_img_10_jpg,2
b_image_189_jpg.jpg,val,b,b:image_189_jpg,4
c_PP02img646_jpg.jpg,train,c,c:PP02img646_jpg,3
c_frame112--2-_jpg.jpg,train,c,c:frame112--2-_jpg,1
a_003639_jpg.jpg,val,a,a:003639_jpg,2
c_frame766_jpg.jpg,test,c,c:frame766_jpg,3
b_ppe_1185_jpg.jpg,test,b,b:ppe_1185_jpg,2
a_006542_jpg.jpg,train,a,a:006542_jpg,4
c_img228_jpg.jpg,val,c,c:img228_jpg,3
b_68_JPG_jpg.jpg,train,b,b:68_JPG_jpg,1
c_packing1974_jpg.jpg,val,c,c:packing1974_jpg,1
a_005496_jpg.jpg,test,a,a:005496_jpg,4
c_kp439_jpg.jpg,test,c,c:kp439_jpg,1
c_PP02img1013_jpg.jpg,val,c,c:PP02img1013_jpg,3
c_img333_jpg.jpg,val,c,c:img333_jpg,3
c_kp589_jpg.jpg,val,c,c:kp589_jpg,2
a_004765_jpg.jpg,train,a,a:004765_jpg,3
a_004924_jpg.jpg,train,a,a:004924_jpg,7
c_helmet9991108_jpg.jpg,val,c,c:helmet9991108_jpg,1
a_002415_jpg.jpg,train,a,a:002415_jpg,1
c_nglovpp2173_jpg.jpg,train,c,c:nglovpp2173_jpg,3
b_image_971_jpg.jpg,test,b,b:image_971_jpg,3
b_Video1_174_jpg.jpg,train,b,b:Video1_174_jpg,4
c_kp1339_jpg.jpg,train,c,c:kp1339_jpg,1
c_kp1068_jpg.jpg,train,c,c:kp1068_jpg,2
b_image_479_jpg.jpg,train,b,b:image_479_jpg,4
c_kp190_jpg.jpg,train,c,c:kp190_jpg,1
c_005546_jpg.jpg,train,c,c:005546_jpg,4
c_packing1400_jpg.jpg,train,c,c:packing1400_jpg,1
a_003888_jpg.jpg,train,a,a:003888_jpg,6
a_006345_jpg.jpg,val,a,a:006345_jpg,2
a_006480_jpg.jpg,train,a,a:006480_jpg,7
b_image_1177_jpg.jpg,val,b,b:image_1177_jpg,3
b_Photin1249_jpg.jpg,val,b,b:Photin1249_jpg,1
c_kp1006_jpg.jpg,train,c,c:kp1006_jpg,2
c_packing813_jpg.jpg,train,c,c:packing813_jpg,2
a_000456_jpg.jpg,train,a,a:000456_jpg,3
c_N5h_img_188_jpg.jpg,train,c,c:N5h_img_188_jpg,1
c_img160_jpg.jpg,train,c,c:img160_jpg,4
c_kp529_jpg.jpg,train,c,c:kp529_jpg,2
c_img232_jpg.jpg,train,c,c:img232_jpg,3
c_kp298_jpg.jpg,train,c,c:kp298_jpg,1
c_PP02img64_jpg.jpg,train,c,c:PP02img64_jpg,4
b_image_976_jpg.jpg,train,b,b:image_976_jpg,6
b_ppe_0923_jpg.jpg,val,b,b:ppe_0923_jpg,2
a_005909_jpg.jpg,train,a,a:005909_jpg,1
c_kp1687_jpg.jpg,train,c,c:kp1687_jpg,1
c_goggle8765132_jpg.jpg,train,c,c:goggle8765132_jpg,5
c_p65621390_jpg.jpg,test,c,c:p65621390_jpg,1
a_005384_jpg.jpg,train,a,a:005384_jpg,3
a_005463_jpg.jpg,train,a,a:005463_jpg,4
b_AightDuo0189_jpg.jpg,val,b,b:AightDuo0189_jpg,1
c_kp353_jpg.jpg,val,c,c:kp353_jpg,1
c_kp1968_jpg.jpg,train,c,c:kp1968_jpg,1
c_p11368_jpg.jpg,test,c,c:p11368_jpg,1
b_ppe_0652_jpg.jpg,train,b,b:ppe_0652_jpg,4
a_004072_jpg.jpg,train,a,a:004072_jpg,5
c_img207_jpg.jpg,train,c,c:img207_jpg,3
c_PP02img1006_jpg.jpg,val,c,c:PP02img1006_jpg,2
c_kp1706_jpg.jpg,train,c,c:kp1706_jpg,1
b_images-68-_jpg.jpg,train,b,b:images-68-_jpg,2
b_image_28_jpg.jpg,train,b,b:image_28_jpg,3
a_003397_jpg.jpg,train,a,a:003397_jpg,10
c_p651340_jpg.jpg,train,c,c:p651340_jpg,1
a_002568_jpg.jpg,train,a,a:002568_jpg,2
a_000282_jpg.jpg,train,a,a:000282_jpg,1
c_packing1853_jpg.jpg,val,c,c:packing1853_jpg,1
c_frame84--2-_jpg.jpg,train,c,c:frame84--2-_jpg,2
c_kp937_jpg.jpg,train,c,c:kp937_jpg,1
a_006093_jpg.jpg,train,a,a:006093_jpg,1
a_003662_jpg.jpg,train,a,a:003662_jpg,14
a_003318_jpg.jpg,train,a,a:003318_jpg,4
c_N5h_img_94_jpg.jpg,train,c,c:N5h_img_94_jpg,1
c_img249_jpg.jpg,train,c,c:img249_jpg,3
c_kp368_jpg.jpg,val,c,c:kp368_jpg,1
c_kp1545_jpg.jpg,train,c,c:kp1545_jpg,2
c_PP02img1208_jpg.jpg,train,c,c:PP02img1208_jpg,2
a_000783_jpg.jpg,train,a,a:000783_jpg,5
c_packing1750_jpg.jpg,test,c,c:packing1750_jpg,2
c_005389_jpg.jpg,train,c,c:005389_jpg,2
a_007018_jpg.jpg,train,a,a:007018_jpg,1
c_packing332_jpg.jpg,train,c,c:packing332_jpg,1
a_006566_jpg.jpg,train,a,a:006566_jpg,4
c_packing595_jpg.jpg,train,c,c:packing595_jpg,2
a_002872_jpg.jpg,train,a,a:002872_jpg,3
c_PP02img944_jpg.jpg,train,c,c:PP02img944_jpg,1
c_kp1967_jpg.jpg,train,c,c:kp1967_jpg,1
a_001695_jpg.jpg,train,a,a:001695_jpg,1
b_image_1399_jpg.jpg,train,b,b:image_1399_jpg,2
b_ppe_1265_jpg.jpg,train,b,b:ppe_1265_jpg,2
c_frame722_jpg.jpg,val,c,c:frame722_jpg,3
c_packing993_jpg.jpg,train,c,c:packing993_jpg,2
c_img120_jpg.jpg,train,c,c:img120_jpg,4
c_kp1554_jpg.jpg,train,c,c:kp1554_jpg,2
b_image_1321_jpg.jpg,test,b,b:image_1321_jpg,3
b_image_756_jpg.jpg,train,b,b:image_756_jpg,6
a_004212_jpg.jpg,train,a,a:004212_jpg,6
c_PPE_Data_278_jpg.jpg,val,c,c:PPE_Data_278_jpg,2
c_PPE_Data_270_jpg.jpg,train,c,c:PPE_Data_270_jpg,2
c_packing1657_jpg.jpg,train,c,c:packing1657_jpg,2
c_PP02img438_jpg.jpg,val,c,c:PP02img438_jpg,6
c_mo-justin-mask-NoMask_mov-1_jpg.jpg,train,c,c:mo-justin-mask-NoMask_mov-1_jpg,2
b_image_510_jpg.jpg,train,b,b:image_510_jpg,3
c_nglovpp212_jpg.jpg,test,c,c:nglovpp212_jpg,6
a_000734_jpg.jpg,train,a,a:000734_jpg,3
b_00085_jpg.jpg,test,b,b:00085_jpg,1
c_005409_jpg.jpg,train,c,c:005409_jpg,5
c_kp1417_jpg.jpg,val,c,c:kp1417_jpg,1
c_PXL_20210930_152101390_jpg.jpg,train,c,c:PXL_20210930_152101390_jpg,1
c_nglov9_jpg.jpg,train,c,c:nglov9_jpg,4
c_NVR-09_Trim_new_Trim-2686_jpg.jpg,train,c,c:NVR-09_Trim_new_Trim-2686_jpg,3
c_PP02img681_jpg.jpg,train,c,c:PP02img681_jpg,5
b_image_910_jpg.jpg,test,b,b:image_910_jpg,3
a_001485_jpg.jpg,train,a,a:001485_jpg,1
c_PP02img73_jpg.jpg,test,c,c:PP02img73_jpg,2
c_PP02img1087_jpg.jpg,val,c,c:PP02img1087_jpg,3
b_ppe_1280_jpg.jpg,train,b,b:ppe_1280_jpg,2
c_kp779_jpg.jpg,test,c,c:kp779_jpg,1
a_006367_jpg.jpg,test,a,a:006367_jpg,10
b_image_382_jpg.jpg,train,b,b:image_382_jpg,2
c_fglov1124_jpg.jpg,val,c,c:fglov1124_jpg,3
c_PP02img410_jpg.jpg,val,c,c:PP02img410_jpg,3
c_packing1677_jpg.jpg,train,c,c:packing1677_jpg,2
c_packing1092_jpg.jpg,train,c,c:packing1092_jpg,2
c_p656213164_jpg.jpg,val,c,c:p656213164_jpg,1
c_frame125_jpg.jpg,test,c,c:frame125_jpg,2
b_ppe_1282_jpg.jpg,test,b,b:ppe_1282_jpg,1
a_001775_jpg.jpg,train,a,a:001775_jpg,10
c_kp1118_jpg.jpg,test,c,c:kp1118_jpg,1
b_00122_jpg.jpg,train,b,b:00122_jpg,3
a_003436_jpg.jpg,val,a,a:003436_jpg,3
a_004233_jpg.jpg,train,a,a:004233_jpg,6
a_001955_jpg.jpg,train,a,a:001955_jpg,5
c_PP02img602_jpg.jpg,train,c,c:PP02img602_jpg,6
c_nglovpp335_jpg.jpg,train,c,c:nglovpp335_jpg,3
a_000353_jpg.jpg,train,a,a:000353_jpg,2
a_000366_jpg.jpg,train,a,a:000366_jpg,4
a_006383_jpg.jpg,train,a,a:006383_jpg,2
c_PP02img497_jpg.jpg,test,c,c:PP02img497_jpg,5
a_005843_jpg.jpg,train,a,a:005843_jpg,2
c_NX_img_4_jpg.jpg,train,c,c:NX_img_4_jpg,1
a_005940_jpg.jpg,test,a,a:005940_jpg,7
c_kp118_jpg.jpg,train,c,c:kp118_jpg,1
c_nglovpp2124_jpg.jpg,train,c,c:nglovpp2124_jpg,4
c_frame3938_jpg.jpg,train,c,c:frame3938_jpg,3
c_packing1112_jpg.jpg,train,c,c:packing1112_jpg,2
c_PP02img825_jpg.jpg,train,c,c:PP02img825_jpg,2
c_PP02img1088_jpg.jpg,val,c,c:PP02img1088_jpg,2
c_packing1427_jpg.jpg,train,c,c:packing1427_jpg,1
c_005438_jpg.jpg,train,c,c:005438_jpg,3
c_helmet9991023_jpg.jpg,val,c,c:helmet9991023_jpg,1
c_kp367_jpg.jpg,train,c,c:kp367_jpg,1
c_NX_img_192_jpg.jpg,test,c,c:NX_img_192_jpg,2
c_IMG_4921-2_mp4-49_jpg.jpg,train,c,c:IMG_4921-2_mp4-49_jpg,1
a_006381_jpg.jpg,train,a,a:006381_jpg,2
c_PPE_Data_632_jpg.jpg,test,c,c:PPE_Data_632_jpg,2
c_packing1289_jpg.jpg,val,c,c:packing1289_jpg,1
a_004271_jpg.jpg,val,a,a:004271_jpg,2
b_Video1_21_jpg.jpg,train,b,b:Video1_21_jpg,4
c_img86_jpg.jpg,train,c,c:img86_jpg,4
a_005792_jpg.jpg,train,a,a:005792_jpg,4
c_img261_jpg.jpg,val,c,c:img261_jpg,4
b_image_1149_jpg.jpg,test,b,b:image_1149_jpg,3
c_packing1227_jpg.jpg,val,c,c:packing1227_jpg,1
b_ppe_0025_jpg.jpg,train,b,b:ppe_0025_jpg,8
c_packing5_jpg.jpg,train,c,c:packing5_jpg,1
b_ppe_1067_jpg.jpg,train,b,b:ppe_1067_jpg,6
a_002399_jpg.jpg,test,a,a:002399_jpg,4
c_img229_jpg.jpg,train,c,c:img229_jpg,4
c_fglov1121_jpg.jpg,train,c,c:fglov1121_jpg,4
c_img194_jpg.jpg,train,c,c:img194_jpg,7
c_PPE_Data_117_jpg.jpg,train,c,c:PPE_Data_117_jpg,1
a_005559_jpg.jpg,train,a,a:005559_jpg,1
c_Mask-detector1_mov-23_jpg.jpg,val,c,c:Mask-detector1_mov-23_jpg,1
c_kp1474_jpg.jpg,test,c,c:kp1474_jpg,1
a_003506_jpg.jpg,train,a,a:003506_jpg,2
b_image_230_jpg.jpg,train,b,b:image_230_jpg,6
b_image_425_jpg.jpg,val,b,b:image_425_jpg,3
c_Mask-detector1_mov-10_jpg.jpg,train,c,c:Mask-detector1_mov-10_jpg,1
b_Video3_24_jpg.jpg,train,b,b:Video3_24_jpg,4
c_frame1219_jpg.jpg,train,c,c:frame1219_jpg,0
a_001125_jpg.jpg,train,a,a:001125_jpg,4
c_kp537_jpg.jpg,train,c,c:kp537_jpg,2
a_002749_jpg.jpg,test,a,a:002749_jpg,5
c_PP02img1315_jpg.jpg,val,c,c:PP02img1315_jpg,4
c_packing889_jpg.jpg,train,c,c:packing889_jpg,1
a_001196_jpg.jpg,train,a,a:001196_jpg,1
a_002139_jpg.jpg,train,a,a:002139_jpg,2
a_006972_jpg.jpg,test,a,a:006972_jpg,4
c_img16_jpg.jpg,train,c,c:img16_jpg,6
c_kp1232_jpg.jpg,test,c,c:kp1232_jpg,1
c_kp56_jpg.jpg,train,c,c:kp56_jpg,1
a_003544_jpg.jpg,train,a,a:003544_jpg,10
b_Video2_189_jpg.jpg,train,b,b:Video2_189_jpg,7
a_000008_jpg.jpg,val,a,a:000008_jpg,7
b_image_1051_jpg.jpg,test,b,b:image_1051_jpg,6
a_005987_jpg.jpg,train,a,a:005987_jpg,13
b_ppe_1195_jpg.jpg,train,b,b:ppe_1195_jpg,2
b_ppe_0825_jpg.jpg,train,b,b:ppe_0825_jpg,2
b_Video1_49_jpg.jpg,val,b,b:Video1_49_jpg,6
c_N5h_img_139_jpg.jpg,train,c,c:N5h_img_139_jpg,1
c_frame40_jpg.jpg,train,c,c:frame40_jpg,0
b_image_1555_jpg.jpg,train,b,b:image_1555_jpg,2
a_003066_jpg.jpg,val,a,a:003066_jpg,6
a_000546_jpg.jpg,train,a,a:000546_jpg,9
c_PP02img1226_jpg.jpg,train,c,c:PP02img1226_jpg,3
c_packing1040_jpg.jpg,val,c,c:packing1040_jpg,1
c_kp1588_jpg.jpg,train,c,c:kp1588_jpg,2
c_frame295_jpg.jpg,train,c,c:frame295_jpg,1
c_PP02img750_jpg.jpg,val,c,c:PP02img750_jpg,4
a_006755_jpg.jpg,train,a,a:006755_jpg,3
a_004249_jpg.jpg,train,a,a:004249_jpg,1
c_frame247--2-_jpg.jpg,train,c,c:frame247--2-_jpg,2
c_kp217_jpg.jpg,train,c,c:kp217_jpg,1
b_image_1757_jpg.jpg,train,b,b:image_1757_jpg,1
b_ppe_0665_jpg.jpg,train,b,b:ppe_0665_jpg,19
a_006460_jpg.jpg,train,a,a:006460_jpg,4
a_002040_jpg.jpg,train,a,a:002040_jpg,3
c_PPE_Data_698_jpg.jpg,train,c,c:PPE_Data_698_jpg,4
a_000102_jpg.jpg,train,a,a:000102_jpg,1
c_goggle8765130_jpg.jpg,train,c,c:goggle8765130_jpg,3
b_image_1140_jpg.jpg,val,b,b:image_1140_jpg,3
c_kp586_jpg.jpg,train,c,c:kp586_jpg,2
c_goggle876522_jpg.jpg,val,c,c:goggle876522_jpg,2
b_image_804_jpg.jpg,val,b,b:image_804_jpg,2
b_ppe_1298_jpg.jpg,train,b,b:ppe_1298_jpg,14
a_004813_jpg.jpg,test,a,a:004813_jpg,3
c_kp35_jpg.jpg,train,c,c:kp35_jpg,2
c_frame1331_jpg.jpg,train,c,c:frame1331_jpg,2
c_Mask2_mov-17_jpg.jpg,val,c,c:Mask2_mov-17_jpg,1
a_004331_jpg.jpg,val,a,a:004331_jpg,5
c_nglovpp23_jpg.jpg,train,c,c:nglovpp23_jpg,2
a_005802_jpg.jpg,val,a,a:005802_jpg,2
b_image_1631_jpg.jpg,train,b,b:image_1631_jpg,3
c_PP02img1245_jpg.jpg,train,c,c:PP02img1245_jpg,4
a_004886_jpg.jpg,train,a,a:004886_jpg,2
c_nglovpp2192_jpg.jpg,val,c,c:nglovpp2192_jpg,3
c_005298_jpg.jpg,train,c,c:005298_jpg,5
b_image_871_jpg.jpg,train,b,b:image_871_jpg,3
c_PP02img1267_jpg.jpg,train,c,c:PP02img1267_jpg,4
c_kp1699_jpg.jpg,test,c,c:kp1699_jpg,1
c_PP02img1035_jpg.jpg,train,c,c:PP02img1035_jpg,3
c_PP02img859_jpg.jpg,train,c,c:PP02img859_jpg,1
c_helmet999679_jpg.jpg,train,c,c:helmet999679_jpg,1
c_img458_jpg.jpg,train,c,c:img458_jpg,4
c_packing778_jpg.jpg,train,c,c:packing778_jpg,2
c_frame1564_jpg.jpg,train,c,c:frame1564_jpg,1
a_005991_jpg.jpg,train,a,a:005991_jpg,1
c_Nhh_img_134_jpg.jpg,train,c,c:Nhh_img_134_jpg,1
c_frame2953_jpg.jpg,train,c,c:frame2953_jpg,2
b_ppe_0927_jpg.jpg,train,b,b:ppe_0927_jpg,4
c_kp1530_jpg.jpg,val,c,c:kp1530_jpg,1
c_img195_jpg.jpg,train,c,c:img195_jpg,4
c_005537_jpg.jpg,train,c,c:005537_jpg,1
c_kp1983_jpg.jpg,val,c,c:kp1983_jpg,1
c_PPE_Data_619_jpg.jpg,train,c,c:PPE_Data_619_jpg,0
b_ppe_0054_jpg.jpg,test,b,b:ppe_0054_jpg,2
c_img306_jpg.jpg,test,c,c:img306_jpg,2
b_image_610_jpg.jpg,train,b,b:image_610_jpg,3
c_IMG_4921-2_mp4-23_jpg.jpg,train,c,c:IMG_4921-2_mp4-23_jpg,1
a_006717_jpg.jpg,val,a,a:006717_jpg,2
b_52_JPG_jpg.jpg,train,b,b:52_JPG_jpg,3
c_MX_img_78_jpg.jpg,val,c,c:MX_img_78_jpg,1
c_packing339_jpg.jpg,train,c,c:packing339_jpg,1
c_frame1153_jpg.jpg,train,c,c:frame1153_jpg,1
c_packing571_jpg.jpg,train,c,c:packing571_jpg,2
c_kp593_jpg.jpg,train,c,c:kp593_jpg,2
a_005090_jpg.jpg,train,a,a:005090_jpg,7
a_003572_jpg.jpg,val,a,a:003572_jpg,2
b_image_1280_jpg.jpg,train,b,b:image_1280_jpg,1
c_img150_jpg.jpg,train,c,c:img150_jpg,5
c_frame37_jpg.jpg,val,c,c:frame37_jpg,2
c_PP02img502_jpg.jpg,train,c,c:PP02img502_jpg,4
c_kp1029_jpg.jpg,train,c,c:kp1029_jpg,1
c_fglov14_jpg.jpg,val,c,c:fglov14_jpg,2
c_Inside-merge_mov-33_jpg.jpg,train,c,c:Inside-merge_mov-33_jpg,0
c_frame698_jpg.jpg,train,c,c:frame698_jpg,0
c_nglovpp210_jpg.jpg,val,c,c:nglovpp210_jpg,1
c_no-mask_mov-28_jpg.jpg,train,c,c:no-mask_mov-28_jpg,1
c_Mask-detector1_mov-50_jpg.jpg,test,c,c:Mask-detector1_mov-50_jpg,1
c_kp827_jpg.jpg,val,c,c:kp827_jpg,1
c_p651312_jpg.jpg,train,c,c:p651312_jpg,1
c_packing685_jpg.jpg,train,c,c:packing685_jpg,1
c_mask-wearing-1632932318495_png_jpg.jpg,train,c,c:mask-wearing-1632932318495_png_jpg,1
a_000221_jpg.jpg,val,a,a:000221_jpg,7
c_N5h_img_143_jpg.jpg,train,c,c:N5h_img_143_jpg,1
a_001525_jpg.jpg,val,a,a:001525_jpg,2
c_img331_jpg.jpg,train,c,c:img331_jpg,4
c_packing577_jpg.jpg,train,c,c:packing577_jpg,2
a_006780_jpg.jpg,val,a,a:006780_jpg,6
c_PP02img151_jpg.jpg,val,c,c:PP02img151_jpg,3
c_kp54_jpg.jpg,val,c,c:kp54_jpg,1
c_helmet9991120_jpg.jpg,train,c,c:helmet9991120_jpg,1
c_MX_img_81_jpg.jpg,val,c,c:MX_img_81_jpg,1
c_PP02img412_jpg.jpg,val,c,c:PP02img412_jpg,4
c_helmet9991191_jpg.jpg,train,c,c:helmet9991191_jpg,1
b_ppe_0793_jpg.jpg,train,b,b:ppe_0793_jpg,4
c_frame1202_jpg.jpg,train,c,c:frame1202_jpg,0
a_000271_jpg.jpg,train,a,a:000271_jpg,5
c_img281_jpg.jpg,train,c,c:img281_jpg,3
c_helmet9991128_jpg.jpg,train,c,c:helmet9991128_jpg,1
a_006579_jpg.jpg,train,a,a:006579_jpg,4
c_helmet999863_jpg.jpg,train,c,c:helmet999863_jpg,1
c_kp1576_jpg.jpg,train,c,c:kp1576_jpg,2
c_packing1238_jpg.jpg,train,c,c:packing1238_jpg,3
c_kp1895_jpg.jpg,train,c,c:kp1895_jpg,1
a_002607_jpg.jpg,train,a,a:002607_jpg,9
a_002300_jpg.jpg,val,a,a:002300_jpg,2
c_PP02img1233_jpg.jpg,test,c,c:PP02img1233_jpg,2
a_004429_jpg.jpg,train,a,a:004429_jpg,1
b_Video4_235_jpg.jpg,train,b,b:Video4_235_jpg,5
c_005520_jpg.jpg,val,c,c:005520_jpg,2
c_frame1211_jpg.jpg,train,c,c:frame1211_jpg,0
a_006606_jpg.jpg,train,a,a:006606_jpg,1
c_img257_jpg.jpg,train,c,c:img257_jpg,2
c_PP02img887_jpg.jpg,train,c,c:PP02img887_jpg,1
a_001323_jpg.jpg,test,a,a:001323_jpg,3
c_kp137_jpg.jpg,train,c,c:kp137_jpg,2
b_Video2_152_jpg.jpg,val,b,b:Video2_152_jpg,4
c_kp80_jpg.jpg,train,c,c:kp80_jpg,1
c_nglov64_jpg.jpg,train,c,c:nglov64_jpg,1
c_MX_img_52_jpg.jpg,val,c,c:MX_img_52_jpg,1
c_kp542_jpg.jpg,train,c,c:kp542_jpg,2
c_packing35_jpg.jpg,train,c,c:packing35_jpg,3
c_fglov118_jpg.jpg,train,c,c:fglov118_jpg,1
a_003767_jpg.jpg,train,a,a:003767_jpg,6
a_003103_jpg.jpg,train,a,a:003103_jpg,1
c_nglovpp223_jpg.jpg,test,c,c:nglovpp223_jpg,4
c_mask-wearing-1632937926375_png_jpg.jpg,train,c,c:mask-wearing-1632937926375_png_jpg,1
c_PP02img1180_jpg.jpg,train,c,c:PP02img1180_jpg,5
c_nglov104_jpg.jpg,test,c,c:nglov104_jpg,4
a_003191_jpg.jpg,val,a,a:003191_jpg,6
c_packing971_jpg.jpg,train,c,c:packing971_jpg,2
b_image_570_jpg.jpg,test,b,b:image_570_jpg,3
b_Tan0639639_jpg.jpg,val,b,b:Tan0639639_jpg,2
c_frame3770_jpg.jpg,train,c,c:frame3770_jpg,3
c_frame246_jpg.jpg,train,c,c:frame246_jpg,1
a_003739_jpg.jpg,train,a,a:003739_jpg,1
a_000478_jpg.jpg,train,a,a:000478_jpg,1
c_PPE_Data_551_jpg.jpg,train,c,c:PPE_Data_551_jpg,0
c_nglov44_jpg.jpg,train,c,c:nglov44_jpg,2
c_PP02img396_jpg.jpg,train,c,c:PP02img396_jpg,4
c_N5h_img_70_jpg.jpg,train,c,c:N5h_img_70_jpg,1
c_N5h_img_44_jpg.jpg,train,c,c:N5h_img_44_jpg,1
c_frame3762_jpg.jpg,train,c,c:frame3762_jpg,3
c_packing1772_jpg.jpg,val,c,c:packing1772_jpg,1
a_006028_jpg.jpg,train,a,a:006028_jpg,1
c_PP02img768_jpg.jpg,train,c,c:PP02img768_jpg,3
c_kp1011_jpg.jpg,train,c,c:kp1011_jpg,1
b_Photin0730_jpg.jpg,val,b,b:Photin0730_jpg,1
c_kp1601_jpg.jpg,train,c,c:kp1601_jpg,1
b_ppe_0183_jpg.jpg,train,b,b:ppe_0183_jpg,14
c_PP02img1020_jpg.jpg,test,c,c:PP02img1020_jpg,1
c_frame706_jpg.jpg,val,c,c:frame706_jpg,1
c_frame3831_jpg.jpg,train,c,c:frame3831_jpg,3
a_002711_jpg.jpg,train,a,a:002711_jpg,3
a_005874_jpg.jpg,train,a,a:005874_jpg,1
a_005340_jpg.jpg,train,a,a:005340_jpg,1
c_N5h_img_3_jpg.jpg,test,c,c:N5h_img_3_jpg,2
c_kp632_jpg.jpg,val,c,c:kp632_jpg,2
c_packing1436_jpg.jpg,train,c,c:packing1436_jpg,2
c_kp1897_jpg.jpg,train,c,c:kp1897_jpg,1
c_NX_img_1_jpg.jpg,test,c,c:NX_img_1_jpg,1
a_000737_jpg.jpg,train,a,a:000737_jpg,4
b_image_487_jpg.jpg,val,b,b:image_487_jpg,5
a_007046_jpg.jpg,train,a,a:007046_jpg,9
c_p656213127_jpg.jpg,val,c,c:p656213127_jpg,1
c_PP02img1406_jpg.jpg,test,c,c:PP02img1406_jpg,3
b_image_319_jpg.jpg,val,b,b:image_319_jpg,6
a_002079_jpg.jpg,val,a,a:002079_jpg,2
c_PP02img914_jpg.jpg,val,c,c:PP02img914_jpg,1
c_packing609_jpg.jpg,test,c,c:packing609_jpg,3
c_nglovpp271_jpg.jpg,train,c,c:nglovpp271_jpg,3
c_packing1210_jpg.jpg,train,c,c:packing1210_jpg,2
c_frame71--2-_jpg.jpg,train,c,c:frame71--2-_jpg,2
c_p65621375_jpg.jpg,val,c,c:p65621375_jpg,1
c_Mask2_mov-6_jpg.jpg,test,c,c:Mask2_mov-6_jpg,1
c_frame1180_jpg.jpg,train,c,c:frame1180_jpg,0
c_PP02img948_jpg.jpg,train,c,c:PP02img948_jpg,2
b_Tan004343_jpg.jpg,train,b,b:Tan004343_jpg,2
c_N5h_img_118_jpg.jpg,train,c,c:N5h_img_118_jpg,2
a_000383_jpg.jpg,train,a,a:000383_jpg,3
c_goggle8765168_jpg.jpg,train,c,c:goggle8765168_jpg,3
a_002604_jpg.jpg,train,a,a:002604_jpg,2
a_006374_jpg.jpg,train,a,a:006374_jpg,1
a_000209_jpg.jpg,test,a,a:000209_jpg,4
b_Video3_30_jpg.jpg,train,b,b:Video3_30_jpg,4
b_image_834_jpg.jpg,train,b,b:image_834_jpg,2
c_PP02img510_jpg.jpg,train,c,c:PP02img510_jpg,5
a_006378_jpg.jpg,test,a,a:006378_jpg,1
a_002041_jpg.jpg,train,a,a:002041_jpg,7
a_001416_jpg.jpg,train,a,a:001416_jpg,1
c_packing1836_jpg.jpg,train,c,c:packing1836_jpg,1
c_packing926_jpg.jpg,train,c,c:packing926_jpg,2
c_frame2986_jpg.jpg,train,c,c:frame2986_jpg,2
c_PP02img1188_jpg.jpg,val,c,c:PP02img1188_jpg,1
a_000945_jpg.jpg,val,a,a:000945_jpg,2
b_Video3_223_jpg.jpg,train,b,b:Video3_223_jpg,4
c_kp417_jpg.jpg,train,c,c:kp417_jpg,1
a_002855_jpg.jpg,train,a,a:002855_jpg,4
b_ppe_0330_jpg.jpg,train,b,b:ppe_0330_jpg,6
c_packing1422_jpg.jpg,train,c,c:packing1422_jpg,2
b_image_1201_jpg.jpg,train,b,b:image_1201_jpg,1
c_packing88_jpg.jpg,train,c,c:packing88_jpg,1
c_fglov149_jpg.jpg,test,c,c:fglov149_jpg,3
a_001809_jpg.jpg,val,a,a:001809_jpg,2
c_packing1311_jpg.jpg,train,c,c:packing1311_jpg,2
c_IMG_4921-2_mp4-12_jpg.jpg,test,c,c:IMG_4921-2_mp4-12_jpg,1
a_002123_jpg.jpg,train,a,a:002123_jpg,1
c_PP02img103_jpg.jpg,val,c,c:PP02img103_jpg,6
a_004373_jpg.jpg,val,a,a:004373_jpg,2
b_image_972_jpg.jpg,test,b,b:image_972_jpg,3
b_00271_jpg.jpg,val,b,b:00271_jpg,9
c_kp851_jpg.jpg,train,c,c:kp851_jpg,1
c_frame1065_jpg.jpg,test,c,c:frame1065_jpg,0
a_004776_jpg.jpg,train,a,a:004776_jpg,4
a_001444_jpg.jpg,train,a,a:001444_jpg,1
c_nglov160_jpg.jpg,test,c,c:nglov160_jpg,4
b_ppe_0604_jpg.jpg,train,b,b:ppe_0604_jpg,26
c_PP02img672_jpg.jpg,train,c,c:PP02img672_jpg,1
a_006482_jpg.jpg,train,a,a:006482_jpg,2
b_image_18_jpg.jpg,val,b,b:image_18_jpg,3
c_kp525_jpg.jpg,test,c,c:kp525_jpg,2
c_frame702_jpg.jpg,test,c,c:frame702_jpg,0
a_000842_jpg.jpg,train,a,a:000842_jpg,15
a_006874_jpg.jpg,train,a,a:006874_jpg,5
c_kp1129_jpg.jpg,train,c,c:kp1129_jpg,1
c_kp687_jpg.jpg,train,c,c:kp687_jpg,1
b_image_1124_jpg.jpg,train,b,b:image_1124_jpg,2
b_ppe_0057_jpg.jpg,test,b,b:ppe_0057_jpg,9
c_frame1270_jpg.jpg,train,c,c:frame1270_jpg,0
b_image_144_jpg.jpg,val,b,b:image_144_jpg,3
a_001150_jpg.jpg,train,a,a:001150_jpg,5
a_004155_jpg.jpg,train,a,a:004155_jpg,4
c_PP02img99_jpg.jpg,train,c,c:PP02img99_jpg,3
c_nglovpp397_jpg.jpg,train,c,c:nglovpp397_jpg,1
b_images-2022-07-04T013931_jpg.jpg,train,b,b:images-2022-07-04T013931_jpg,2
c_frame2950_jpg.jpg,val,c,c:frame2950_jpg,2
c_mask-wearing-1632932302257_png_jpg.jpg,train,c,c:mask-wearing-1632932302257_png_jpg,1
b_ppe_0536_jpg.jpg,train,b,b:ppe_0536_jpg,2
a_006808_jpg.jpg,train,a,a:006808_jpg,1
a_006625_jpg.jpg,train,a,a:006625_jpg,4
c_PP02img618_jpg.jpg,train,c,c:PP02img618_jpg,4
b_Nein7299_jpg.jpg,train,b,b:Nein7299_jpg,1
c_MX_img_53_jpg.jpg,val,c,c:MX_img_53_jpg,1
a_001711_jpg.jpg,train,a,a:001711_jpg,3
a_006194_jpg.jpg,train,a,a:006194_jpg,10
c_fglov180_jpg.jpg,train,c,c:fglov180_jpg,3
c_PPE_Data_108_jpg.jpg,train,c,c:PPE_Data_108_jpg,0
c_no-mask_mov-11_jpg.jpg,train,c,c:no-mask_mov-11_jpg,1
c_packing1107_jpg.jpg,train,c,c:packing1107_jpg,2
c_kp139_jpg.jpg,train,c,c:kp139_jpg,1
c_kp332_jpg.jpg,train,c,c:kp332_jpg,1
b_image_816_jpg.jpg,test,b,b:image_816_jpg,3
c_nglovpp2188_jpg.jpg,train,c,c:nglovpp2188_jpg,3
c_mask-wearing-1632937940928_png_jpg.jpg,train,c,c:mask-wearing-1632937940928_png_jpg,1
c_kp19_jpg.jpg,train,c,c:kp19_jpg,2
c_img144_jpg.jpg,train,c,c:img144_jpg,3
a_003706_jpg.jpg,val,a,a:003706_jpg,2
c_kp1172_jpg.jpg,train,c,c:kp1172_jpg,1
c_packing749_jpg.jpg,train,c,c:packing749_jpg,2
b_image_602_jpg.jpg,train,b,b:image_602_jpg,6
c_MX_img_14_jpg.jpg,val,c,c:MX_img_14_jpg,1
c_kp1160_jpg.jpg,test,c,c:kp1160_jpg,1
a_003649_jpg.jpg,train,a,a:003649_jpg,1
c_packing61_jpg.jpg,train,c,c:packing61_jpg,2
c_packing761_jpg.jpg,train,c,c:packing761_jpg,1
c_PP02img458_jpg.jpg,val,c,c:PP02img458_jpg,5
c_frame1166--2-_jpg.jpg,train,c,c:frame1166--2-_jpg,0
c_PP02img373_jpg.jpg,val,c,c:PP02img373_jpg,3
c_img125_jpg.jpg,train,c,c:img125_jpg,5
c_mask-wearing-1632933642300_png_jpg.jpg,train,c,c:mask-wearing-1632933642300_png_jpg,7
c_helmet999641_jpg.jpg,train,c,c:helmet999641_jpg,1
c_frame15_jpg.jpg,train,c,c:frame15_jpg,2
a_004537_jpg.jpg,train,a,a:004537_jpg,5
c_p656213104_jpg.jpg,train,c,c:p656213104_jpg,1
a_001925_jpg.jpg,val,a,a:001925_jpg,4
b_ppe_0879_jpg.jpg,train,b,b:ppe_0879_jpg,6
c_1553605632_9d5877d8_60_jpg.jpg,train,c,c:1553605632_9d5877d8_60_jpg,7
c_frame3930_jpg.jpg,train,c,c:frame3930_jpg,1
c_img250_jpg.jpg,val,c,c:img250_jpg,2
c_packing248_jpg.jpg,train,c,c:packing248_jpg,1
b_image_1077_jpg.jpg,train,b,b:image_1077_jpg,6
c_PP02img685_jpg.jpg,train,c,c:PP02img685_jpg,2
c_nglov75_jpg.jpg,train,c,c:nglov75_jpg,2
c_PP02img1504_jpg.jpg,val,c,c:PP02img1504_jpg,5
c_kp1261_jpg.jpg,train,c,c:kp1261_jpg,1
c_PP02img287_jpg.jpg,val,c,c:PP02img287_jpg,7
a_000636_jpg.jpg,train,a,a:000636_jpg,1
c_Surgical-Mask-Effectiveness_jpg.jpg,train,c,c:Surgical-Mask-Effectiveness_jpg,2
c_packing912_jpg.jpg,train,c,c:packing912_jpg,2
c_PPE_Data_204_jpg.jpg,val,c,c:PPE_Data_204_jpg,2
b_ppe_1190_jpg.jpg,train,b,b:ppe_1190_jpg,4
c_helmet9991109_jpg.jpg,train,c,c:helmet9991109_jpg,1
c_kp1374_jpg.jpg,train,c,c:kp1374_jpg,1
c_img89_jpg.jpg,train,c,c:img89_jpg,5
c_goggle8765196_jpg.jpg,train,c,c:goggle8765196_jpg,4
c_RTX1GIDS_jpg.jpg,val,c,c:RTX1GIDS_jpg,6
c_kp1017_jpg.jpg,test,c,c:kp1017_jpg,1
a_001335_jpg.jpg,train,a,a:001335_jpg,11
c_packing56_jpg.jpg,train,c,c:packing56_jpg,1
b_ppe_0103_jpg.jpg,train,b,b:ppe_0103_jpg,5
c_frame1362_jpg.jpg,val,c,c:frame1362_jpg,0
c_frame2146_jpg.jpg,train,c,c:frame2146_jpg,0
c_kp713_jpg.jpg,train,c,c:kp713_jpg,1
c_packing57_jpg.jpg,train,c,c:packing57_jpg,2
c_MX_img_68_jpg.jpg,test,c,c:MX_img_68_jpg,1
a_000491_jpg.jpg,train,a,a:000491_jpg,8
a_005615_jpg.jpg,train,a,a:005615_jpg,1
c_fglov1185_jpg.jpg,train,c,c:fglov1185_jpg,3
c_packing945_jpg.jpg,train,c,c:packing945_jpg,1
c_frame1382_jpg.jpg,val,c,c:frame1382_jpg,0
c_126202-untitled-design-13_jpg.jpg,train,c,c:126202-untitled-design-13_jpg,5
c_p113185_jpg.jpg,val,c,c:p113185_jpg,1
a_003990_jpg.jpg,val,a,a:003990_jpg,5
a_000277_jpg.jpg,train,a,a:000277_jpg,3
c_kp126_jpg.jpg,train,c,c:kp126_jpg,1
a_005344_jpg.jpg,train,a,a:005344_jpg,2
a_004591_jpg.jpg,val,a,a:004591_jpg,1
c_N5h_img_138_jpg.jpg,train,c,c:N5h_img_138_jpg,1
a_006275_jpg.jpg,val,a,a:006275_jpg,2
b_ppe_1323_jpg.jpg,test,b,b:ppe_1323_jpg,2
c_frame33_jpg.jpg,train,c,c:frame33_jpg,0
c_packing1133_jpg.jpg,train,c,c:packing1133_jpg,2
c_packing1964_jpg.jpg,val,c,c:packing1964_jpg,1
c_PP02img475_jpg.jpg,train,c,c:PP02img475_jpg,6
c_no-mask_mov-13_jpg.jpg,val,c,c:no-mask_mov-13_jpg,1
c_frame1077_jpg.jpg,train,c,c:frame1077_jpg,0
c_PP02img313_jpg.jpg,val,c,c:PP02img313_jpg,3
a_002752_jpg.jpg,train,a,a:002752_jpg,10
c_frame1321_jpg.jpg,test,c,c:frame1321_jpg,2
b_image_27_jpg.jpg,test,b,b:image_27_jpg,3
a_004468_jpg.jpg,train,a,a:004468_jpg,5
c_PP02img271_jpg.jpg,test,c,c:PP02img271_jpg,5
c_1125506397_15801322207071n_jpg.jpg,train,c,c:1125506397_15801322207071n_jpg,7
c_frame2312_jpg.jpg,train,c,c:frame2312_jpg,0
c_packing131_jpg.jpg,train,c,c:packing131_jpg,3
c_frame150_jpg.jpg,train,c,c:frame150_jpg,3
c_nglovpp2120_jpg.jpg,train,c,c:nglovpp2120_jpg,6
a_001426_jpg.jpg,train,a,a:001426_jpg,20
c_frame286_jpg.jpg,val,c,c:frame286_jpg,1
b_Nein6021_jpg.jpg,train,b,b:Nein6021_jpg,1
c_mask-wearing-1632938159262_png_jpg.jpg,val,c,c:mask-wearing-1632938159262_png_jpg,1
b_image_504_jpg.jpg,train,b,b:image_504_jpg,3
c_packing1219_jpg.jpg,train,c,c:packing1219_jpg,1
c_helmet999516_jpg.jpg,train,c,c:helmet999516_jpg,2
c_kp7_jpg.jpg,train,c,c:kp7_jpg,2
c_packing1673_jpg.jpg,train,c,c:packing1673_jpg,2
c_p1132_jpg.jpg,test,c,c:p1132_jpg,2
c_goggle8765153_jpg.jpg,train,c,c:goggle8765153_jpg,4
c_kp237_jpg.jpg,train,c,c:kp237_jpg,1
c_frame2205_jpg.jpg,test,c,c:frame2205_jpg,0
c_helmet9991054_jpg.jpg,val,c,c:helmet9991054_jpg,1
b_ppe_0414_jpg.jpg,val,b,b:ppe_0414_jpg,6
a_004482_jpg.jpg,train,a,a:004482_jpg,4
c_packing139_jpg.jpg,train,c,c:packing139_jpg,3
a_001709_jpg.jpg,train,a,a:001709_jpg,1
a_004418_jpg.jpg,train,a,a:004418_jpg,3
c_fglov1186_jpg.jpg,train,c,c:fglov1186_jpg,2
c_helmet999684_jpg.jpg,train,c,c:helmet999684_jpg,1
c_packing1967_jpg.jpg,train,c,c:packing1967_jpg,2
a_003031_jpg.jpg,train,a,a:003031_jpg,1
c_kp1188_jpg.jpg,train,c,c:kp1188_jpg,1
b_image_1355_jpg.jpg,train,b,b:image_1355_jpg,1
c_Nhh_img_86_jpg.jpg,train,c,c:Nhh_img_86_jpg,1
c_kp1686_jpg.jpg,train,c,c:kp1686_jpg,1
c_packing180_jpg.jpg,train,c,c:packing180_jpg,2
c_0109-00176-096b1_jpg.jpg,train,c,c:0109-00176-096b1_jpg,1
a_002493_jpg.jpg,train,a,a:002493_jpg,3
c_MX_img_132_jpg.jpg,train,c,c:MX_img_132_jpg,1
c_nglovpp3188_jpg.jpg,train,c,c:nglovpp3188_jpg,2
c_helmet999698_jpg.jpg,train,c,c:helmet999698_jpg,1
b_image_1777_jpg.jpg,train,b,b:image_1777_jpg,6
b_images-2022-07-04T013441_jpg.jpg,train,b,b:images-2022-07-04T013441_jpg,3
b_ppe_0847_jpg.jpg,train,b,b:ppe_0847_jpg,4
a_005710_jpg.jpg,val,a,a:005710_jpg,3
a_003566_jpg.jpg,val,a,a:003566_jpg,6
b_ppe_1155_jpg.jpg,train,b,b:ppe_1155_jpg,1
c_packing230_jpg.jpg,train,c,c:packing230_jpg,2
c_frame1287--2-_jpg.jpg,train,c,c:frame1287--2-_jpg,0
a_006226_jpg.jpg,train,a,a:006226_jpg,1
b_ppe_1158_jpg.jpg,val,b,b:ppe_1158_jpg,5
c_nglov65_jpg.jpg,val,c,c:nglov65_jpg,1
c_kp1015_jpg.jpg,train,c,c:kp1015_jpg,1
c_frame121_jpg.jpg,train,c,c:frame121_jpg,2
c_kp297_jpg.jpg,train,c,c:kp297_jpg,1
a_005964_jpg.jpg,train,a,a:005964_jpg,2
a_005346_jpg.jpg,train,a,a:005346_jpg,10
c_img248_jpg.jpg,train,c,c:img248_jpg,3
c_nglov198_jpg.jpg,train,c,c:nglov198_jpg,2
a_003813_jpg.jpg,train,a,a:003813_jpg,1
c_kp129_jpg.jpg,train,c,c:kp129_jpg,2
c_PPE_Data_100_jpg.jpg,val,c,c:PPE_Data_100_jpg,2
b_ppe_1173_jpg.jpg,train,b,b:ppe_1173_jpg,8
c_N5h_img_113_jpg.jpg,test,c,c:N5h_img_113_jpg,2
c_frame1379_jpg.jpg,train,c,c:frame1379_jpg,0
a_002287_jpg.jpg,val,a,a:002287_jpg,2
a_004370_jpg.jpg,train,a,a:004370_jpg,19
b_images79_jpg.jpg,train,b,b:images79_jpg,1
c_kp1317_jpg.jpg,train,c,c:kp1317_jpg,1
c_img366_jpg.jpg,test,c,c:img366_jpg,2
c_kp265_jpg.jpg,train,c,c:kp265_jpg,1
c_MX_img_16_jpg.jpg,val,c,c:MX_img_16_jpg,1
c_PP02img448_jpg.jpg,train,c,c:PP02img448_jpg,4
c_frame1124_jpg.jpg,val,c,c:frame1124_jpg,1
c_frame90--2-_jpg.jpg,test,c,c:frame90--2-_jpg,2
c_Mask-detector1_mov-43_jpg.jpg,train,c,c:Mask-detector1_mov-43_jpg,1
b_ppe_0368_jpg.jpg,train,b,b:ppe_0368_jpg,6
c_nglovpp28_jpg.jpg,train,c,c:nglovpp28_jpg,4
c_005311_jpg.jpg,train,c,c:005311_jpg,3
a_004134_jpg.jpg,val,a,a:004134_jpg,2
b_TsirinTu0047_jpg.jpg,train,b,b:TsirinTu0047_jpg,6
b_ppe_0230_jpg.jpg,val,b,b:ppe_0230_jpg,2
b_image_704_jpg.jpg,train,b,b:image_704_jpg,3
a_002797_jpg.jpg,train,a,a:002797_jpg,3
b_image_235_jpg.jpg,train,b,b:image_235_jpg,6
c_img202_jpg.jpg,train,c,c:img202_jpg,3
b_image_157_jpg.jpg,train,b,b:image_157_jpg,6
c_packing1317_jpg.jpg,train,c,c:packing1317_jpg,2
c_virus_jpg.jpg,train,c,c:virus_jpg,5
c_kp469_jpg.jpg,train,c,c:kp469_jpg,1
a_001923_jpg.jpg,train,a,a:001923_jpg,2
c_frame284_jpg.jpg,train,c,c:frame284_jpg,1
c_packing132_jpg.jpg,train,c,c:packing132_jpg,3
a_003061_jpg.jpg,train,a,a:003061_jpg,1
c_packing223_jpg.jpg,train,c,c:packing223_jpg,3
c_frame1515_jpg.jpg,train,c,c:frame1515_jpg,3
c_helmet9991078_jpg.jpg,train,c,c:helmet9991078_jpg,1
c_nglovpp398_jpg.jpg,train,c,c:nglovpp398_jpg,2
c_PP02img476_jpg.jpg,train,c,c:PP02img476_jpg,8
c_helmet9991062_jpg.jpg,train,c,c:helmet9991062_jpg,1
c_PP02img888_jpg.jpg,train,c,c:PP02img888_jpg,1
b_ppe_1181_jpg.jpg,train,b,b:ppe_1181_jpg,5
a_000394_jpg.jpg,train,a,a:000394_jpg,1
a_002696_jpg.jpg,train,a,a:002696_jpg,1
a_001701_jpg.jpg,val,a,a:001701_jpg,2
c_frame782_jpg.jpg,val,c,c:frame782_jpg,3
b_Aitin1170_jpg.jpg,train,b,b:Aitin1170_jpg,20
b_image_147_jpg.jpg,test,b,b:image_147_jpg,2
a_000059_jpg.jpg,test,a,a:000059_jpg,3
b_Video2_135_jpg.jpg,train,b,b:Video2_135_jpg,6
a_006711_jpg.jpg,test,a,a:006711_jpg,14
c_PP02img1174_jpg.jpg,test,c,c:PP02img1174_jpg,4
a_004808_jpg.jpg,train,a,a:004808_jpg,8
b_114_JPG_jpg.jpg,train,b,b:114_JPG_jpg,1
c_helmet999688_jpg.jpg,train,c,c:helmet999688_jpg,1
b_Video4_240_jpg.jpg,train,b,b:Video4_240_jpg,4
c_frame604_jpg.jpg,val,c,c:frame604_jpg,2
c_kp1412_jpg.jpg,train,c,c:kp1412_jpg,1
a_004186_jpg.jpg,test,a,a:004186_jpg,7
a_002491_jpg.jpg,val,a,a:002491_jpg,3
c_PP02img998_jpg.jpg,train,c,c:PP02img998_jpg,3
c_helmet999819_jpg.jpg,train,c,c:helmet999819_jpg,1
c_frame765_jpg.jpg,train,c,c:frame765_jpg,3
a_005243_jpg.jpg,train,a,a:005243_jpg,4
a_005837_jpg.jpg,train,a,a:005837_jpg,1
c_Inside-merge_mov-5_jpg.jpg,train,c,c:Inside-merge_mov-5_jpg,0
c_packing590_jpg.jpg,train,c,c:packing590_jpg,1
c_p113146_jpg.jpg,test,c,c:p113146_jpg,1
c_PP02img1021_jpg.jpg,train,c,c:PP02img1021_jpg,4
c_nglovpp349_jpg.jpg,train,c,c:nglovpp349_jpg,2
c_p113119_jpg.jpg,test,c,c:p113119_jpg,1
a_006825_jpg.jpg,train,a,a:006825_jpg,3
c_no-mask_mov-23_jpg.jpg,train,c,c:no-mask_mov-23_jpg,1
c_15h_img_278_jpg.jpg,val,c,c:15h_img_278_jpg,2
c_packing224_jpg.jpg,train,c,c:packing224_jpg,3
c_kp470_jpg.jpg,train,c,c:kp470_jpg,1
b_image_926_jpg.jpg,val,b,b:image_926_jpg,3
a_001072_jpg.jpg,train,a,a:001072_jpg,3
c_kp1241_jpg.jpg,train,c,c:kp1241_jpg,1
c_PPE_Data_707_jpg.jpg,train,c,c:PPE_Data_707_jpg,4
c_N5h_img_99_jpg.jpg,train,c,c:N5h_img_99_jpg,2
c_frame3757_jpg.jpg,train,c,c:frame3757_jpg,3
c_p11391_jpg.jpg,train,c,c:p11391_jpg,1
c_kp250_jpg.jpg,train,c,c:kp250_jpg,1
a_001715_jpg.jpg,train,a,a:001715_jpg,5
a_006354_jpg.jpg,train,a,a:006354_jpg,5
c_PP02img1289_jpg.jpg,train,c,c:PP02img1289_jpg,3
c_nglov183_jpg.jpg,train,c,c:nglov183_jpg,2
b_image_1062_jpg.jpg,train,b,b:image_1062_jpg,3
c_PP02img1239_jpg.jpg,test,c,c:PP02img1239_jpg,2
a_001990_jpg.jpg,train,a,a:001990_jpg,1
c_nglov151_jpg.jpg,train,c,c:nglov151_jpg,5
c_fglov1135_jpg.jpg,val,c,c:fglov1135_jpg,2
c_frame1122_jpg.jpg,train,c,c:frame1122_jpg,1
c_PPE_Data_194_jpg.jpg,train,c,c:PPE_Data_194_jpg,2
c_frame3905_jpg.jpg,val,c,c:frame3905_jpg,2
c_helmet999794_jpg.jpg,train,c,c:helmet999794_jpg,1
c_N5h_img_205_jpg.jpg,test,c,c:N5h_img_205_jpg,2
c_frame3928_jpg.jpg,val,c,c:frame3928_jpg,1
c_kp1883_jpg.jpg,val,c,c:kp1883_jpg,1
b_ppe_0555_jpg.jpg,val,b,b:ppe_0555_jpg,4
c_IMG_4921-2_mp4-41_jpg.jpg,train,c,c:IMG_4921-2_mp4-41_jpg,1
a_002596_jpg.jpg,train,a,a:002596_jpg,3
c_packing1057_jpg.jpg,train,c,c:packing1057_jpg,2
a_006289_jpg.jpg,train,a,a:006289_jpg,13
c_p65213192_jpg.jpg,train,c,c:p65213192_jpg,1
c_kp1761_jpg.jpg,train,c,c:kp1761_jpg,1
c_005435_jpg.jpg,train,c,c:005435_jpg,4
c_N5h_img_199_jpg.jpg,test,c,c:N5h_img_199_jpg,2
c_005456_jpg.jpg,train,c,c:005456_jpg,6
c_kp254_jpg.jpg,train,c,c:kp254_jpg,1
c_helmet999919_jpg.jpg,test,c,c:helmet999919_jpg,2
c_PP02img810_jpg.jpg,test,c,c:PP02img810_jpg,1
c_frame3791_jpg.jpg,test,c,c:frame3791_jpg,3
c_packing36_jpg.jpg,test,c,c:packing36_jpg,3
b_image_1477_jpg.jpg,train,b,b:image_1477_jpg,3
c_packing286_jpg.jpg,train,c,c:packing286_jpg,3
b_image_535_jpg.jpg,train,b,b:image_535_jpg,3
c_PXL_20210930_151847367_jpg.jpg,val,c,c:PXL_20210930_151847367_jpg,1
b_ppe_1175_jpg.jpg,test,b,b:ppe_1175_jpg,2
c_packing1344_jpg.jpg,train,c,c:packing1344_jpg,2
c_nglovpp2111_jpg.jpg,test,c,c:nglovpp2111_jpg,5
c_MX_img_190_jpg.jpg,test,c,c:MX_img_190_jpg,1
c_packing155_jpg.jpg,val,c,c:packing155_jpg,3
a_005471_jpg.jpg,train,a,a:005471_jpg,3
c_frame602--2-_jpg.jpg,train,c,c:frame602--2-_jpg,0
c_frame1274_jpg.jpg,train,c,c:frame1274_jpg,0
a_006998_jpg.jpg,train,a,a:006998_jpg,3
c_img53_jpg.jpg,train,c,c:img53_jpg,5
c_005310_jpg.jpg,train,c,c:005310_jpg,1
c_packing144_jpg.jpg,train,c,c:packing144_jpg,3
b_image_1700_jpg.jpg,train,b,b:image_1700_jpg,8
c_PP02img826_jpg.jpg,train,c,c:PP02img826_jpg,2
c_goggle8765105_jpg.jpg,test,c,c:goggle8765105_jpg,1
a_004474_jpg.jpg,train,a,a:004474_jpg,1
a_005621_jpg.jpg,test,a,a:005621_jpg,11
c_frame1146--2-_jpg.jpg,train,c,c:frame1146--2-_jpg,0
a_005450_jpg.jpg,train,a,a:005450_jpg,12
b_ppe_1296_jpg.jpg,val,b,b:ppe_1296_jpg,2
c_kp358_jpg.jpg,train,c,c:kp358_jpg,1
b_image_867_jpg.jpg,val,b,b:image_867_jpg,3
c_kp266_jpg.jpg,train,c,c:kp266_jpg,1
a_005490_jpg.jpg,train,a,a:005490_jpg,5
c_frame3771_jpg.jpg,train,c,c:frame3771_jpg,3
c_PP02img1181_jpg.jpg,train,c,c:PP02img1181_jpg,5
c_helmet999546_jpg.jpg,train,c,c:helmet999546_jpg,1
c_PP02img234_jpg.jpg,val,c,c:PP02img234_jpg,6
c_packing1903_jpg.jpg,train,c,c:packing1903_jpg,1
b_ppe_1082_jpg.jpg,train,b,b:ppe_1082_jpg,2
b_ppe_0874_jpg.jpg,train,b,b:ppe_0874_jpg,14
c_helmet999660_jpg.jpg,train,c,c:helmet999660_jpg,1
a_004463_jpg.jpg,train,a,a:004463_jpg,1
b_AightOne0138_jpg.jpg,train,b,b:AightOne0138_jpg,4
a_005233_jpg.jpg,train,a,a:005233_jpg,1
c_fglov1114_jpg.jpg,train,c,c:fglov1114_jpg,1
b_Video1_39_jpg.jpg,val,b,b:Video1_39_jpg,4
a_000193_jpg.jpg,val,a,a:000193_jpg,6
c_no-mask_mov-0_jpg.jpg,val,c,c:no-mask_mov-0_jpg,1
c_nglov147_jpg.jpg,val,c,c:nglov147_jpg,3
b_ppe_0672_jpg.jpg,val,b,b:ppe_0672_jpg,2
c_kp1057_jpg.jpg,test,c,c:kp1057_jpg,1
c_kp345_jpg.jpg,train,c,c:kp345_jpg,1
b_ppe_0016_jpg.jpg,val,b,b:ppe_0016_jpg,18
c_kp1225_jpg.jpg,train,c,c:kp1225_jpg,1
b_ppe_0041_jpg.jpg,train,b,b:ppe_0041_jpg,7
c_frame1312_jpg.jpg,train,c,c:frame1312_jpg,1
c_packing1513_jpg.jpg,train,c,c:packing1513_jpg,2
b_ppe_0263_jpg.jpg,train,b,b:ppe_0263_jpg,2
c_PP02img1437_jpg.jpg,train,c,c:PP02img1437_jpg,6
c_packing1473_jpg.jpg,train,c,c:packing1473_jpg,2
a_005517_jpg.jpg,val,a,a:005517_jpg,4
a_005755_jpg.jpg,val,a,a:005755_jpg,2
a_006422_jpg.jpg,train,a,a:006422_jpg,11
c_packing1615_jpg.jpg,train,c,c:packing1615_jpg,1
b_ppe_0361_jpg.jpg,val,b,b:ppe_0361_jpg,2
c_PP02img1219_jpg.jpg,val,c,c:PP02img1219_jpg,3
c_kp1476_jpg.jpg,train,c,c:kp1476_jpg,1
a_001607_jpg.jpg,val,a,a:001607_jpg,9
c_PPE_Data_208_jpg.jpg,train,c,c:PPE_Data_208_jpg,2
c_nglovpp226_jpg.jpg,train,c,c:nglovpp226_jpg,2
c_MX_img_163_jpg.jpg,val,c,c:MX_img_163_jpg,1
a_003144_jpg.jpg,train,a,a:003144_jpg,6
c_kp1758_jpg.jpg,train,c,c:kp1758_jpg,1
a_005844_jpg.jpg,train,a,a:005844_jpg,10
c_PPE_Data_624_jpg.jpg,test,c,c:PPE_Data_624_jpg,2
c_kp1410_jpg.jpg,train,c,c:kp1410_jpg,1
c_N5h_img_16_jpg.jpg,train,c,c:N5h_img_16_jpg,1
c_PP02img161_jpg.jpg,val,c,c:PP02img161_jpg,4
c_frame58_jpg.jpg,train,c,c:frame58_jpg,0
b_ppe_0059_jpg.jpg,val,b,b:ppe_0059_jpg,4
b_Video1_55_jpg.jpg,train,b,b:Video1_55_jpg,5
c_packing1899_jpg.jpg,test,c,c:packing1899_jpg,1
c_PP02img1424_jpg.jpg,val,c,c:PP02img1424_jpg,2
c_packing568_jpg.jpg,train,c,c:packing568_jpg,1
c_kp1741_jpg.jpg,train,c,c:kp1741_jpg,1
b_Photin0316_jpg.jpg,train,b,b:Photin0316_jpg,1
a_001435_jpg.jpg,train,a,a:001435_jpg,1
c_kp1532_jpg.jpg,train,c,c:kp1532_jpg,2
c_frame1264_jpg.jpg,train,c,c:frame1264_jpg,0
c_kp1463_jpg.jpg,train,c,c:kp1463_jpg,1
c_fglov110_jpg.jpg,train,c,c:fglov110_jpg,2
c_PP02img242_jpg.jpg,val,c,c:PP02img242_jpg,6
c_005348_jpg.jpg,train,c,c:005348_jpg,2
c_PP02img1000_jpg.jpg,val,c,c:PP02img1000_jpg,3
c_NVR-09_Trim_new_Trim-0208_jpg.jpg,val,c,c:NVR-09_Trim_new_Trim-0208_jpg,0
a_002240_jpg.jpg,train,a,a:002240_jpg,1
c_PP02img712_jpg.jpg,train,c,c:PP02img712_jpg,4
c_PP02img699_jpg.jpg,test,c,c:PP02img699_jpg,3
c_PP02img5_jpg.jpg,test,c,c:PP02img5_jpg,6
c_frame26_jpg.jpg,train,c,c:frame26_jpg,0
a_005951_jpg.jpg,val,a,a:005951_jpg,2
c_005509_jpg.jpg,train,c,c:005509_jpg,2
a_002441_jpg.jpg,train,a,a:002441_jpg,7
a_001593_jpg.jpg,train,a,a:001593_jpg,11
a_004713_jpg.jpg,train,a,a:004713_jpg,2
c_PP02img397_jpg.jpg,test,c,c:PP02img397_jpg,5
a_005918_jpg.jpg,train,a,a:005918_jpg,2
c_p65213174_jpg.jpg,train,c,c:p65213174_jpg,1
c_packing1717_jpg.jpg,train,c,c:packing1717_jpg,2
c_frame977_jpg.jpg,train,c,c:frame977_jpg,1
c_frame3779_jpg.jpg,val,c,c:frame3779_jpg,3
c_packing1441_jpg.jpg,train,c,c:packing1441_jpg,2
a_006315_jpg.jpg,train,a,a:006315_jpg,4
c_packing1560_jpg.jpg,train,c,c:packing1560_jpg,3
b_ppe_0919_jpg.jpg,train,b,b:ppe_0919_jpg,8
c_frame1252_jpg.jpg,train,c,c:frame1252_jpg,0
c_frame3799_jpg.jpg,test,c,c:frame3799_jpg,3
c_PP02img514_jpg.jpg,train,c,c:PP02img514_jpg,4
c_packing79_jpg.jpg,train,c,c:packing79_jpg,2
c_kp97_jpg.jpg,val,c,c:kp97_jpg,1
c_frame2650_jpg.jpg,train,c,c:frame2650_jpg,3
c_packing1612_jpg.jpg,train,c,c:packing1612_jpg,3
b_gettyimages-632170387-612x612_jpg.jpg,train,b,b:gettyimages-632170387-612x612_jpg,3
c_kp641_jpg.jpg,val,c,c:kp641_jpg,2
b_image_1287_jpg.jpg,test,b,b:image_1287_jpg,3
a_004874_jpg.jpg,train,a,a:004874_jpg,3
c_kp292_jpg.jpg,train,c,c:kp292_jpg,1
b_image_700_jpg.jpg,train,b,b:image_700_jpg,2
c_PP02img1380_jpg.jpg,train,c,c:PP02img1380_jpg,4
c_img468_jpg.jpg,train,c,c:img468_jpg,4
c_p113141_jpg.jpg,val,c,c:p113141_jpg,1
a_005840_jpg.jpg,val,a,a:005840_jpg,2
c_PP02img291_jpg.jpg,test,c,c:PP02img291_jpg,4
c_005495_jpg.jpg,train,c,c:005495_jpg,5
a_000485_jpg.jpg,train,a,a:000485_jpg,7
c_frame214_jpg.jpg,train,c,c:frame214_jpg,1
c_PP02img257_jpg.jpg,train,c,c:PP02img257_jpg,1
a_006224_jpg.jpg,test,a,a:006224_jpg,10
c_packing1530_jpg.jpg,train,c,c:packing1530_jpg,2
a_006241_jpg.jpg,train,a,a:006241_jpg,1
c_mask-wearing-1632938122499_png_jpg.jpg,train,c,c:mask-wearing-1632938122499_png_jpg,1
b_AightSird0497_jpg.jpg,train,b,b:AightSird0497_jpg,2
c_frame3785_jpg.jpg,train,c,c:frame3785_jpg,3
c_packing582_jpg.jpg,train,c,c:packing582_jpg,2
c_packing1595_jpg.jpg,train,c,c:packing1595_jpg,2
b_image_219_jpg.jpg,test,b,b:image_219_jpg,4
c_frame2835_jpg.jpg,val,c,c:frame2835_jpg,4
c_packing550_jpg.jpg,train,c,c:packing550_jpg,1
c_frame2310_jpg.jpg,val,c,c:frame2310_jpg,0
c_PP02img149_jpg.jpg,val,c,c:PP02img149_jpg,2
c_kp640_jpg.jpg,train,c,c:kp640_jpg,2
a_004449_jpg.jpg,train,a,a:004449_jpg,9
a_004549_jpg.jpg,val,a,a:004549_jpg,3
c_img166_jpg.jpg,train,c,c:img166_jpg,3
c_frame139--3-_jpg.jpg,train,c,c:frame139--3-_jpg,2
b_image_644_jpg.jpg,train,b,b:image_644_jpg,3
c_PP02img1191_jpg.jpg,val,c,c:PP02img1191_jpg,3
b_image_625_jpg.jpg,train,b,b:image_625_jpg,3
c_img220_jpg.jpg,val,c,c:img220_jpg,4
c_NX_img_140_jpg.jpg,test,c,c:NX_img_140_jpg,3
c_kp486_jpg.jpg,train,c,c:kp486_jpg,1
b_Video4_270_jpg.jpg,train,b,b:Video4_270_jpg,4
c_no-mask_jpeg_jpg.jpg,train,c,c:no-mask_jpeg_jpg,5
c_kp223_jpg.jpg,train,c,c:kp223_jpg,1
a_002211_jpg.jpg,val,a,a:002211_jpg,2
c_helmet999870_jpg.jpg,train,c,c:helmet999870_jpg,1
a_006591_jpg.jpg,val,a,a:006591_jpg,7
a_006675_jpg.jpg,train,a,a:006675_jpg,8
c_MX_img_6_jpg.jpg,train,c,c:MX_img_6_jpg,1
c_img145_jpg.jpg,train,c,c:img145_jpg,4
c_packing1773_jpg.jpg,train,c,c:packing1773_jpg,2
c_PP02img1506_jpg.jpg,test,c,c:PP02img1506_jpg,3
a_004163_jpg.jpg,train,a,a:004163_jpg,1
a_004796_jpg.jpg,train,a,a:004796_jpg,12
c_PP02img404_jpg.jpg,train,c,c:PP02img404_jpg,2
a_001301_jpg.jpg,train,a,a:001301_jpg,4
c_fglov119_jpg.jpg,val,c,c:fglov119_jpg,3
c_PP02img504_jpg.jpg,train,c,c:PP02img504_jpg,6
c_img2_jpg.jpg,train,c,c:img2_jpg,4
c_kp1528_jpg.jpg,train,c,c:kp1528_jpg,2
c_MX_img_191_jpg.jpg,train,c,c:MX_img_191_jpg,1
b_ppe_1151_jpg.jpg,train,b,b:ppe_1151_jpg,2
c_helmet999640_jpg.jpg,train,c,c:helmet999640_jpg,1
c_p11374_jpg.jpg,val,c,c:p11374_jpg,1
c_frame541_jpg.jpg,val,c,c:frame541_jpg,2
b_ppe_0910_jpg.jpg,train,b,b:ppe_0910_jpg,6
c_kp1904_jpg.jpg,val,c,c:kp1904_jpg,1
c_kp1414_jpg.jpg,train,c,c:kp1414_jpg,1
b_images-50-_jpg.jpg,train,b,b:images-50-_jpg,5
b_image_879_jpg.jpg,test,b,b:image_879_jpg,3
c_PPE_Data_564_jpg.jpg,train,c,c:PPE_Data_564_jpg,2
c_PP02img485_jpg.jpg,test,c,c:PP02img485_jpg,5
a_003791_jpg.jpg,train,a,a:003791_jpg,8
b_image_531_jpg.jpg,test,b,b:image_531_jpg,3
c_packing1143_jpg.jpg,test,c,c:packing1143_jpg,1
a_002979_jpg.jpg,val,a,a:002979_jpg,9
b_image_808_jpg.jpg,train,b,b:image_808_jpg,2
b_image_281_jpg.jpg,train,b,b:image_281_jpg,3
c_nglovpp2106_jpg.jpg,val,c,c:nglovpp2106_jpg,5
a_005980_jpg.jpg,train,a,a:005980_jpg,2
c_kp1375_jpg.jpg,test,c,c:kp1375_jpg,1
c_kp91_jpg.jpg,test,c,c:kp91_jpg,1
b_ppe_0572_jpg.jpg,train,b,b:ppe_0572_jpg,4
b_image_156_jpg.jpg,val,b,b:image_156_jpg,4
c_goggle8765162_jpg.jpg,train,c,c:goggle8765162_jpg,4
c_helmet999988_jpg.jpg,train,c,c:helmet999988_jpg,1
c_PP02img248_jpg.jpg,test,c,c:PP02img248_jpg,4
a_003005_jpg.jpg,train,a,a:003005_jpg,1
c_N5h_img_234_jpg.jpg,train,c,c:N5h_img_234_jpg,1
c_kp716_jpg.jpg,train,c,c:kp716_jpg,1
c_img308_jpg.jpg,test,c,c:img308_jpg,2
b_Video1_58_jpg.jpg,train,b,b:Video1_58_jpg,5
c_Mask2_mov-40_jpg.jpg,train,c,c:Mask2_mov-40_jpg,1
a_006298_jpg.jpg,train,a,a:006298_jpg,2
c_nglovpp3145_jpg.jpg,train,c,c:nglovpp3145_jpg,1
a_001606_jpg.jpg,train,a,a:001606_jpg,1
c_PP02img323_jpg.jpg,train,c,c:PP02img323_jpg,4
c_PP02img545_jpg.jpg,val,c,c:PP02img545_jpg,7
a_006746_jpg.jpg,train,a,a:006746_jpg,3
c_p113177_jpg.jpg,val,c,c:p113177_jpg,1
c_PP02img552_jpg.jpg,val,c,c:PP02img552_jpg,7
a_004460_jpg.jpg,train,a,a:004460_jpg,5
c_kp1209_jpg.jpg,train,c,c:kp1209_jpg,1
c_mo-justin-mask-NoMask_mov-0_jpg.jpg,train,c,c:mo-justin-mask-NoMask_mov-0_jpg,2
a_005599_jpg.jpg,train,a,a:005599_jpg,15
a_002800_jpg.jpg,test,a,a:002800_jpg,2
c_nglovpp2125_jpg.jpg,train,c,c:nglovpp2125_jpg,3
c_p11339_jpg.jpg,val,c,c:p11339_jpg,2
c_kp356_jpg.jpg,train,c,c:kp356_jpg,1
a_002497_jpg.jpg,train,a,a:002497_jpg,4
c_Mask-detector1_mov-15_jpg.jpg,train,c,c:Mask-detector1_mov-15_jpg,1
c_frame696_jpg.jpg,val,c,c:frame696_jpg,0
a_006439_jpg.jpg,val,a,a:006439_jpg,2
b_Twalv0509_jpg.jpg,test,b,b:Twalv0509_jpg,1
b_image_606_jpg.jpg,val,b,b:image_606_jpg,3
a_006453_jpg.jpg,train,a,a:006453_jpg,4
b_ppe_1085_jpg.jpg,train,b,b:ppe_1085_jpg,3
a_001311_jpg.jpg,test,a,a:001311_jpg,3
c_IMG_4921-2_mp4-119_jpg.jpg,train,c,c:IMG_4921-2_mp4-119_jpg,1
a_005417_jpg.jpg,train,a,a:005417_jpg,5
c_NX_img_94_jpg.jpg,test,c,c:NX_img_94_jpg,1
c_kp802_jpg.jpg,val,c,c:kp802_jpg,1
c_nglovpp213_jpg.jpg,train,c,c:nglovpp213_jpg,4
c_packing302_jpg.jpg,train,c,c:packing302_jpg,1
c_packing189_jpg.jpg,train,c,c:packing189_jpg,3
c_kp1765_jpg.jpg,train,c,c:kp1765_jpg,1
c_frame3759_jpg.jpg,test,c,c:frame3759_jpg,3
c_sdfsdfsfff_jpg.jpg,val,c,c:sdfsdfsfff_jpg,1
a_002134_jpg.jpg,train,a,a:002134_jpg,8
b_ppe_0656_jpg.jpg,train,b,b:ppe_0656_jpg,2
b_Video3_231_jpg.jpg,train,b,b:Video3_231_jpg,4
a_003463_jpg.jpg,train,a,a:003463_jpg,1
a_000799_jpg.jpg,train,a,a:000799_jpg,7
c_PP02img1400_jpg.jpg,train,c,c:PP02img1400_jpg,5
c_kp1611_jpg.jpg,train,c,c:kp1611_jpg,1
a_003696_jpg.jpg,train,a,a:003696_jpg,3
a_006236_jpg.jpg,val,a,a:006236_jpg,2
c_kp623_jpg.jpg,test,c,c:kp623_jpg,2
b_ppe_0628_jpg.jpg,val,b,b:ppe_0628_jpg,5
c_frame1224_jpg.jpg,val,c,c:frame1224_jpg,0
a_005222_jpg.jpg,train,a,a:005222_jpg,1
b_image_450_jpg.jpg,val,b,b:image_450_jpg,6
b_image_363_jpg.jpg,train,b,b:image_363_jpg,3
c_0209-00176-076b1_jpg.jpg,val,c,c:0209-00176-076b1_jpg,4
c_helmet999895_jpg.jpg,train,c,c:helmet999895_jpg,1
a_006113_jpg.jpg,train,a,a:006113_jpg,3
b_ppe_0349_jpg.jpg,val,b,b:ppe_0349_jpg,4
b_image_274_jpg.jpg,train,b,b:image_274_jpg,6
c_N5h_img_108_jpg.jpg,val,c,c:N5h_img_108_jpg,2
c_packing341_jpg.jpg,train,c,c:packing341_jpg,1
c_packing782_jpg.jpg,val,c,c:packing782_jpg,1
a_005082_jpg.jpg,train,a,a:005082_jpg,3
c_nglovpp319_jpg.jpg,train,c,c:nglovpp319_jpg,2
c_packing1329_jpg.jpg,train,c,c:packing1329_jpg,2
b_ppe_0839_jpg.jpg,train,b,b:ppe_0839_jpg,9
c_kp1140_jpg.jpg,train,c,c:kp1140_jpg,1
a_001954_jpg.jpg,train,a,a:001954_jpg,5
c_Mask-detector1_mov-4_jpg.jpg,train,c,c:Mask-detector1_mov-4_jpg,1
c_PP02img630_jpg.jpg,train,c,c:PP02img630_jpg,7
b_ppe_0950_jpg.jpg,train,b,b:ppe_0950_jpg,3
c_kp1080_jpg.jpg,test,c,c:kp1080_jpg,1
c_PP02img59_jpg.jpg,train,c,c:PP02img59_jpg,7
c_p113117_jpg.jpg,train,c,c:p113117_jpg,1
c_p11335_jpg.jpg,val,c,c:p11335_jpg,1
b_image_886_jpg.jpg,val,b,b:image_886_jpg,3
c_kp1155_jpg.jpg,train,c,c:kp1155_jpg,1
a_005081_jpg.jpg,val,a,a:005081_jpg,4
c_frame72_jpg.jpg,train,c,c:frame72_jpg,3
c_N5h_img_224_jpg.jpg,train,c,c:N5h_img_224_jpg,1
c_frame98_jpg.jpg,val,c,c:frame98_jpg,2
c_goggle876557_jpg.jpg,train,c,c:goggle876557_jpg,2
c_kp521_jpg.jpg,train,c,c:kp521_jpg,2
c_goggle876588_jpg.jpg,train,c,c:goggle876588_jpg,6
c_PP02img387_jpg.jpg,test,c,c:PP02img387_jpg,2
a_006300_jpg.jpg,train,a,a:006300_jpg,4
c_PP02img625_jpg.jpg,train,c,c:PP02img625_jpg,2
c_packing1214_jpg.jpg,train,c,c:packing1214_jpg,2
c_frame125--2-_jpg.jpg,test,c,c:frame125--2-_jpg,2
c_skynews-coronavirus-london-fashion-week_4920359_jpg.jpg,train,c,c:skynews-coronavirus-london-fashion-week_4920359_jpg,3
c_kp624_jpg.jpg,val,c,c:kp624_jpg,2
c_kp1595_jpg.jpg,train,c,c:kp1595_jpg,1
c_IMG_4921-2_mp4-105_jpg.jpg,train,c,c:IMG_4921-2_mp4-105_jpg,1
c_PP02img389_jpg.jpg,train,c,c:PP02img389_jpg,4
c_Nhh_img_132_jpg.jpg,train,c,c:Nhh_img_132_jpg,1
c_kp409_jpg.jpg,train,c,c:kp409_jpg,1
c_PP02img360_jpg.jpg,val,c,c:PP02img360_jpg,5
a_002101_jpg.jpg,train,a,a:002101_jpg,1
b_ppe_0325_jpg.jpg,train,b,b:ppe_0325_jpg,14
c_p65213170_jpg.jpg,train,c,c:p65213170_jpg,1
c_PP02img144_jpg.jpg,val,c,c:PP02img144_jpg,3
c_packing702_jpg.jpg,test,c,c:packing702_jpg,1
c_PP02img1142_jpg.jpg,train,c,c:PP02img1142_jpg,3
c_helmet999862_jpg.jpg,train,c,c:helmet999862_jpg,1
a_000534_jpg.jpg,test,a,a:000534_jpg,9
b_ppe_0502_jpg.jpg,test,b,b:ppe_0502_jpg,5
b_image_33_jpg.jpg,train,b,b:image_33_jpg,8
c_Mask2_mov-42_jpg.jpg,train,c,c:Mask2_mov-42_jpg,1
a_004083_jpg.jpg,train,a,a:004083_jpg,14
c_PP02img221_jpg.jpg,train,c,c:PP02img221_jpg,3
a_001828_jpg.jpg,val,a,a:001828_jpg,4
c_frame1299--2-_jpg.jpg,train,c,c:frame1299--2-_jpg,0
c_goggle876535_jpg.jpg,val,c,c:goggle876535_jpg,3
c_p113151_jpg.jpg,test,c,c:p113151_jpg,1
c_NX_img_26_jpg.jpg,val,c,c:NX_img_26_jpg,1
b_20220721_161939_jpg.jpg,train,b,b:20220721_161939_jpg,1
a_006969_jpg.jpg,train,a,a:006969_jpg,2
c_Inside-merge_mov-56_jpg.jpg,train,c,c:Inside-merge_mov-56_jpg,0
c_helmet999958_jpg.jpg,train,c,c:helmet999958_jpg,1
c_PP02img1237_jpg.jpg,val,c,c:PP02img1237_jpg,3
c_packing1158_jpg.jpg,train,c,c:packing1158_jpg,2
c_PP02img604_jpg.jpg,train,c,c:PP02img604_jpg,6
b_ppe_0192_jpg.jpg,val,b,b:ppe_0192_jpg,3
c_p11398_jpg.jpg,test,c,c:p11398_jpg,1
c_kp251_jpg.jpg,val,c,c:kp251_jpg,1
a_002087_jpg.jpg,train,a,a:002087_jpg,5
c_fglov134_jpg.jpg,train,c,c:fglov134_jpg,4
c_005318_jpg.jpg,train,c,c:005318_jpg,4
c_img54_jpg.jpg,train,c,c:img54_jpg,5
c_packing1616_jpg.jpg,train,c,c:packing1616_jpg,1
c_frame183_jpg.jpg,train,c,c:frame183_jpg,1
b_AightOne0569_jpg.jpg,train,b,b:AightOne0569_jpg,2
b_image_1236_jpg.jpg,val,b,b:image_1236_jpg,3
c_PP02img114_jpg.jpg,train,c,c:PP02img114_jpg,5
c_nglovpp250_jpg.jpg,train,c,c:nglovpp250_jpg,4
a_006973_jpg.jpg,train,a,a:006973_jpg,7
c_kp1335_jpg.jpg,train,c,c:kp1335_jpg,1
c_img177_jpg.jpg,train,c,c:img177_jpg,5
c_kp1685_jpg.jpg,train,c,c:kp1685_jpg,1
a_004648_jpg.jpg,train,a,a:004648_jpg,2
b_image_1485_jpg.jpg,train,b,b:image_1485_jpg,6
a_001803_jpg.jpg,val,a,a:001803_jpg,2
c_p656213168_jpg.jpg,test,c,c:p656213168_jpg,1
c_PP02img416_jpg.jpg,train,c,c:PP02img416_jpg,6
a_004421_jpg.jpg,train,a,a:004421_jpg,5
c_nglovpp329_jpg.jpg,train,c,c:nglovpp329_jpg,2
c_PP02img1125_jpg.jpg,val,c,c:PP02img1125_jpg,5
c_frame1119_jpg.jpg,train,c,c:frame1119_jpg,1
c_packing1749_jpg.jpg,val,c,c:packing1749_jpg,1
c_005525_jpg.jpg,train,c,c:005525_jpg,5
c_p65621338_jpg.jpg,test,c,c:p65621338_jpg,1
c_PPE_Data_288_jpg.jpg,train,c,c:PPE_Data_288_jpg,2
c_MX_img_196_jpg.jpg,train,c,c:MX_img_196_jpg,1
c_p651332_jpg.jpg,train,c,c:p651332_jpg,1
a_000653_jpg.jpg,val,a,a:000653_jpg,7
c_packing226_jpg.jpg,test,c,c:packing226_jpg,2
c_packing1198_jpg.jpg,train,c,c:packing1198_jpg,1
b_Video3_35_jpg.jpg,train,b,b:Video3_35_jpg,4
c_kp771_jpg.jpg,test,c,c:kp771_jpg,1
b_Video4_10_jpg.jpg,train,b,b:Video4_10_jpg,4
c_frame99--3-_jpg.jpg,train,c,c:frame99--3-_jpg,2
c_packing1022_jpg.jpg,train,c,c:packing1022_jpg,2
b_ppe_0540_jpg.jpg,train,b,b:ppe_0540_jpg,15
a_003392_jpg.jpg,val,a,a:003392_jpg,6
c_frame117_jpg.jpg,train,c,c:frame117_jpg,2
b_image_596_jpg.jpg,test,b,b:image_596_jpg,3
c_1197315184_jpg_0_jpg.jpg,train,c,c:1197315184_jpg_0_jpg,10
b_ppe_1052_jpg.jpg,train,b,b:ppe_1052_jpg,4
a_002614_jpg.jpg,train,a,a:002614_jpg,5
c_frame1565_jpg.jpg,test,c,c:frame1565_jpg,1
b_image_741_jpg.jpg,test,b,b:image_741_jpg,3
c_kp232_jpg.jpg,train,c,c:kp232_jpg,1
c_IMG_4921-2_mp4-108_jpg.jpg,test,c,c:IMG_4921-2_mp4-108_jpg,1
c_kp711_jpg.jpg,train,c,c:kp711_jpg,1
a_001479_jpg.jpg,train,a,a:001479_jpg,2
b_Video1_228_jpg.jpg,train,b,b:Video1_228_jpg,6
a_002242_jpg.jpg,train,a,a:002242_jpg,1
c_packing1067_jpg.jpg,train,c,c:packing1067_jpg,2
b_ppe_0861_jpg.jpg,train,b,b:ppe_0861_jpg,11
c_frame780_jpg.jpg,val,c,c:frame780_jpg,3
c_MX_img_173_jpg.jpg,train,c,c:MX_img_173_jpg,1
b_image_162_jpg.jpg,train,b,b:image_162_jpg,4
c_mask-wearing-1632932245613_png_jpg.jpg,train,c,c:mask-wearing-1632932245613_png_jpg,1
c_PPE_Data_239_jpg.jpg,test,c,c:PPE_Data_239_jpg,0
a_001443_jpg.jpg,train,a,a:001443_jpg,2
c_NVR-09_Trim_new_Trim-0214_jpg.jpg,val,c,c:NVR-09_Trim_new_Trim-0214_jpg,0
a_003793_jpg.jpg,train,a,a:003793_jpg,4
c_helmet9991189_jpg.jpg,test,c,c:helmet9991189_jpg,1
a_005902_jpg.jpg,train,a,a:005902_jpg,8
c_kp169_jpg.jpg,test,c,c:kp169_jpg,2
c_Nhh_img_175_jpg.jpg,train,c,c:Nhh_img_175_jpg,1
c_IMG_4921-2_mp4-124_jpg.jpg,train,c,c:IMG_4921-2_mp4-124_jpg,1
c_PP02img1059_jpg.jpg,val,c,c:PP02img1059_jpg,2
c_PP02img232_jpg.jpg,val,c,c:PP02img232_jpg,4
c_nglovpp2157_jpg.jpg,train,c,c:nglovpp2157_jpg,3
a_004392_jpg.jpg,train,a,a:004392_jpg,4
a_006618_jpg.jpg,train,a,a:006618_jpg,11
a_006484_jpg.jpg,val,a,a:006484_jpg,8
a_001071_jpg.jpg,train,a,a:001071_jpg,4
c_PPE_Data_124_jpg.jpg,val,c,c:PPE_Data_124_jpg,2
c_frame3804_jpg.jpg,train,c,c:frame3804_jpg,3
a_002547_jpg.jpg,train,a,a:002547_jpg,11
c_PP02img272_jpg.jpg,train,c,c:PP02img272_jpg,5
c_packing578_jpg.jpg,train,c,c:packing578_jpg,2
c_PP02img366_jpg.jpg,train,c,c:PP02img366_jpg,6
c_img441_jpg.jpg,train,c,c:img441_jpg,5
a_005581_jpg.jpg,train,a,a:005581_jpg,4
c_mask-wearing-1632939946695_png_jpg.jpg,val,c,c:mask-wearing-1632939946695_png_jpg,1
c_kp1673_jpg.jpg,val,c,c:kp1673_jpg,1
b_image_812_jpg.jpg,val,b,b:image_812_jpg,3
c_frame1165_jpg.jpg,train,c,c:frame1165_jpg,1
c_p113156_jpg.jpg,test,c,c:p113156_jpg,1
c_kp971_jpg.jpg,train,c,c:kp971_jpg,1
c_kp226_jpg.jpg,train,c,c:kp226_jpg,1
c_kp1587_jpg.jpg,train,c,c:kp1587_jpg,2
a_003201_jpg.jpg,train,a,a:003201_jpg,2
c_packing1017_jpg.jpg,train,c,c:packing1017_jpg,1
b_ppe_0690_jpg.jpg,train,b,b:ppe_0690_jpg,4
b_Video4_37_jpg.jpg,train,b,b:Video4_37_jpg,4
a_003618_jpg.jpg,train,a,a:003618_jpg,5
c_kp1269_jpg.jpg,train,c,c:kp1269_jpg,1
c_Nhh_img_136_jpg.jpg,train,c,c:Nhh_img_136_jpg,1
b_image_690_jpg.jpg,train,b,b:image_690_jpg,1
a_005528_jpg.jpg,train,a,a:005528_jpg,6
c_kp642_jpg.jpg,train,c,c:kp642_jpg,2
b_ppe_0912_jpg.jpg,val,b,b:ppe_0912_jpg,12
c_frame45_jpg.jpg,train,c,c:frame45_jpg,0
c_PP02img1427_jpg.jpg,train,c,c:PP02img1427_jpg,5
c_helmet999850_jpg.jpg,train,c,c:helmet999850_jpg,1
c_MX_img_49_jpg.jpg,test,c,c:MX_img_49_jpg,1
c_frame450_jpg.jpg,train,c,c:frame450_jpg,0
a_000840_jpg.jpg,test,a,a:000840_jpg,1
a_002150_jpg.jpg,train,a,a:002150_jpg,8
c_helmet999784_jpg.jpg,train,c,c:helmet999784_jpg,1
c_p113166_jpg.jpg,test,c,c:p113166_jpg,1
c_005425_jpg.jpg,train,c,c:005425_jpg,6
c_fglov1163_jpg.jpg,train,c,c:fglov1163_jpg,3
c_kp1398_jpg.jpg,train,c,c:kp1398_jpg,1
c_PP02img158_jpg.jpg,train,c,c:PP02img158_jpg,4
c_p65621388_jpg.jpg,test,c,c:p65621388_jpg,1
a_006513_jpg.jpg,train,a,a:006513_jpg,2
c_mask-wearing-1632938107438_png_jpg.jpg,train,c,c:mask-wearing-1632938107438_png_jpg,1
c_PP02img408_jpg.jpg,test,c,c:PP02img408_jpg,4
a_001951_jpg.jpg,train,a,a:001951_jpg,2
a_006507_jpg.jpg,train,a,a:006507_jpg,1
c_img474_jpg.jpg,train,c,c:img474_jpg,4
c_N5h_img_206_jpg.jpg,train,c,c:N5h_img_206_jpg,1
c_frame2210_jpg.jpg,train,c,c:frame2210_jpg,0
c_005482_jpg.jpg,train,c,c:005482_jpg,1
a_000154_jpg.jpg,train,a,a:000154_jpg,4
a_001068_jpg.jpg,train,a,a:001068_jpg,3
c_PPE_Data_161_jpg.jpg,test,c,c:PPE_Data_161_jpg,2
c_frame2838_jpg.jpg,test,c,c:frame2838_jpg,4
a_001965_jpg.jpg,train,a,a:001965_jpg,1
c_kp1304_jpg.jpg,train,c,c:kp1304_jpg,1
a_002037_jpg.jpg,train,a,a:002037_jpg,6
a_000409_jpg.jpg,train,a,a:000409_jpg,9
c_frame3780_jpg.jpg,val,c,c:frame3780_jpg,3
b_image_1374_jpg.jpg,val,b,b:image_1374_jpg,3
b_ppe_1046_jpg.jpg,train,b,b:ppe_1046_jpg,4
c_NX_img_13_jpg.jpg,train,c,c:NX_img_13_jpg,1
b_ppe_0147_jpg.jpg,train,b,b:ppe_0147_jpg,2
a_001472_jpg.jpg,val,a,a:001472_jpg,2
c_mo-justin-mask-NoMask_mov-6_jpg.jpg,train,c,c:mo-justin-mask-NoMask_mov-6_jpg,2
c_kp1899_jpg.jpg,train,c,c:kp1899_jpg,1
c_goggle876574_jpg.jpg,train,c,c:goggle876574_jpg,4
a_000352_jpg.jpg,train,a,a:000352_jpg,1
a_005272_jpg.jpg,train,a,a:005272_jpg,10
b_ppe_0401_jpg.jpg,train,b,b:ppe_0401_jpg,3
c_p113183_jpg.jpg,val,c,c:p113183_jpg,1
c_kp157_jpg.jpg,train,c,c:kp157_jpg,1
c_frame528_jpg.jpg,train,c,c:frame528_jpg,1
c_mask-wearing-1632931995267_png_jpg.jpg,train,c,c:mask-wearing-1632931995267_png_jpg,3
a_002968_jpg.jpg,val,a,a:002968_jpg,3
c_kp243_jpg.jpg,train,c,c:kp243_jpg,1
c_frame3750_jpg.jpg,train,c,c:frame3750_jpg,3
b_Video2_192_jpg.jpg,val,b,b:Video2_192_jpg,6
c_goggle876550_jpg.jpg,train,c,c:goggle876550_jpg,1
c_helmet999890_jpg.jpg,train,c,c:helmet999890_jpg,1
c_frame1089_jpg.jpg,train,c,c:frame1089_jpg,1
a_001936_jpg.jpg,val,a,a:001936_jpg,2
a_005045_jpg.jpg,train,a,a:005045_jpg,1
a_004891_jpg.jpg,train,a,a:004891_jpg,3
a_000837_jpg.jpg,train,a,a:000837_jpg,9
c_N5h_img_95_jpg.jpg,train,c,c:N5h_img_95_jpg,1
c_PP02img557_jpg.jpg,train,c,c:PP02img557_jpg,6
b_ppe_1174_jpg.jpg,train,b,b:ppe_1174_jpg,1
c_MX_img_8_jpg.jpg,train,c,c:MX_img_8_jpg,1
a_005067_jpg.jpg,val,a,a:005067_jpg,10
a_000219_jpg.jpg,train,a,a:000219_jpg,4
a_002860_jpg.jpg,train,a,a:002860_jpg,4
c_PP02img910_jpg.jpg,train,c,c:PP02img910_jpg,2
c_frame130--2-_jpg.jpg,val,c,c:frame130--2-_jpg,2
c_frame1234_jpg.jpg,val,c,c:frame1234_jpg,0
b_image_1512_jpg.jpg,train,b,b:image_1512_jpg,4
b_ppe_0186_jpg.jpg,test,b,b:ppe_0186_jpg,4
b_image_963_jpg.jpg,train,b,b:image_963_jpg,3
c_N5h_img_53_jpg.jpg,train,c,c:N5h_img_53_jpg,1
a_005863_jpg.jpg,train,a,a:005863_jpg,2
c_PP02img876_jpg.jpg,train,c,c:PP02img876_jpg,1
c_packing109_jpg.jpg,train,c,c:packing109_jpg,2
c_kp1977_jpg.jpg,test,c,c:kp1977_jpg,1
c_N5h_img_126_jpg.jpg,train,c,c:N5h_img_126_jpg,1
c_frame2174_jpg.jpg,train,c,c:frame2174_jpg,0
c_N5h_img_26_jpg.jpg,train,c,c:N5h_img_26_jpg,1
a_006845_jpg.jpg,val,a,a:006845_jpg,5
c_kp1058_jpg.jpg,val,c,c:kp1058_jpg,1
c_kp1466_jpg.jpg,train,c,c:kp1466_jpg,2
c_p113120_jpg.jpg,train,c,c:p113120_jpg,1
b_Video2_172_jpg.jpg,train,b,b:Video2_172_jpg,4
c_frame1305_jpg.jpg,train,c,c:frame1305_jpg,1
c_p651365_jpg.jpg,train,c,c:p651365_jpg,1
c_img282_jpg.jpg,train,c,c:img282_jpg,4
c_PP02img1250_jpg.jpg,train,c,c:PP02img1250_jpg,4
a_001920_jpg.jpg,train,a,a:001920_jpg,2
a_004682_jpg.jpg,train,a,a:004682_jpg,9
c_frame0--2-_jpg.jpg,train,c,c:frame0--2-_jpg,0
c_PPE_Data_554_jpg.jpg,test,c,c:PPE_Data_554_jpg,1
c_frame114--2-_jpg.jpg,train,c,c:frame114--2-_jpg,1
a_006669_jpg.jpg,train,a,a:006669_jpg,1
a_005897_jpg.jpg,train,a,a:005897_jpg,6
a_006870_jpg.jpg,train,a,a:006870_jpg,9
c_packing1734_jpg.jpg,val,c,c:packing1734_jpg,2
c_goggle8765103_jpg.jpg,train,c,c:goggle8765103_jpg,3
c_PP02img434_jpg.jpg,train,c,c:PP02img434_jpg,4
c_nglovpp358_jpg.jpg,train,c,c:nglovpp358_jpg,2
c_PP02img1091_jpg.jpg,val,c,c:PP02img1091_jpg,1
c_PP02img1213_jpg.jpg,train,c,c:PP02img1213_jpg,2
b_ppe_0065_jpg.jpg,val,b,b:ppe_0065_jpg,3
b_image_527_jpg.jpg,train,b,b:image_527_jpg,3
c_005503_jpg.jpg,train,c,c:005503_jpg,1
b_ppe_1060_jpg.jpg,train,b,b:ppe_1060_jpg,2
b_image_1023_jpg.jpg,test,b,b:image_1023_jpg,3
c_kp92_jpg.jpg,val,c,c:kp92_jpg,1
c_005496_jpg.jpg,train,c,c:005496_jpg,3
c_goggle8765141_jpg.jpg,train,c,c:goggle8765141_jpg,3
c_packing1016_jpg.jpg,train,c,c:packing1016_jpg,1
c_1422808187-3291816118_jpg.jpg,val,c,c:1422808187-3291816118_jpg,1
a_002045_jpg.jpg,train,a,a:002045_jpg,7
c_Mask2_mov-69_jpg.jpg,test,c,c:Mask2_mov-69_jpg,1
c_mo-justin-mask-NoMask_mov-36_jpg.jpg,train,c,c:mo-justin-mask-NoMask_mov-36_jpg,2
c_img443_jpg.jpg,train,c,c:img443_jpg,3
c_005492_jpg.jpg,val,c,c:005492_jpg,2
c_packing811_jpg.jpg,train,c,c:packing811_jpg,2
a_001061_jpg.jpg,val,a,a:001061_jpg,6
c_frame69--3-_jpg.jpg,train,c,c:frame69--3-_jpg,2
b_ppe_0209_jpg.jpg,train,b,b:ppe_0209_jpg,8
c_kp999_jpg.jpg,train,c,c:kp999_jpg,1
c_frame186_jpg.jpg,train,c,c:frame186_jpg,1
b_ppe_1071_jpg.jpg,train,b,b:ppe_1071_jpg,12
a_001436_jpg.jpg,train,a,a:001436_jpg,2
c_kp1745_jpg.jpg,val,c,c:kp1745_jpg,1
a_004030_jpg.jpg,train,a,a:004030_jpg,4
c_kp1107_jpg.jpg,val,c,c:kp1107_jpg,1
c_packing1812_jpg.jpg,train,c,c:packing1812_jpg,1
a_002073_jpg.jpg,train,a,a:002073_jpg,5
c_PP02img392_jpg.jpg,train,c,c:PP02img392_jpg,1
c_kp830_jpg.jpg,train,c,c:kp830_jpg,1
b_ppe_0035_jpg.jpg,val,b,b:ppe_0035_jpg,5
a_004702_jpg.jpg,train,a,a:004702_jpg,2
c_packing1563_jpg.jpg,train,c,c:packing1563_jpg,3
c_packing1170_jpg.jpg,train,c,c:packing1170_jpg,1
c_p11383_jpg.jpg,train,c,c:p11383_jpg,1
c_packing935_jpg.jpg,train,c,c:packing935_jpg,1
b_image_1671_jpg.jpg,train,b,b:image_1671_jpg,1
c_kp1402_jpg.jpg,val,c,c:kp1402_jpg,1
c_frame142--2-_jpg.jpg,test,c,c:frame142--2-_jpg,2
b_ppe_0474_jpg.jpg,val,b,b:ppe_0474_jpg,2
c_kp1299_jpg.jpg,train,c,c:kp1299_jpg,1
c_kp1452_jpg.jpg,train,c,c:kp1452_jpg,1
b_image_239_jpg.jpg,train,b,b:image_239_jpg,6
a_001060_jpg.jpg,val,a,a:001060_jpg,2
a_004998_jpg.jpg,train,a,a:004998_jpg,8
c_Mask-detector1_mov-57_jpg.jpg,test,c,c:Mask-detector1_mov-57_jpg,1
c_nglov36_jpg.jpg,train,c,c:nglov36_jpg,2
c_kp663_jpg.jpg,test,c,c:kp663_jpg,2
c_img389_jpg.jpg,train,c,c:img389_jpg,5
c_PP02img525_jpg.jpg,train,c,c:PP02img525_jpg,6
c_download--1-_jpeg_jpg.jpg,train,c,c:download--1-_jpeg_jpg,1
c_frame1181_jpg.jpg,val,c,c:frame1181_jpg,0
c_packing766_jpg.jpg,train,c,c:packing766_jpg,2
c_nglovpp22_jpg.jpg,val,c,c:nglovpp22_jpg,4
b_ppe_0994_jpg.jpg,train,b,b:ppe_0994_jpg,4
c_Mask-detector1_mov-48_jpg.jpg,val,c,c:Mask-detector1_mov-48_jpg,1
b_image_1246_jpg.jpg,train,b,b:image_1246_jpg,3
c_Nhh_img_154_jpg.jpg,test,c,c:Nhh_img_154_jpg,2
c_packing1365_jpg.jpg,train,c,c:packing1365_jpg,1
a_005935_jpg.jpg,val,a,a:005935_jpg,2
c_kp785_jpg.jpg,train,c,c:kp785_jpg,1
c_PP02img1147_jpg.jpg,train,c,c:PP02img1147_jpg,5
a_003164_jpg.jpg,val,a,a:003164_jpg,8
a_000013_jpg.jpg,train,a,a:000013_jpg,1
c_kp1505_jpg.jpg,train,c,c:kp1505_jpg,1
c_p11394_jpg.jpg,val,c,c:p11394_jpg,1
c_kp741_jpg.jpg,val,c,c:kp741_jpg,1
c_img445_jpg.jpg,train,c,c:img445_jpg,4
c_frame3812_jpg.jpg,val,c,c:frame3812_jpg,3
b_Video1_53_jpg.jpg,train,b,b:Video1_53_jpg,4
c_kp672_jpg.jpg,train,c,c:kp672_jpg,1
c_fglov161_jpg.jpg,train,c,c:fglov161_jpg,5
b_ppe_0681_jpg.jpg,test,b,b:ppe_0681_jpg,3
c_frame3758_jpg.jpg,train,c,c:frame3758_jpg,3
c_packing1499_jpg.jpg,train,c,c:packing1499_jpg,2
c_PPE_Data_337_jpg.jpg,train,c,c:PPE_Data_337_jpg,1
a_003761_jpg.jpg,train,a,a:003761_jpg,2
b_Video1_38_jpg.jpg,train,b,b:Video1_38_jpg,4
c_PP02img107_jpg.jpg,train,c,c:PP02img107_jpg,6
c_frame31_jpg.jpg,train,c,c:frame31_jpg,0
a_002133_jpg.jpg,train,a,a:002133_jpg,12
a_006638_jpg.jpg,train,a,a:006638_jpg,1
c_kp886_jpg.jpg,train,c,c:kp886_jpg,1
c_nglov39_jpg.jpg,train,c,c:nglov39_jpg,1
a_002247_jpg.jpg,train,a,a:002247_jpg,5
c_frame263_jpg.jpg,train,c,c:frame263_jpg,1
c_frame1640_jpg.jpg,val,c,c:frame1640_jpg,1
a_006658_jpg.jpg,train,a,a:006658_jpg,4
c_frame1296_jpg.jpg,train,c,c:frame1296_jpg,1
c_helmet9991026_jpg.jpg,train,c,c:helmet9991026_jpg,1
c_frame141_jpg.jpg,train,c,c:frame141_jpg,1
c_005535_jpg.jpg,train,c,c:005535_jpg,6
b_Video1_29_jpg.jpg,val,b,b:Video1_29_jpg,6
c_kp1399_jpg.jpg,train,c,c:kp1399_jpg,1
c_PP02img1334_jpg.jpg,train,c,c:PP02img1334_jpg,7
c_PP02img1442_jpg.jpg,train,c,c:PP02img1442_jpg,6
b_image_1539_jpg.jpg,train,b,b:image_1539_jpg,6
c_nglov73_jpg.jpg,train,c,c:nglov73_jpg,2
c_PP02img690_jpg.jpg,train,c,c:PP02img690_jpg,1
c_p65213177_jpg.jpg,train,c,c:p65213177_jpg,1
c_mask-wearing-1632937522951_png_jpg.jpg,train,c,c:mask-wearing-1632937522951_png_jpg,1
c_kp303_jpg.jpg,train,c,c:kp303_jpg,1
c_p65621389_jpg.jpg,train,c,c:p65621389_jpg,1
c_005463_jpg.jpg,train,c,c:005463_jpg,4
c_packing1379_jpg.jpg,train,c,c:packing1379_jpg,1
c_PPE_Data_78_jpg.jpg,train,c,c:PPE_Data_78_jpg,0
c_kp242_jpg.jpg,test,c,c:kp242_jpg,1
c_PPE_Data_167_jpg.jpg,val,c,c:PPE_Data_167_jpg,2
b_ppe_0974_jpg.jpg,train,b,b:ppe_0974_jpg,9
c_PP02img968_jpg.jpg,train,c,c:PP02img968_jpg,2
a_001386_jpg.jpg,test,a,a:001386_jpg,4
c_kp1911_jpg.jpg,train,c,c:kp1911_jpg,1
c_mask-wearing-1632939982818_png_jpg.jpg,val,c,c:mask-wearing-1632939982818_png_jpg,1
c_PXL_20210930_151852090_jpg.jpg,train,c,c:PXL_20210930_151852090_jpg,1
c_frame262_jpg.jpg,train,c,c:frame262_jpg,1
a_001395_jpg.jpg,test,a,a:001395_jpg,2
a_005611_jpg.jpg,train,a,a:005611_jpg,5
c_N5h_img_196_jpg.jpg,test,c,c:N5h_img_196_jpg,2
c_packing1405_jpg.jpg,val,c,c:packing1405_jpg,3
c_packing1641_jpg.jpg,val,c,c:packing1641_jpg,1
c_goggle8765193_jpg.jpg,train,c,c:goggle8765193_jpg,6
c_kp517_jpg.jpg,val,c,c:kp517_jpg,2
c_frame2213_jpg.jpg,train,c,c:frame2213_jpg,0
c_frame3777_jpg.jpg,val,c,c:frame3777_jpg,3
c_PP02img900_jpg.jpg,train,c,c:PP02img900_jpg,1
c_MX_img_3_jpg.jpg,val,c,c:MX_img_3_jpg,1
a_005498_jpg.jpg,train,a,a:005498_jpg,2
c_packing1592_jpg.jpg,train,c,c:packing1592_jpg,2
a_002244_jpg.jpg,val,a,a:002244_jpg,2
c_nglovpp3102_jpg.jpg,train,c,c:nglovpp3102_jpg,1
c_kp1878_jpg.jpg,test,c,c:kp1878_jpg,1
c_mask-wearing-1632937585708_png_jpg.jpg,train,c,c:mask-wearing-1632937585708_png_jpg,1
b_image_740_jpg.jpg,train,b,b:image_740_jpg,2
c_p65213165_jpg.jpg,train,c,c:p65213165_jpg,1
c_kp467_jpg.jpg,train,c,c:kp467_jpg,1
b_Video4_262_jpg.jpg,val,b,b:Video4_262_jpg,4
a_002633_jpg.jpg,test,a,a:002633_jpg,10
c_PP02img798_jpg.jpg,val,c,c:PP02img798_jpg,2
c_PP02img1073_jpg.jpg,test,c,c:PP02img1073_jpg,2
c_kp1856_jpg.jpg,train,c,c:kp1856_jpg,1
c_mask-wearing-1632937708999_png_jpg.jpg,train,c,c:mask-wearing-1632937708999_png_jpg,1
c_PP02img829_jpg.jpg,val,c,c:PP02img829_jpg,3
c_kp612_jpg.jpg,train,c,c:kp612_jpg,2
c_kp1831_jpg.jpg,train,c,c:kp1831_jpg,1
c_frame253_jpg.jpg,train,c,c:frame253_jpg,1
c_frame3910_jpg.jpg,train,c,c:frame3910_jpg,2
a_006035_jpg.jpg,train,a,a:006035_jpg,1
c_PP02img67_jpg.jpg,train,c,c:PP02img67_jpg,6
a_006181_jpg.jpg,train,a,a:006181_jpg,9
c_kp82_jpg.jpg,train,c,c:kp82_jpg,1
c_N5h_img_140_jpg.jpg,train,c,c:N5h_img_140_jpg,1
c_PP02img663_jpg.jpg,train,c,c:PP02img663_jpg,2
c_packing502_jpg.jpg,train,c,c:packing502_jpg,2
a_002867_jpg.jpg,train,a,a:002867_jpg,10
c_packing125_jpg.jpg,train,c,c:packing125_jpg,1
c_nglovpp333_jpg.jpg,train,c,c:nglovpp333_jpg,4
c_PP02img382_jpg.jpg,train,c,c:PP02img382_jpg,3
c_no-mask_mov-10_jpg.jpg,test,c,c:no-mask_mov-10_jpg,1
a_002903_jpg.jpg,train,a,a:002903_jpg,3
c_packing1294_jpg.jpg,train,c,c:packing1294_jpg,1
c_packing1124_jpg.jpg,train,c,c:packing1124_jpg,3
c_005333_jpg.jpg,train,c,c:005333_jpg,3
c_frame1295--2-_jpg.jpg,val,c,c:frame1295--2-_jpg,0
c_packing554_jpg.jpg,train,c,c:packing554_jpg,1
c_mask-wearing-1632937862453_png_jpg.jpg,val,c,c:mask-wearing-1632937862453_png_jpg,1
c_frame1242_jpg.jpg,train,c,c:frame1242_jpg,0
c_005354_jpg.jpg,train,c,c:005354_jpg,1
c_kp45_jpg.jpg,train,c,c:kp45_jpg,2
c_Nhh_img_169_jpg.jpg,train,c,c:Nhh_img_169_jpg,1
c_packing940_jpg.jpg,train,c,c:packing940_jpg,2
c_kp263_jpg.jpg,train,c,c:kp263_jpg,1
a_003599_jpg.jpg,train,a,a:003599_jpg,4
a_002453_jpg.jpg,train,a,a:002453_jpg,2
a_003926_jpg.jpg,test,a,a:003926_jpg,2
a_003092_jpg.jpg,train,a,a:003092_jpg,1
b_image_1076_jpg.jpg,train,b,b:image_1076_jpg,3
c_PP02img805_jpg.jpg,val,c,c:PP02img805_jpg,3
b_image_389_jpg.jpg,train,b,b:image_389_jpg,3
c_img341_jpg.jpg,train,c,c:img341_jpg,2
a_004562_jpg.jpg,train,a,a:004562_jpg,3
c_PP02img163_jpg.jpg,test,c,c:PP02img163_jpg,3
c_PP02img350_jpg.jpg,train,c,c:PP02img350_jpg,3
a_005694_jpg.jpg,train,a,a:005694_jpg,2
a_001855_jpg.jpg,train,a,a:001855_jpg,2
c_frame3916_jpg.jpg,train,c,c:frame3916_jpg,1
b_Video2_171_jpg.jpg,train,b,b:Video2_171_jpg,6
c_PP02img1367_jpg.jpg,train,c,c:PP02img1367_jpg,5
a_004560_jpg.jpg,train,a,a:004560_jpg,8
a_005164_jpg.jpg,train,a,a:005164_jpg,1
b_image_168_jpg.jpg,train,b,b:image_168_jpg,6
c_kp969_jpg.jpg,val,c,c:kp969_jpg,1
c_packing121_jpg.jpg,train,c,c:packing121_jpg,3
b_image_755_jpg.jpg,train,b,b:image_755_jpg,6
c_kp1571_jpg.jpg,test,c,c:kp1571_jpg,1
b_image_840_jpg.jpg,val,b,b:image_840_jpg,3
c_15h_img_284_jpg.jpg,train,c,c:15h_img_284_jpg,1
c_1579683152-0e3ba5698b090c0fda95caa5d2aa7b31_jpg.jpg,val,c,c:1579683152-0e3ba5698b090c0fda95caa5d2aa7b31_jpg,1
c_002_1024_jpeg_jpg.jpg,val,c,c:002_1024_jpeg_jpg,3
c_kp1311_jpg.jpg,val,c,c:kp1311_jpg,1
a_000713_jpg.jpg,val,a,a:000713_jpg,7
c_kp1091_jpg.jpg,train,c,c:kp1091_jpg,2
a_001848_jpg.jpg,train,a,a:001848_jpg,5
c_packing1349_jpg.jpg,val,c,c:packing1349_jpg,1
c_packing162_jpg.jpg,train,c,c:packing162_jpg,3
b_image_609_jpg.jpg,train,b,b:image_609_jpg,3
b_ppe_1297_jpg.jpg,train,b,b:ppe_1297_jpg,6
c_PP02img18_jpg.jpg,test,c,c:PP02img18_jpg,6
c_frame756_jpg.jpg,val,c,c:frame756_jpg,3
b_ppe_0403_jpg.jpg,train,b,b:ppe_0403_jpg,2
a_000617_jpg.jpg,train,a,a:000617_jpg,9
a_003159_jpg.jpg,val,a,a:003159_jpg,2
a_002356_jpg.jpg,train,a,a:002356_jpg,5
c_PXL_20210930_152019132_jpg.jpg,test,c,c:PXL_20210930_152019132_jpg,1
c_kp1658_jpg.jpg,train,c,c:kp1658_jpg,1
c_frame1633_jpg.jpg,val,c,c:frame1633_jpg,1
c_PP02img721_jpg.jpg,train,c,c:PP02img721_jpg,4
c_kp688_jpg.jpg,train,c,c:kp688_jpg,1
c_kp1126_jpg.jpg,val,c,c:kp1126_jpg,1
c_p656213126_jpg.jpg,val,c,c:p656213126_jpg,1
c_kp1307_jpg.jpg,train,c,c:kp1307_jpg,1
b_ppe_0355_jpg.jpg,train,b,b:ppe_0355_jpg,8
a_006309_jpg.jpg,train,a,a:006309_jpg,4
c_Nhh_img_166_jpg.jpg,train,c,c:Nhh_img_166_jpg,2
b_ppe_0789_jpg.jpg,train,b,b:ppe_0789_jpg,6
c_frame1286_jpg.jpg,train,c,c:frame1286_jpg,0
c_frame599_jpg.jpg,test,c,c:frame599_jpg,0
c_fglov144_jpg.jpg,val,c,c:fglov144_jpg,5
c_kp14_jpg.jpg,train,c,c:kp14_jpg,2
c_packing1699_jpg.jpg,val,c,c:packing1699_jpg,1
c_kp1350_jpg.jpg,val,c,c:kp1350_jpg,1
a_002916_jpg.jpg,train,a,a:002916_jpg,2
c_packing744_jpg.jpg,train,c,c:packing744_jpg,2
b_image_173_jpg.jpg,train,b,b:image_173_jpg,6
a_005588_jpg.jpg,train,a,a:005588_jpg,2
c_005540_jpg.jpg,train,c,c:005540_jpg,1
c_PP02img439_jpg.jpg,train,c,c:PP02img439_jpg,4
c_PP02img428_jpg.jpg,val,c,c:PP02img428_jpg,5
b_00004_jpg.jpg,val,b,b:00004_jpg,1
a_006078_jpg.jpg,train,a,a:006078_jpg,1
a_002285_jpg.jpg,train,a,a:002285_jpg,7
c_PP02img717_jpg.jpg,train,c,c:PP02img717_jpg,4
b_00225_jpg.jpg,train,b,b:00225_jpg,1
c_Mask-detector1_mov-33_jpg.jpg,val,c,c:Mask-detector1_mov-33_jpg,1
b_ppe_0239_jpg.jpg,train,b,b:ppe_0239_jpg,12
b_image_38_jpg.jpg,val,b,b:image_38_jpg,3
c_Mask-detector1_mov-39_jpg.jpg,train,c,c:Mask-detector1_mov-39_jpg,1
a_002648_jpg.jpg,val,a,a:002648_jpg,2
a_000848_jpg.jpg,train,a,a:000848_jpg,4
c_kp1649_jpg.jpg,train,c,c:kp1649_jpg,1
c_PP02img1474_jpg.jpg,test,c,c:PP02img1474_jpg,2
a_004069_jpg.jpg,train,a,a:004069_jpg,1
c_packing1846_jpg.jpg,train,c,c:packing1846_jpg,1
c_packing1703_jpg.jpg,val,c,c:packing1703_jpg,1
c_kp1861_jpg.jpg,test,c,c:kp1861_jpg,1
a_002302_jpg.jpg,train,a,a:002302_jpg,1
a_000284_jpg.jpg,train,a,a:000284_jpg,3
c_helmet9991141_jpg.jpg,test,c,c:helmet9991141_jpg,1
b_IMG-20221020-WA0127_jpg.jpg,train,b,b:IMG-20221020-WA0127_jpg,1
a_005826_jpg.jpg,train,a,a:005826_jpg,4
a_006697_jpg.jpg,train,a,a:006697_jpg,1
c_frame1159--2-_jpg.jpg,train,c,c:frame1159--2-_jpg,0
a_006058_jpg.jpg,train,a,a:006058_jpg,8
c_img460_jpg.jpg,val,c,c:img460_jpg,3
c_005343_jpg.jpg,train,c,c:005343_jpg,5
c_PP02img835_jpg.jpg,train,c,c:PP02img835_jpg,2
a_005115_jpg.jpg,train,a,a:005115_jpg,5
c_nglovpp268_jpg.jpg,train,c,c:nglovpp268_jpg,3
c_kp1128_jpg.jpg,val,c,c:kp1128_jpg,1
a_003561_jpg.jpg,train,a,a:003561_jpg,1
c_helmet999537_jpg.jpg,train,c,c:helmet999537_jpg,1
c_img324_jpg.jpg,train,c,c:img324_jpg,3
c_N5h_img_27_jpg.jpg,train,c,c:N5h_img_27_jpg,1
c_packing1446_jpg.jpg,test,c,c:packing1446_jpg,1
a_000586_jpg.jpg,train,a,a:000586_jpg,2
c_frame3765_jpg.jpg,train,c,c:frame3765_jpg,3
b_TsirinOne0044_jpg.jpg,train,b,b:TsirinOne0044_jpg,11
c_005398_jpg.jpg,train,c,c:005398_jpg,6
c_frame90_jpg.jpg,test,c,c:frame90_jpg,2
c_005342_jpg.jpg,train,c,c:005342_jpg,3
c_kp792_jpg.jpg,train,c,c:kp792_jpg,1
c_frame1123_jpg.jpg,train,c,c:frame1123_jpg,1
b_Video2_136_jpg.jpg,train,b,b:Video2_136_jpg,6
c_packing1296_jpg.jpg,val,c,c:packing1296_jpg,1
a_001374_jpg.jpg,train,a,a:001374_jpg,1
c_packing850_jpg.jpg,train,c,c:packing850_jpg,2
c_PP02img1338_jpg.jpg,train,c,c:PP02img1338_jpg,6
c_p113125_jpg.jpg,val,c,c:p113125_jpg,1
b_image_829_jpg.jpg,train,b,b:image_829_jpg,1
b_image_1215_jpg.jpg,train,b,b:image_1215_jpg,3
c_helmet9991188_jpg.jpg,val,c,c:helmet9991188_jpg,1
a_001688_jpg.jpg,train,a,a:001688_jpg,10
c_img433_jpg.jpg,train,c,c:img433_jpg,3
b_ppe_1171_jpg.jpg,train,b,b:ppe_1171_jpg,4
a_001812_jpg.jpg,train,a,a:001812_jpg,1
c_helmet999701_jpg.jpg,train,c,c:helmet999701_jpg,1
a_001215_jpg.jpg,train,a,a:001215_jpg,9
c_PPE_Data_236_jpg.jpg,val,c,c:PPE_Data_236_jpg,0
c_kp1830_jpg.jpg,train,c,c:kp1830_jpg,1
a_002961_jpg.jpg,train,a,a:002961_jpg,2
c_PP02img538_jpg.jpg,val,c,c:PP02img538_jpg,7
c_kp230_jpg.jpg,train,c,c:kp230_jpg,1
c_fglov176_jpg.jpg,test,c,c:fglov176_jpg,3
c_helmet999661_jpg.jpg,train,c,c:helmet999661_jpg,1
c_img169_jpg.jpg,train,c,c:img169_jpg,5
b_Photin0529_jpg.jpg,train,b,b:Photin0529_jpg,1
b_image_1268_jpg.jpg,train,b,b:image_1268_jpg,3
b_image_998_jpg.jpg,train,b,b:image_998_jpg,3
c_img189_jpg.jpg,train,c,c:img189_jpg,5
c_p65213179_jpg.jpg,train,c,c:p65213179_jpg,1
a_001811_jpg.jpg,train,a,a:001811_jpg,1
c_PP02img691_jpg.jpg,train,c,c:PP02img691_jpg,2
b_ppe_0205_jpg.jpg,train,b,b:ppe_0205_jpg,2
b_ppe_0668_jpg.jpg,train,b,b:ppe_0668_jpg,6
c_1024x737_09186876046_jpg.jpg,train,c,c:1024x737_09186876046_jpg,9
c_img123_jpg.jpg,train,c,c:img123_jpg,3
c_fglov139_jpg.jpg,train,c,c:fglov139_jpg,4
a_004261_jpg.jpg,train,a,a:004261_jpg,3
c_PP02img1141_jpg.jpg,train,c,c:PP02img1141_jpg,7
b_ppe_0537_jpg.jpg,train,b,b:ppe_0537_jpg,6
a_006827_jpg.jpg,train,a,a:006827_jpg,7
a_003555_jpg.jpg,train,a,a:003555_jpg,2
c_PP02img1425_jpg.jpg,val,c,c:PP02img1425_jpg,4
b_ppe_0786_jpg.jpg,train,b,b:ppe_0786_jpg,5
c_kp639_jpg.jpg,train,c,c:kp639_jpg,2
c_PP02img371_jpg.jpg,val,c,c:PP02img371_jpg,4
c_frame784_jpg.jpg,val,c,c:frame784_jpg,3
c_kp365_jpg.jpg,train,c,c:kp365_jpg,1
c_000_1OC3DT_jpg.jpg,train,c,c:000_1OC3DT_jpg,13
a_002984_jpg.jpg,train,a,a:002984_jpg,2
c_005346_jpg.jpg,train,c,c:005346_jpg,8
c_kp1721_jpg.jpg,test,c,c:kp1721_jpg,1
c_PP02img1078_jpg.jpg,train,c,c:PP02img1078_jpg,4
c_packing1588_jpg.jpg,val,c,c:packing1588_jpg,2
c_fglov116_jpg.jpg,train,c,c:fglov116_jpg,4
c_PPE_Data_219_jpg.jpg,train,c,c:PPE_Data_219_jpg,1
c_mo-justin-mask-NoMask_mov-5_jpg.jpg,train,c,c:mo-justin-mask-NoMask_mov-5_jpg,2
a_004498_jpg.jpg,train,a,a:004498_jpg,7
a_003487_jpg.jpg,val,a,a:003487_jpg,2
c_kp777_jpg.jpg,train,c,c:kp777_jpg,1
c_img47_jpg.jpg,train,c,c:img47_jpg,4
c_15h_img_282_jpg.jpg,train,c,c:15h_img_282_jpg,1
c_kp908_jpg.jpg,train,c,c:kp908_jpg,1
c_kp818_jpg.jpg,train,c,c:kp818_jpg,1
c_img173_jpg.jpg,train,c,c:img173_jpg,5
c_kp1756_jpg.jpg,val,c,c:kp1756_jpg,1
a_000714_jpg.jpg,train,a,a:000714_jpg,1
b_image_65_jpg.jpg,test,b,b:image_65_jpg,3
c_PPE_Data_599_jpg.jpg,test,c,c:PPE_Data_599_jpg,2
c_frame1288--2-_jpg.jpg,train,c,c:frame1288--2-_jpg,0
c_kp170_jpg.jpg,test,c,c:kp170_jpg,2
c_PP02img230_jpg.jpg,test,c,c:PP02img230_jpg,4
c_frame1160--2-_jpg.jpg,val,c,c:frame1160--2-_jpg,0
c_img326_jpg.jpg,train,c,c:img326_jpg,4
c_helmet9991117_jpg.jpg,train,c,c:helmet9991117_jpg,1
c_frame123_jpg.jpg,val,c,c:frame123_jpg,2
c_PP02img420_jpg.jpg,val,c,c:PP02img420_jpg,6
b_ppe_0511_jpg.jpg,train,b,b:ppe_0511_jpg,12
a_004289_jpg.jpg,train,a,a:004289_jpg,4
c_img114_jpg.jpg,train,c,c:img114_jpg,4
a_005680_jpg.jpg,train,a,a:005680_jpg,1
c_kp401_jpg.jpg,val,c,c:kp401_jpg,1
c_kp87_jpg.jpg,train,c,c:kp87_jpg,1
c_p651315_jpg.jpg,train,c,c:p651315_jpg,1
c_p11355_jpg.jpg,val,c,c:p11355_jpg,1
c_img183_jpg.jpg,train,c,c:img183_jpg,4
c_frame1103_jpg.jpg,train,c,c:frame1103_jpg,1
c_nglov116_jpg.jpg,val,c,c:nglov116_jpg,4
a_002029_jpg.jpg,train,a,a:002029_jpg,2
c_frame2864_jpg.jpg,val,c,c:frame2864_jpg,4
c_15h_img_287_jpg.jpg,train,c,c:15h_img_287_jpg,1
a_000507_jpg.jpg,train,a,a:000507_jpg,6
c_kp1169_jpg.jpg,test,c,c:kp1169_jpg,1
c_frame1160_jpg.jpg,train,c,c:frame1160_jpg,1
a_001690_jpg.jpg,train,a,a:001690_jpg,4
c_Mask2_mov-16_jpg.jpg,train,c,c:Mask2_mov-16_jpg,1
c_PP02img851_jpg.jpg,train,c,c:PP02img851_jpg,2
b_image_529_jpg.jpg,train,b,b:image_529_jpg,3
c_img182_jpg.jpg,train,c,c:img182_jpg,3
c_packing106_jpg.jpg,train,c,c:packing106_jpg,2
c_frame1067_jpg.jpg,train,c,c:frame1067_jpg,0
a_002508_jpg.jpg,train,a,a:002508_jpg,1
c_PPE_Data_33_jpg.jpg,test,c,c:PPE_Data_33_jpg,2
b_image_459_jpg.jpg,train,b,b:image_459_jpg,3
c_packing628_jpg.jpg,train,c,c:packing628_jpg,2
c_PP02img1251_jpg.jpg,val,c,c:PP02img1251_jpg,4
c_img187_jpg.jpg,train,c,c:img187_jpg,4
c_goggle8765165_jpg.jpg,train,c,c:goggle8765165_jpg,4
c_packing246_jpg.jpg,val,c,c:packing246_jpg,1
c_packing1672_jpg.jpg,train,c,c:packing1672_jpg,1
c_mask-wearing-1632933605348_png_jpg.jpg,train,c,c:mask-wearing-1632933605348_png_jpg,1
b_image_785_jpg.jpg,val,b,b:image_785_jpg,3
c_kp661_jpg.jpg,train,c,c:kp661_jpg,1
c_kp1100_jpg.jpg,train,c,c:kp1100_jpg,1
a_001618_jpg.jpg,train,a,a:001618_jpg,4
c_PP02img1325_jpg.jpg,train,c,c:PP02img1325_jpg,6
c_kp719_jpg.jpg,train,c,c:kp719_jpg,1
c_p656213107_jpg.jpg,test,c,c:p656213107_jpg,1
b_00095_jpg.jpg,train,b,b:00095_jpg,3
a_002103_jpg.jpg,train,a,a:002103_jpg,2
b_image_253_jpg.jpg,test,b,b:image_253_jpg,5
c_packing11_jpg.jpg,train,c,c:packing11_jpg,2
c_img88_jpg.jpg,train,c,c:img88_jpg,5
c_mo-justin-mask-NoMask_mov-13_jpg.jpg,train,c,c:mo-justin-mask-NoMask_mov-13_jpg,2
b_ppe_0962_jpg.jpg,train,b,b:ppe_0962_jpg,6
a_003959_jpg.jpg,train,a,a:003959_jpg,1
a_004063_jpg.jpg,train,a,a:004063_jpg,5
c_PP02img881_jpg.jpg,train,c,c:PP02img881_jpg,2
c_kp1736_jpg.jpg,train,c,c:kp1736_jpg,1
a_000098_jpg.jpg,val,a,a:000098_jpg,8
c_PP02img868_jpg.jpg,train,c,c:PP02img868_jpg,1
c_PP02img417_jpg.jpg,val,c,c:PP02img417_jpg,8
c_packing1419_jpg.jpg,train,c,c:packing1419_jpg,2
c_frame600_jpg.jpg,train,c,c:frame600_jpg,2
c_img302_jpg.jpg,train,c,c:img302_jpg,3
a_003337_jpg.jpg,val,a,a:003337_jpg,2
c_helmet999813_jpg.jpg,train,c,c:helmet999813_jpg,1
c_IMG_4921-2_mp4-59_jpg.jpg,train,c,c:IMG_4921-2_mp4-59_jpg,1
a_006947_jpg.jpg,train,a,a:006947_jpg,1
a_004827_jpg.jpg,train,a,a:004827_jpg,1
b_ppe_0770_jpg.jpg,train,b,b:ppe_0770_jpg,8
c_no-mask_mov-8_jpg.jpg,train,c,c:no-mask_mov-8_jpg,1
c_PP02img1099_jpg.jpg,val,c,c:PP02img1099_jpg,3
c_PP02img1137_jpg.jpg,train,c,c:PP02img1137_jpg,5
c_frame555_jpg.jpg,val,c,c:frame555_jpg,4
a_001832_jpg.jpg,val,a,a:001832_jpg,15
c_frame2954_jpg.jpg,train,c,c:frame2954_jpg,2
c_kp271_jpg.jpg,train,c,c:kp271_jpg,1
c_nglovpp2149_jpg.jpg,train,c,c:nglovpp2149_jpg,4
c_PP02img754_jpg.jpg,val,c,c:PP02img754_jpg,4
c_Nhh_img_164_jpg.jpg,train,c,c:Nhh_img_164_jpg,2
c_nglovpp344_jpg.jpg,train,c,c:nglovpp344_jpg,1
b_images-2022-07-04T013630_jpg.jpg,train,b,b:images-2022-07-04T013630_jpg,2
b_Video2_179_jpg.jpg,train,b,b:Video2_179_jpg,4
c_packing331_jpg.jpg,train,c,c:packing331_jpg,1
b_ppe_0723_jpg.jpg,train,b,b:ppe_0723_jpg,6
b_Video3_232_jpg.jpg,train,b,b:Video3_232_jpg,4
b_ppe_0972_jpg.jpg,train,b,b:ppe_0972_jpg,4
c_p65621346_jpg.jpg,train,c,c:p65621346_jpg,1
c_PPE_Data_603_jpg.jpg,train,c,c:PPE_Data_603_jpg,2
c_MX_img_177_jpg.jpg,val,c,c:MX_img_177_jpg,1
b_images-2022-07-04T013848_jpg.jpg,train,b,b:images-2022-07-04T013848_jpg,2
c_frame3942_jpg.jpg,train,c,c:frame3942_jpg,3
a_000425_jpg.jpg,train,a,a:000425_jpg,4
c_005364_jpg.jpg,train,c,c:005364_jpg,3
c_mo-justin-mask-NoMask_mov-3_jpg.jpg,train,c,c:mo-justin-mask-NoMask_mov-3_jpg,2
c_kp1616_jpg.jpg,test,c,c:kp1616_jpg,1
c_PP02img1412_jpg.jpg,train,c,c:PP02img1412_jpg,2
a_000536_jpg.jpg,train,a,a:000536_jpg,2
c_img12_jpg.jpg,train,c,c:img12_jpg,6
c_005545_jpg.jpg,train,c,c:005545_jpg,1
c_PPE_Data_782_jpg.jpg,train,c,c:PPE_Data_782_jpg,2
a_002777_jpg.jpg,val,a,a:002777_jpg,8
c_frame148_jpg.jpg,test,c,c:frame148_jpg,0
a_005022_jpg.jpg,train,a,a:005022_jpg,2
a_000069_jpg.jpg,val,a,a:000069_jpg,2
c_frame1319_jpg.jpg,train,c,c:frame1319_jpg,2
c_kp186_jpg.jpg,train,c,c:kp186_jpg,1
c_MX_img_66_jpg.jpg,val,c,c:MX_img_66_jpg,1
a_002225_jpg.jpg,val,a,a:002225_jpg,2
c_PP02img654_jpg.jpg,train,c,c:PP02img654_jpg,2
b_image_863_jpg.jpg,val,b,b:image_863_jpg,3
c_PPE_Data_319_jpg.jpg,test,c,c:PPE_Data_319_jpg,2
c_frame86--2-_jpg.jpg,test,c,c:frame86--2-_jpg,2
c_kp1605_jpg.jpg,val,c,c:kp1605_jpg,1
b_r107_jpg.jpg,train,b,b:r107_jpg,6
c_kp568_jpg.jpg,val,c,c:kp568_jpg,2
a_005950_jpg.jpg,train,a,a:005950_jpg,3
c_packing238_jpg.jpg,train,c,c:packing238_jpg,3
c_packing1321_jpg.jpg,train,c,c:packing1321_jpg,2
c_PP02img774_jpg.jpg,train,c,c:PP02img774_jpg,2
c_mask-wearing-1632932198672_png_jpg.jpg,train,c,c:mask-wearing-1632932198672_png_jpg,2
c_N5h_img_20_jpg.jpg,train,c,c:N5h_img_20_jpg,2
c_p113187_jpg.jpg,train,c,c:p113187_jpg,1
c_p113143_jpg.jpg,val,c,c:p113143_jpg,1
c_frame3842_jpg.jpg,train,c,c:frame3842_jpg,3
c_packing1582_jpg.jpg,train,c,c:packing1582_jpg,3
c_helmet9991069_jpg.jpg,train,c,c:helmet9991069_jpg,1
c_helmet999840_jpg.jpg,train,c,c:helmet999840_jpg,1
a_001728_jpg.jpg,train,a,a:001728_jpg,5
a_005723_jpg.jpg,val,a,a:005723_jpg,8
c_MX_img_47_jpg.jpg,train,c,c:MX_img_47_jpg,1
c_PPE_Data_615_jpg.jpg,test,c,c:PPE_Data_615_jpg,2
b_Photin0648_jpg.jpg,train,b,b:Photin0648_jpg,1
c_N5h_img_136_jpg.jpg,train,c,c:N5h_img_136_jpg,1
c_15391513329330sooq10859_jpg.jpg,val,c,c:15391513329330sooq10859_jpg,1
c_PP02img760_jpg.jpg,test,c,c:PP02img760_jpg,4
a_005992_jpg.jpg,val,a,a:005992_jpg,2
a_001406_jpg.jpg,train,a,a:001406_jpg,2
c_MX_img_91_jpg.jpg,test,c,c:MX_img_91_jpg,1
a_004961_jpg.jpg,train,a,a:004961_jpg,1
c_kp1473_jpg.jpg,train,c,c:kp1473_jpg,1
c_kp1352_jpg.jpg,train,c,c:kp1352_jpg,1
a_004894_jpg.jpg,val,a,a:004894_jpg,7
c_kp1889_jpg.jpg,train,c,c:kp1889_jpg,1
c_packing149_jpg.jpg,train,c,c:packing149_jpg,1
b_ppe_0999_jpg.jpg,train,b,b:ppe_0999_jpg,3
c_frame1225_jpg.jpg,train,c,c:frame1225_jpg,0
a_004610_jpg.jpg,train,a,a:004610_jpg,2
a_006369_jpg.jpg,train,a,a:006369_jpg,1
c_img260_jpg.jpg,train,c,c:img260_jpg,4
a_000070_jpg.jpg,train,a,a:000070_jpg,1
a_004975_jpg.jpg,train,a,a:004975_jpg,3
c_PPE_Data_180_jpg.jpg,train,c,c:PPE_Data_180_jpg,3
a_006778_jpg.jpg,val,a,a:006778_jpg,13
c_packing1333_jpg.jpg,train,c,c:packing1333_jpg,2
a_006410_jpg.jpg,train,a,a:006410_jpg,4
a_000476_jpg.jpg,train,a,a:000476_jpg,1
c_kp644_jpg.jpg,train,c,c:kp644_jpg,2
b_image_651_jpg.jpg,train,b,b:image_651_jpg,1
c_PP02img714_jpg.jpg,train,c,c:PP02img714_jpg,4
c_frame2216_jpg.jpg,train,c,c:frame2216_jpg,0
c_frame5_jpg.jpg,val,c,c:frame5_jpg,0
c_frame3810_jpg.jpg,train,c,c:frame3810_jpg,3
b_image_460_jpg.jpg,test,b,b:image_460_jpg,3
c_PPE_Data_272_jpg.jpg,train,c,c:PPE_Data_272_jpg,0
c_fglov132_jpg.jpg,train,c,c:fglov132_jpg,5
c_frame1351_jpg.jpg,train,c,c:frame1351_jpg,0
a_004125_jpg.jpg,train,a,a:004125_jpg,16
a_006700_jpg.jpg,train,a,a:006700_jpg,5
c_kp1657_jpg.jpg,train,c,c:kp1657_jpg,1
c_helmet999513_jpg.jpg,test,c,c:helmet999513_jpg,2
c_PP02img254_jpg.jpg,train,c,c:PP02img254_jpg,6
b_Video1_195_jpg.jpg,train,b,b:Video1_195_jpg,4
a_003520_jpg.jpg,train,a,a:003520_jpg,4
b_ppe_0148_jpg.jpg,val,b,b:ppe_0148_jpg,28
c_p65213152_jpg.jpg,train,c,c:p65213152_jpg,1
c_nglovpp214_jpg.jpg,train,c,c:nglovpp214_jpg,3
c_kp1590_jpg.jpg,train,c,c:kp1590_jpg,1
b_ppe_0236_jpg.jpg,test,b,b:ppe_0236_jpg,3
a_005289_jpg.jpg,train,a,a:005289_jpg,3
c_PP02img1202_jpg.jpg,train,c,c:PP02img1202_jpg,2
c_PP02img401_jpg.jpg,train,c,c:PP02img401_jpg,3
c_packing140_jpg.jpg,train,c,c:packing140_jpg,2
a_004944_jpg.jpg,train,a,a:004944_jpg,7
b_00248_jpg.jpg,train,b,b:00248_jpg,2
c_kp189_jpg.jpg,train,c,c:kp189_jpg,1
c_fglov1120_jpg.jpg,train,c,c:fglov1120_jpg,2
a_001046_jpg.jpg,train,a,a:001046_jpg,7
a_002420_jpg.jpg,train,a,a:002420_jpg,3
c_kp1193_jpg.jpg,train,c,c:kp1193_jpg,1
c_packing1700_jpg.jpg,val,c,c:packing1700_jpg,2
b_ppe_0081_jpg.jpg,train,b,b:ppe_0081_jpg,2
c_PPE_Data_42_jpg.jpg,train,c,c:PPE_Data_42_jpg,0
c_frame1205_jpg.jpg,train,c,c:frame1205_jpg,0
c_PP02img628_jpg.jpg,train,c,c:PP02img628_jpg,3
a_000568_jpg.jpg,train,a,a:000568_jpg,4
c_nglovpp353_jpg.jpg,train,c,c:nglovpp353_jpg,2
c_kp106_jpg.jpg,val,c,c:kp106_jpg,1
b_Photin0124_jpg.jpg,val,b,b:Photin0124_jpg,1
c_p11389_jpg.jpg,test,c,c:p11389_jpg,1
a_003454_jpg.jpg,val,a,a:003454_jpg,4
c_MX_img_133_jpg.jpg,test,c,c:MX_img_133_jpg,1
b_Twalv0247_jpg.jpg,test,b,b:Twalv0247_jpg,1
c_mo-justin-mask-NoMask_mov-31_jpg.jpg,test,c,c:mo-justin-mask-NoMask_mov-31_jpg,2
c_kp343_jpg.jpg,train,c,c:kp343_jpg,1
b_ppe_0718_jpg.jpg,train,b,b:ppe_0718_jpg,9
b_ppe_0995_jpg.jpg,train,b,b:ppe_0995_jpg,2
a_002647_jpg.jpg,train,a,a:002647_jpg,3
b_image_242_jpg.jpg,train,b,b:image_242_jpg,5
a_000171_jpg.jpg,train,a,a:000171_jpg,3
c_packing1956_jpg.jpg,train,c,c:packing1956_jpg,1
c_PPE_Data_269_jpg.jpg,train,c,c:PPE_Data_269_jpg,2
c_kp552_jpg.jpg,train,c,c:kp552_jpg,2
c_PP02img1185_jpg.jpg,train,c,c:PP02img1185_jpg,4
c_p651351_jpg.jpg,val,c,c:p651351_jpg,1
b_ppe_0245_jpg.jpg,train,b,b:ppe_0245_jpg,6
b_ppe_0646_jpg.jpg,train,b,b:ppe_0646_jpg,6
c_kp1697_jpg.jpg,val,c,c:kp1697_jpg,1
a_006646_jpg.jpg,train,a,a:006646_jpg,1
c_frame3766_jpg.jpg,train,c,c:frame3766_jpg,3
a_007058_jpg.jpg,test,a,a:007058_jpg,2
b_ppe_0123_jpg.jpg,val,b,b:ppe_0123_jpg,2
b_ppe_0092_jpg.jpg,val,b,b:ppe_0092_jpg,2
c_img471_jpg.jpg,train,c,c:img471_jpg,5
c_packing765_jpg.jpg,train,c,c:packing765_jpg,1
b_Video2_50_jpg.jpg,val,b,b:Video2_50_jpg,3
a_004005_jpg.jpg,train,a,a:004005_jpg,4
c_kp377_jpg.jpg,train,c,c:kp377_jpg,1
c_packing1278_jpg.jpg,train,c,c:packing1278_jpg,1
c_nglovpp2113_jpg.jpg,train,c,c:nglovpp2113_jpg,3
c_kp1313_jpg.jpg,train,c,c:kp1313_jpg,1
a_001314_jpg.jpg,train,a,a:001314_jpg,10
a_003390_jpg.jpg,train,a,a:003390_jpg,3
b_ppe_0932_jpg.jpg,train,b,b:ppe_0932_jpg,1
a_001064_jpg.jpg,train,a,a:001064_jpg,1
c_frame1139_jpg.jpg,val,c,c:frame1139_jpg,0
c_kp1044_jpg.jpg,val,c,c:kp1044_jpg,1
c_PP02img809_jpg.jpg,test,c,c:PP02img809_jpg,1
c_kp1480_jpg.jpg,train,c,c:kp1480_jpg,1
a_005671_jpg.jpg,train,a,a:005671_jpg,1
c_helmet9991203_jpg.jpg,val,c,c:helmet9991203_jpg,1
c_helmet999739_jpg.jpg,train,c,c:helmet999739_jpg,1
c_nglov22_jpg.jpg,val,c,c:nglov22_jpg,3
a_004275_jpg.jpg,test,a,a:004275_jpg,4
a_003219_jpg.jpg,val,a,a:003219_jpg,2
c_helmet999734_jpg.jpg,train,c,c:helmet999734_jpg,1
c_PPE_Data_113_jpg.jpg,val,c,c:PPE_Data_113_jpg,2
c_PP02img1491_jpg.jpg,train,c,c:PP02img1491_jpg,4
c_packing804_jpg.jpg,train,c,c:packing804_jpg,1
a_004025_jpg.jpg,train,a,a:004025_jpg,9
a_006974_jpg.jpg,train,a,a:006974_jpg,2
c_helmet999666_jpg.jpg,train,c,c:helmet999666_jpg,1
a_004953_jpg.jpg,train,a,a:004953_jpg,2
a_006090_jpg.jpg,train,a,a:006090_jpg,3
c_PP02img406_jpg.jpg,val,c,c:PP02img406_jpg,8
c_frame93--2-_jpg.jpg,train,c,c:frame93--2-_jpg,2
b_ppe_0619_jpg.jpg,train,b,b:ppe_0619_jpg,2
a_005813_jpg.jpg,val,a,a:005813_jpg,2
c_packing625_jpg.jpg,train,c,c:packing625_jpg,2
c_mask-wearing-1632937834355_png_jpg.jpg,val,c,c:mask-wearing-1632937834355_png_jpg,1
c_frame2201_jpg.jpg,train,c,c:frame2201_jpg,0
b_ppe_0629_jpg.jpg,train,b,b:ppe_0629_jpg,4
c_PP02img931_jpg.jpg,train,c,c:PP02img931_jpg,3
c_packing1862_jpg.jpg,train,c,c:packing1862_jpg,1
c_PP02img744_jpg.jpg,train,c,c:PP02img744_jpg,3
a_000733_jpg.jpg,train,a,a:000733_jpg,18
a_003760_jpg.jpg,train,a,a:003760_jpg,2
c_packing40_jpg.jpg,train,c,c:packing40_jpg,2
c_MX_img_50_jpg.jpg,test,c,c:MX_img_50_jpg,1
c_PP02img307_jpg.jpg,train,c,c:PP02img307_jpg,6
c_N5h_img_39_jpg.jpg,train,c,c:N5h_img_39_jpg,1
c_N5h_img_222_jpg.jpg,val,c,c:N5h_img_222_jpg,1
b_image_895_jpg.jpg,val,b,b:image_895_jpg,3
c_frame1422_jpg.jpg,train,c,c:frame1422_jpg,1
b_ppe_0707_jpg.jpg,val,b,b:ppe_0707_jpg,4
c_Inside-merge_mov-7_jpg.jpg,train,c,c:Inside-merge_mov-7_jpg,0
b_ppe_0271_jpg.jpg,train,b,b:ppe_0271_jpg,6
b_ppe_1099_jpg.jpg,train,b,b:ppe_1099_jpg,6
c_kp212_jpg.jpg,train,c,c:kp212_jpg,1
c_packing1537_jpg.jpg,train,c,c:packing1537_jpg,2
c_frame1292--3-_jpg.jpg,val,c,c:frame1292--3-_jpg,0
a_006608_jpg.jpg,train,a,a:006608_jpg,4
c_packing969_jpg.jpg,train,c,c:packing969_jpg,1
c_fglov1133_jpg.jpg,val,c,c:fglov1133_jpg,2
c_kp1141_jpg.jpg,train,c,c:kp1141_jpg,1
c_kp1490_jpg.jpg,train,c,c:kp1490_jpg,1
c_frame3816_jpg.jpg,val,c,c:frame3816_jpg,3
a_004844_jpg.jpg,train,a,a:004844_jpg,2
c_frame1149--2-_jpg.jpg,train,c,c:frame1149--2-_jpg,0
a_005437_jpg.jpg,train,a,a:005437_jpg,3
c_helmet999830_jpg.jpg,train,c,c:helmet999830_jpg,1
a_002352_jpg.jpg,val,a,a:002352_jpg,5
c_packing8_jpg.jpg,train,c,c:packing8_jpg,2
c_goggle8765131_jpg.jpg,train,c,c:goggle8765131_jpg,3
b_image_174_jpg.jpg,test,b,b:image_174_jpg,5
a_003805_jpg.jpg,val,a,a:003805_jpg,5
b_Video2_193_jpg.jpg,train,b,b:Video2_193_jpg,4
a_003958_jpg.jpg,train,a,a:003958_jpg,1
c_PP02img773_jpg.jpg,val,c,c:PP02img773_jpg,5
b_ppe_0519_jpg.jpg,val,b,b:ppe_0519_jpg,2
c_N5h_img_109_jpg.jpg,train,c,c:N5h_img_109_jpg,2
c_p11345_jpg.jpg,train,c,c:p11345_jpg,1
c_IMG_4921-2_mp4-46_jpg.jpg,test,c,c:IMG_4921-2_mp4-46_jpg,1
c_kp1270_jpg.jpg,train,c,c:kp1270_jpg,1
c_img5_jpg.jpg,train,c,c:img5_jpg,7
c_PP02img377_jpg.jpg,val,c,c:PP02img377_jpg,4
c_frame99_jpg.jpg,test,c,c:frame99_jpg,2
c_PP02img97_jpg.jpg,test,c,c:PP02img97_jpg,3
c_p11332_jpg.jpg,test,c,c:p11332_jpg,1
b_image_451_jpg.jpg,test,b,b:image_451_jpg,3
c_packing1376_jpg.jpg,train,c,c:packing1376_jpg,1
a_005284_jpg.jpg,train,a,a:005284_jpg,2
c_frame776_jpg.jpg,val,c,c:frame776_jpg,3
c_packing1745_jpg.jpg,train,c,c:packing1745_jpg,1
c_packing1894_jpg.jpg,train,c,c:packing1894_jpg,2
a_000118_jpg.jpg,train,a,a:000118_jpg,1
a_003846_jpg.jpg,train,a,a:003846_jpg,1
c_packing1577_jpg.jpg,val,c,c:packing1577_jpg,2
c_mask-wearing-1632932085584_png_jpg.jpg,val,c,c:mask-wearing-1632932085584_png_jpg,3
c_MX_img_137_jpg.jpg,val,c,c:MX_img_137_jpg,2
c_PP02img1165_jpg.jpg,test,c,c:PP02img1165_jpg,2
c_packing1125_jpg.jpg,train,c,c:packing1125_jpg,2
b_image_337_jpg.jpg,train,b,b:image_337_jpg,3
b_image_618_jpg.jpg,train,b,b:image_618_jpg,9
a_004622_jpg.jpg,val,a,a:004622_jpg,2
c_img346_jpg.jpg,train,c,c:img346_jpg,2
c_nglovpp2139_jpg.jpg,train,c,c:nglovpp2139_jpg,4
c_helmet9991178_jpg.jpg,train,c,c:helmet9991178_jpg,1
c_packing746_jpg.jpg,train,c,c:packing746_jpg,1
c_frame305_jpg.jpg,train,c,c:frame305_jpg,1
b_Tan0156_jpg.jpg,train,b,b:Tan0156_jpg,1
c_packing1983_jpg.jpg,train,c,c:packing1983_jpg,1
a_003794_jpg.jpg,train,a,a:003794_jpg,1
c_packing1823_jpg.jpg,train,c,c:packing1823_jpg,1
c_PP02img1382_jpg.jpg,val,c,c:PP02img1382_jpg,2
c_packing1645_jpg.jpg,train,c,c:packing1645_jpg,1
c_kp773_jpg.jpg,train,c,c:kp773_jpg,1
c_N5h_img_77_jpg.jpg,val,c,c:N5h_img_77_jpg,2
b_r153_jpg.jpg,train,b,b:r153_jpg,1
c_005458_jpg.jpg,val,c,c:005458_jpg,3
c_packing1353_jpg.jpg,train,c,c:packing1353_jpg,2
c_frame1427_jpg.jpg,test,c,c:frame1427_jpg,1
c_kp936_jpg.jpg,train,c,c:kp936_jpg,1
b_image_1682_jpg.jpg,test,b,b:image_1682_jpg,6
b_00096_jpg.jpg,train,b,b:00096_jpg,7
b_image_742_jpg.jpg,train,b,b:image_742_jpg,3
c_packing541_jpg.jpg,train,c,c:packing541_jpg,1
c_frame1315_jpg.jpg,train,c,c:frame1315_jpg,1
c_packing1763_jpg.jpg,val,c,c:packing1763_jpg,1
c_1580166133-5b61094cac11561b0cbe09826e32a924_jpg.jpg,train,c,c:1580166133-5b61094cac11561b0cbe09826e32a924_jpg,8
c_img364_jpg.jpg,test,c,c:img364_jpg,2
b_image_698_jpg.jpg,train,b,b:image_698_jpg,1
b_ppe_0453_jpg.jpg,train,b,b:ppe_0453_jpg,3
b_image_505_jpg.jpg,val,b,b:image_505_jpg,2
a_003784_jpg.jpg,train,a,a:003784_jpg,8
c_kp1508_jpg.jpg,test,c,c:kp1508_jpg,1
c_packing1251_jpg.jpg,train,c,c:packing1251_jpg,1
c_helmet999586_jpg.jpg,train,c,c:helmet999586_jpg,1
c_PP02img591_jpg.jpg,train,c,c:PP02img591_jpg,5
c_PP02img470_jpg.jpg,train,c,c:PP02img470_jpg,6
c_kp1780_jpg.jpg,train,c,c:kp1780_jpg,1
c_frame241_jpg.jpg,val,c,c:frame241_jpg,1
a_005913_jpg.jpg,train,a,a:005913_jpg,1
c_kp885_jpg.jpg,val,c,c:kp885_jpg,1
c_PP02img398_jpg.jpg,train,c,c:PP02img398_jpg,3
a_001154_jpg.jpg,train,a,a:001154_jpg,1
c_PP02img437_jpg.jpg,train,c,c:PP02img437_jpg,3
c_frame135_jpg.jpg,val,c,c:frame135_jpg,1
a_002250_jpg.jpg,val,a,a:002250_jpg,2
c_N5h_img_162_jpg.jpg,train,c,c:N5h_img_162_jpg,1
c_PP02img725_jpg.jpg,train,c,c:PP02img725_jpg,4
c_kp678_jpg.jpg,train,c,c:kp678_jpg,1
a_003588_jpg.jpg,train,a,a:003588_jpg,2
c_PP02img296_jpg.jpg,val,c,c:PP02img296_jpg,3
c_PP02img1164_jpg.jpg,test,c,c:PP02img1164_jpg,4
c_Nhh_img_174_jpg.jpg,train,c,c:Nhh_img_174_jpg,1
c_PP02img1283_jpg.jpg,test,c,c:PP02img1283_jpg,2
c_packing771_jpg.jpg,train,c,c:packing771_jpg,2
a_001794_jpg.jpg,train,a,a:001794_jpg,2
c_PP02img1287_jpg.jpg,train,c,c:PP02img1287_jpg,2
c_frame1087_jpg.jpg,train,c,c:frame1087_jpg,1
b_image_1335_jpg.jpg,train,b,b:image_1335_jpg,1
a_003044_jpg.jpg,train,a,a:003044_jpg,3
b_Video2_21_jpg.jpg,train,b,b:Video2_21_jpg,4
c_goggle876565_jpg.jpg,train,c,c:goggle876565_jpg,1
c_005386_jpg.jpg,val,c,c:005386_jpg,6
c_MX_img_180_jpg.jpg,train,c,c:MX_img_180_jpg,1
c_helmet999888_jpg.jpg,train,c,c:helmet999888_jpg,1
c_frame96--2-_jpg.jpg,train,c,c:frame96--2-_jpg,2
a_002617_jpg.jpg,train,a,a:002617_jpg,8
a_000487_jpg.jpg,train,a,a:000487_jpg,9
a_003345_jpg.jpg,train,a,a:003345_jpg,6
a_000603_jpg.jpg,val,a,a:000603_jpg,2
b_ppe_0259_jpg.jpg,train,b,b:ppe_0259_jpg,6
a_001381_jpg.jpg,train,a,a:001381_jpg,5
c_packing923_jpg.jpg,train,c,c:packing923_jpg,1
c_NVR-09_Trim_new_Trim-1528_jpg.jpg,train,c,c:NVR-09_Trim_new_Trim-1528_jpg,0
c_NVR-09_Trim_new_Trim-0280_jpg.jpg,train,c,c:NVR-09_Trim_new_Trim-0280_jpg,0
c_PP02img170_jpg.jpg,test,c,c:PP02img170_jpg,4
c_packing829_jpg.jpg,train,c,c:packing829_jpg,1
a_004927_jpg.jpg,train,a,a:004927_jpg,1
c_kp617_jpg.jpg,val,c,c:kp617_jpg,2
a_004390_jpg.jpg,train,a,a:004390_jpg,7
b_ppe_0420_jpg.jpg,train,b,b:ppe_0420_jpg,1
c_kp1633_jpg.jpg,train,c,c:kp1633_jpg,2
b_image_1000_jpg.jpg,test,b,b:image_1000_jpg,3
a_001947_jpg.jpg,val,a,a:001947_jpg,2
a_006171_jpg.jpg,val,a,a:006171_jpg,6
c_PP02img146_jpg.jpg,test,c,c:PP02img146_jpg,2
c_IMG_4921-2_mp4-50_jpg.jpg,train,c,c:IMG_4921-2_mp4-50_jpg,1
c_helmet999771_jpg.jpg,train,c,c:helmet999771_jpg,1
c_kp363_jpg.jpg,train,c,c:kp363_jpg,1
c_N5h_img_244_jpg.jpg,train,c,c:N5h_img_244_jpg,1
c_PP02img1466_jpg.jpg,train,c,c:PP02img1466_jpg,3
c_005357_jpg.jpg,train,c,c:005357_jpg,2
a_000001_jpg.jpg,val,a,a:000001_jpg,2
c_img117_jpg.jpg,train,c,c:img117_jpg,5
c_kp79_jpg.jpg,test,c,c:kp79_jpg,1
c_kp1242_jpg.jpg,train,c,c:kp1242_jpg,1
b_Video1_47_jpg.jpg,train,b,b:Video1_47_jpg,6
c_frame1218_jpg.jpg,test,c,c:frame1218_jpg,0
c_PPE_Data_233_jpg.jpg,train,c,c:PPE_Data_233_jpg,2
c_kp1116_jpg.jpg,train,c,c:kp1116_jpg,1
c_kp746_jpg.jpg,train,c,c:kp746_jpg,1
a_001180_jpg.jpg,train,a,a:001180_jpg,8
a_000469_jpg.jpg,train,a,a:000469_jpg,1
b_ppe_1259_jpg.jpg,train,b,b:ppe_1259_jpg,10
c_nglovpp264_jpg.jpg,val,c,c:nglovpp264_jpg,4
b_Video3_275_jpg.jpg,test,b,b:Video3_275_jpg,5
c_nglovpp261_jpg.jpg,train,c,c:nglovpp261_jpg,3
c_PPE_Data_125_jpg.jpg,train,c,c:PPE_Data_125_jpg,1
c_frame3837_jpg.jpg,val,c,c:frame3837_jpg,3
c_fglov126_jpg.jpg,train,c,c:fglov126_jpg,3
c_MX_img_11_jpg.jpg,train,c,c:MX_img_11_jpg,1
c_img450_jpg.jpg,val,c,c:img450_jpg,4
c_IMG_4921-2_mp4-8_jpg.jpg,train,c,c:IMG_4921-2_mp4-8_jpg,1
c_PP02img1462_jpg.jpg,train,c,c:PP02img1462_jpg,5
a_004414_jpg.jpg,train,a,a:004414_jpg,1
a_006198_jpg.jpg,train,a,a:006198_jpg,1
c_NX_img_10_jpg.jpg,val,c,c:NX_img_10_jpg,1
a_000063_jpg.jpg,train,a,a:000063_jpg,2
a_002495_jpg.jpg,val,a,a:002495_jpg,14
c_p113153_jpg.jpg,train,c,c:p113153_jpg,1
c_kp840_jpg.jpg,train,c,c:kp840_jpg,1
c_packing1178_jpg.jpg,val,c,c:packing1178_jpg,1
c_nglovpp247_jpg.jpg,train,c,c:nglovpp247_jpg,5
c_helmet999738_jpg.jpg,train,c,c:helmet999738_jpg,1
c_packing868_jpg.jpg,val,c,c:packing868_jpg,3
c_packing112_jpg.jpg,train,c,c:packing112_jpg,2
b_ppe_1263_jpg.jpg,train,b,b:ppe_1263_jpg,2
c_helmet999665_jpg.jpg,train,c,c:helmet999665_jpg,1
c_Nhh_img_88_jpg.jpg,train,c,c:Nhh_img_88_jpg,1
b_r135_jpg.jpg,test,b,b:r135_jpg,2
b_Video1_194_jpg.jpg,train,b,b:Video1_194_jpg,4
b_image_1187_jpg.jpg,train,b,b:image_1187_jpg,3
c_N5h_img_128_jpg.jpg,train,c,c:N5h_img_128_jpg,1
c_PP02img617_jpg.jpg,train,c,c:PP02img617_jpg,5
c_frame52_jpg.jpg,test,c,c:frame52_jpg,0
c_frame1070_jpg.jpg,train,c,c:frame1070_jpg,0
c_packing1600_jpg.jpg,train,c,c:packing1600_jpg,3
b_Video3_121_jpg.jpg,train,b,b:Video3_121_jpg,4
b_image_1486_jpg.jpg,train,b,b:image_1486_jpg,6
a_000255_jpg.jpg,train,a,a:000255_jpg,3
c_nglov118_jpg.jpg,val,c,c:nglov118_jpg,3
c_kp939_jpg.jpg,train,c,c:kp939_jpg,1
c_frame35_jpg.jpg,train,c,c:frame35_jpg,2
c_frame105_jpg.jpg,val,c,c:frame105_jpg,1
b_ppe_0715_jpg.jpg,train,b,b:ppe_0715_jpg,6
a_000884_jpg.jpg,val,a,a:000884_jpg,2
c_packing1527_jpg.jpg,train,c,c:packing1527_jpg,3
a_001384_jpg.jpg,train,a,a:001384_jpg,1
c_packing1599_jpg.jpg,val,c,c:packing1599_jpg,2
c_nglov27_jpg.jpg,test,c,c:nglov27_jpg,2
c_frame1170_jpg.jpg,test,c,c:frame1170_jpg,0
c_kp982_jpg.jpg,train,c,c:kp982_jpg,1
c_frame2875_jpg.jpg,train,c,c:frame2875_jpg,4
b_image_674_jpg.jpg,train,b,b:image_674_jpg,2
c_PP02img1119_jpg.jpg,train,c,c:PP02img1119_jpg,5
c_helmet999885_jpg.jpg,train,c,c:helmet999885_jpg,1
c_Inside-merge_mov-23_jpg.jpg,train,c,c:Inside-merge_mov-23_jpg,0
c_PP02img102_jpg.jpg,test,c,c:PP02img102_jpg,5
a_001326_jpg.jpg,train,a,a:001326_jpg,6
c_p11326_jpg.jpg,test,c,c:p11326_jpg,2
b_ppe_0402_jpg.jpg,val,b,b:ppe_0402_jpg,2
c_kp1117_jpg.jpg,train,c,c:kp1117_jpg,1
c_frame2309_jpg.jpg,train,c,c:frame2309_jpg,0
c_nglovpp389_jpg.jpg,train,c,c:nglovpp389_jpg,1
c_kp545_jpg.jpg,train,c,c:kp545_jpg,2
b_image_1218_jpg.jpg,train,b,b:image_1218_jpg,1
a_000301_jpg.jpg,train,a,a:000301_jpg,5
a_003171_jpg.jpg,train,a,a:003171_jpg,6
c_img315_jpg.jpg,train,c,c:img315_jpg,3
c_kp135_jpg.jpg,val,c,c:kp135_jpg,2
c_kp383_jpg.jpg,train,c,c:kp383_jpg,1
a_006793_jpg.jpg,train,a,a:006793_jpg,5
c_packing1403_jpg.jpg,train,c,c:packing1403_jpg,2
c_IMG_4920_mov-19_jpg.jpg,train,c,c:IMG_4920_mov-19_jpg,1
c_kp1492_jpg.jpg,train,c,c:kp1492_jpg,1
c_kp1630_jpg.jpg,train,c,c:kp1630_jpg,2
c_helmet999674_jpg.jpg,train,c,c:helmet999674_jpg,1
a_005142_jpg.jpg,val,a,a:005142_jpg,7
c_PP02img1363_jpg.jpg,train,c,c:PP02img1363_jpg,5
b_image_814_jpg.jpg,train,b,b:image_814_jpg,1
c_frame181_jpg.jpg,test,c,c:frame181_jpg,1
c_frame2144_jpg.jpg,val,c,c:frame2144_jpg,0
a_005337_jpg.jpg,train,a,a:005337_jpg,3
c_packing1097_jpg.jpg,val,c,c:packing1097_jpg,1
b_ppe_0835_jpg.jpg,train,b,b:ppe_0835_jpg,6
c_PP02img1465_jpg.jpg,val,c,c:PP02img1465_jpg,4
b_image_444_jpg.jpg,val,b,b:image_444_jpg,3
b_ppe_0018_jpg.jpg,test,b,b:ppe_0018_jpg,4
c_kp1941_jpg.jpg,val,c,c:kp1941_jpg,1
a_005244_jpg.jpg,train,a,a:005244_jpg,1
c_Mask2_mov-22_jpg.jpg,val,c,c:Mask2_mov-22_jpg,1
c_kp1386_jpg.jpg,train,c,c:kp1386_jpg,1
a_002382_jpg.jpg,train,a,a:002382_jpg,5
c_packing1407_jpg.jpg,train,c,c:packing1407_jpg,2
b_ppe_0295_jpg.jpg,test,b,b:ppe_0295_jpg,2
c_kp829_jpg.jpg,train,c,c:kp829_jpg,1
c_packing1262_jpg.jpg,train,c,c:packing1262_jpg,1
c_IMG_4921-2_mp4-103_jpg.jpg,train,c,c:IMG_4921-2_mp4-103_jpg,1
c_PP02img589_jpg.jpg,train,c,c:PP02img589_jpg,5
a_001665_jpg.jpg,train,a,a:001665_jpg,3
a_000455_jpg.jpg,train,a,a:000455_jpg,2
c_packing1831_jpg.jpg,train,c,c:packing1831_jpg,2
c_PXL_20210930_151817708_jpg.jpg,train,c,c:PXL_20210930_151817708_jpg,1
c_frame188_jpg.jpg,train,c,c:frame188_jpg,1
c_kp1998_jpg.jpg,val,c,c:kp1998_jpg,1
c_frame2303_jpg.jpg,train,c,c:frame2303_jpg,2
c_PP02img1134_jpg.jpg,val,c,c:PP02img1134_jpg,4
b_image_1361_jpg.jpg,val,b,b:image_1361_jpg,4
c_kp1373_jpg.jpg,train,c,c:kp1373_jpg,1
c_PP02img1217_jpg.jpg,val,c,c:PP02img1217_jpg,4
c_kp248_jpg.jpg,train,c,c:kp248_jpg,1
a_001650_jpg.jpg,train,a,a:001650_jpg,3
c_1288788-une-employee-aide-des-voyageurs-en-provenance-de-chine-le-26-janvier-2.jpg,train,c,c:1288788-une-employee-aide-des-voyageurs-en-provenance-de-chine-le-26-janvier-2020-a-l-aeroport-de-roissy_jpg,4
c_PP02img789_jpg.jpg,val,c,c:PP02img789_jpg,2
c_PP02img1104_jpg.jpg,train,c,c:PP02img1104_jpg,3
a_004972_jpg.jpg,train,a,a:004972_jpg,4
a_001345_jpg.jpg,train,a,a:001345_jpg,6
c_frame2644_jpg.jpg,train,c,c:frame2644_jpg,2
a_002323_jpg.jpg,train,a,a:002323_jpg,3
b_ppe_0155_jpg.jpg,train,b,b:ppe_0155_jpg,4
c_frame274_jpg.jpg,test,c,c:frame274_jpg,1
c_packing169_jpg.jpg,train,c,c:packing169_jpg,2
a_002044_jpg.jpg,train,a,a:002044_jpg,2
c_kp932_jpg.jpg,val,c,c:kp932_jpg,1
a_001414_jpg.jpg,train,a,a:001414_jpg,1
c_kp1833_jpg.jpg,val,c,c:kp1833_jpg,1
c_img39_jpg.jpg,test,c,c:img39_jpg,7
c_packing1036_jpg.jpg,train,c,c:packing1036_jpg,1
c_frame2871_jpg.jpg,train,c,c:frame2871_jpg,4
b_image_790_jpg.jpg,train,b,b:image_790_jpg,6
b_ppe_1022_jpg.jpg,train,b,b:ppe_1022_jpg,7
a_002734_jpg.jpg,train,a,a:002734_jpg,1
b_ppe_1204_jpg.jpg,train,b,b:ppe_1204_jpg,2
c_packing1121_jpg.jpg,train,c,c:packing1121_jpg,3
c_p651331_jpg.jpg,train,c,c:p651331_jpg,1
a_002004_jpg.jpg,train,a,a:002004_jpg,4
c_PP02img293_jpg.jpg,train,c,c:PP02img293_jpg,3
a_006685_jpg.jpg,train,a,a:006685_jpg,2
b_ppe_0434_jpg.jpg,val,b,b:ppe_0434_jpg,5
c_packing1593_jpg.jpg,test,c,c:packing1593_jpg,1
c_PP02img84_jpg.jpg,train,c,c:PP02img84_jpg,2
c_frame285_jpg.jpg,train,c,c:frame285_jpg,1
a_002254_jpg.jpg,train,a,a:002254_jpg,5
c_frame74--2-_jpg.jpg,train,c,c:frame74--2-_jpg,2
c_Inside-merge_mov-30_jpg.jpg,val,c,c:Inside-merge_mov-30_jpg,0
c_Inside-merge_mov-13_jpg.jpg,train,c,c:Inside-merge_mov-13_jpg,0
b_ppe_0650_jpg.jpg,val,b,b:ppe_0650_jpg,6
a_000756_jpg.jpg,train,a,a:000756_jpg,3
c_PPE_Data_179_jpg.jpg,train,c,c:PPE_Data_179_jpg,4
c_img310_jpg.jpg,train,c,c:img310_jpg,4
c_005523_jpg.jpg,train,c,c:005523_jpg,2
c_nglov120_jpg.jpg,test,c,c:nglov120_jpg,4
c_PPE_Data_38_jpg.jpg,val,c,c:PPE_Data_38_jpg,2
c_kp1499_jpg.jpg,train,c,c:kp1499_jpg,1
c_PPE_Data_536_jpg.jpg,train,c,c:PPE_Data_536_jpg,2
b_ppe_0525_jpg.jpg,test,b,b:ppe_0525_jpg,2
c_packing1485_jpg.jpg,val,c,c:packing1485_jpg,1
c_PPE_Data_70_jpg.jpg,train,c,c:PPE_Data_70_jpg,2
a_003962_jpg.jpg,train,a,a:003962_jpg,1
a_003968_jpg.jpg,train,a,a:003968_jpg,2
c_nglovpp343_jpg.jpg,train,c,c:nglovpp343_jpg,1
b_Photin0001_jpg.jpg,train,b,b:Photin0001_jpg,1
a_000994_jpg.jpg,val,a,a:000994_jpg,3
c_kp26_jpg.jpg,train,c,c:kp26_jpg,2
c_frame299_jpg.jpg,val,c,c:frame299_jpg,1
c_p651353_jpg.jpg,train,c,c:p651353_jpg,1
b_ppe_0501_jpg.jpg,train,b,b:ppe_0501_jpg,2
c_packing604_jpg.jpg,train,c,c:packing604_jpg,2
b_ppe_0564_jpg.jpg,train,b,b:ppe_0564_jpg,7
c_kp68_jpg.jpg,val,c,c:kp68_jpg,2
c_PPE_Data_247_jpg.jpg,train,c,c:PPE_Data_247_jpg,2
a_005473_jpg.jpg,train,a,a:005473_jpg,1
c_packing1206_jpg.jpg,train,c,c:packing1206_jpg,1
c_kp89_jpg.jpg,train,c,c:kp89_jpg,1
a_002195_jpg.jpg,train,a,a:002195_jpg,5
c_img35_jpg.jpg,train,c,c:img35_jpg,3
c_kp133_jpg.jpg,val,c,c:kp133_jpg,2
c_nglovpp3142_jpg.jpg,train,c,c:nglovpp3142_jpg,1
c_N5h_img_213_jpg.jpg,train,c,c:N5h_img_213_jpg,1
a_006768_jpg.jpg,train,a,a:006768_jpg,9
c_img79_jpg.jpg,val,c,c:img79_jpg,3
c_packing1155_jpg.jpg,val,c,c:packing1155_jpg,1
c_PP02img31_jpg.jpg,test,c,c:PP02img31_jpg,3
c_MX_img_9_jpg.jpg,train,c,c:MX_img_9_jpg,1
c_packing779_jpg.jpg,train,c,c:packing779_jpg,1
c_helmet9991006_jpg.jpg,test,c,c:helmet9991006_jpg,1
c_stock-photo-mother-and-her-daughter-walking-go-to-school-with-wearing-a-protec.jpg,train,c,c:stock-photo-mother-and-her-daughter-walking-go-to-school-with-wearing-a-protection-mask-against-pm-air-1346870465_jpg,2
c_PP02img1422_jpg.jpg,train,c,c:PP02img1422_jpg,5
c_packing1244_jpg.jpg,train,c,c:packing1244_jpg,1
a_002104_jpg.jpg,train,a,a:002104_jpg,3
b_ppe_0722_jpg.jpg,train,b,b:ppe_0722_jpg,2
a_000828_jpg.jpg,train,a,a:000828_jpg,8
c_packing722_jpg.jpg,val,c,c:packing722_jpg,1
b_ppe_0570_jpg.jpg,train,b,b:ppe_0570_jpg,3
a_004093_jpg.jpg,train,a,a:004093_jpg,2
c_packing956_jpg.jpg,train,c,c:packing956_jpg,2
c_kp1183_jpg.jpg,train,c,c:kp1183_jpg,1
c_p11328_jpg.jpg,train,c,c:p11328_jpg,2
a_006630_jpg.jpg,train,a,a:006630_jpg,1
c_goggle8765118_jpg.jpg,train,c,c:goggle8765118_jpg,1
b_ppe_0616_jpg.jpg,train,b,b:ppe_0616_jpg,11
a_003845_jpg.jpg,train,a,a:003845_jpg,2
c_PP02img1360_jpg.jpg,val,c,c:PP02img1360_jpg,5
c_kp595_jpg.jpg,val,c,c:kp595_jpg,2
a_006975_jpg.jpg,train,a,a:006975_jpg,2
c_Inside-merge_mov-25_jpg.jpg,train,c,c:Inside-merge_mov-25_jpg,0
a_004502_jpg.jpg,train,a,a:004502_jpg,13
b_image_1521_jpg.jpg,train,b,b:image_1521_jpg,1
a_000460_jpg.jpg,train,a,a:000460_jpg,5
c_helmet999880_jpg.jpg,train,c,c:helmet999880_jpg,1
c_nglov194_jpg.jpg,test,c,c:nglov194_jpg,3
c_frame81--3-_jpg.jpg,train,c,c:frame81--3-_jpg,2
c_helmet9991057_jpg.jpg,train,c,c:helmet9991057_jpg,1
c_helmet999921_jpg.jpg,val,c,c:helmet999921_jpg,2
c_frame3912_jpg.jpg,test,c,c:frame3912_jpg,2
b_image_838_jpg.jpg,val,b,b:image_838_jpg,5
a_006313_jpg.jpg,train,a,a:006313_jpg,7
c_1029731146_jpg.jpg,test,c,c:1029731146_jpg,4
c_PP02img670_jpg.jpg,train,c,c:PP02img670_jpg,1
c_frame543_jpg.jpg,train,c,c:frame543_jpg,2
c_PP02img152_jpg.jpg,val,c,c:PP02img152_jpg,3
c_packing780_jpg.jpg,train,c,c:packing780_jpg,1
c_packing851_jpg.jpg,val,c,c:packing851_jpg,1
c_helmet999591_jpg.jpg,val,c,c:helmet999591_jpg,1
b_Video1_180_jpg.jpg,train,b,b:Video1_180_jpg,4
a_000110_jpg.jpg,train,a,a:000110_jpg,6
c_Inside-merge_mov-54_jpg.jpg,train,c,c:Inside-merge_mov-54_jpg,0
c_IMG_4921-2_mp4-75_jpg.jpg,train,c,c:IMG_4921-2_mp4-75_jpg,1
a_003133_jpg.jpg,train,a,a:003133_jpg,1
c_p651310_jpg.jpg,train,c,c:p651310_jpg,1
b_image_1585_jpg.jpg,val,b,b:image_1585_jpg,6
c_kp1227_jpg.jpg,train,c,c:kp1227_jpg,1
c_PP02img1124_jpg.jpg,train,c,c:PP02img1124_jpg,4
a_001762_jpg.jpg,val,a,a:001762_jpg,2
b_ppe_0153_jpg.jpg,train,b,b:ppe_0153_jpg,4
a_005101_jpg.jpg,val,a,a:005101_jpg,5
c_frame3821_jpg.jpg,train,c,c:frame3821_jpg,3
a_004496_jpg.jpg,train,a,a:004496_jpg,1
c_packing883_jpg.jpg,train,c,c:packing883_jpg,1
c_N5h_img_200_jpg.jpg,train,c,c:N5h_img_200_jpg,2
a_002644_jpg.jpg,train,a,a:002644_jpg,1
b_Twalv0995_jpg.jpg,test,b,b:Twalv0995_jpg,1
c_img236_jpg.jpg,train,c,c:img236_jpg,5
a_000862_jpg.jpg,train,a,a:000862_jpg,4
c_kp57_jpg.jpg,train,c,c:kp57_jpg,1
c_packing1858_jpg.jpg,train,c,c:packing1858_jpg,1
b_ppe_1041_jpg.jpg,test,b,b:ppe_1041_jpg,2
c_p651319_jpg.jpg,train,c,c:p651319_jpg,1
c_PP02img1484_jpg.jpg,train,c,c:PP02img1484_jpg,3
a_004401_jpg.jpg,train,a,a:004401_jpg,3
c_mask-wearing-1632939984654_png_jpg.jpg,val,c,c:mask-wearing-1632939984654_png_jpg,1
c_kp1978_jpg.jpg,train,c,c:kp1978_jpg,1
b_Video4_46_jpg.jpg,train,b,b:Video4_46_jpg,4
c_NVR-09_Trim_new_Trim-1529_jpg.jpg,val,c,c:NVR-09_Trim_new_Trim-1529_jpg,0
c_kp308_jpg.jpg,train,c,c:kp308_jpg,1
a_002618_jpg.jpg,train,a,a:002618_jpg,1
b_image_1341_jpg.jpg,train,b,b:image_1341_jpg,1
c_packing1388_jpg.jpg,val,c,c:packing1388_jpg,1
c_PP02img873_jpg.jpg,train,c,c:PP02img873_jpg,1
a_001246_jpg.jpg,train,a,a:001246_jpg,3
a_001556_jpg.jpg,val,a,a:001556_jpg,2
c_PP02img89_jpg.jpg,train,c,c:PP02img89_jpg,3
a_004086_jpg.jpg,train,a,a:004086_jpg,3
c_packing1202_jpg.jpg,train,c,c:packing1202_jpg,1
a_003638_jpg.jpg,train,a,a:003638_jpg,6
a_003154_jpg.jpg,train,a,a:003154_jpg,1
c_PP02img75_jpg.jpg,val,c,c:PP02img75_jpg,3
c_fglov1147_jpg.jpg,train,c,c:fglov1147_jpg,4
c_nglov26_jpg.jpg,train,c,c:nglov26_jpg,2
c_MX_img_152_jpg.jpg,val,c,c:MX_img_152_jpg,1
b_image_634_jpg.jpg,train,b,b:image_634_jpg,3
c_packing1575_jpg.jpg,train,c,c:packing1575_jpg,1
c_img328_jpg.jpg,train,c,c:img328_jpg,6
c_packing1068_jpg.jpg,train,c,c:packing1068_jpg,2
b_ppe_1031_jpg.jpg,train,b,b:ppe_1031_jpg,4
c_packing645_jpg.jpg,train,c,c:packing645_jpg,1
c_kp948_jpg.jpg,val,c,c:kp948_jpg,1
c_goggle87655_jpg.jpg,val,c,c:goggle87655_jpg,5
a_004812_jpg.jpg,test,a,a:004812_jpg,7
b_image_664_jpg.jpg,test,b,b:image_664_jpg,3
c_frame1217_jpg.jpg,train,c,c:frame1217_jpg,0
c_kp1382_jpg.jpg,train,c,c:kp1382_jpg,1
c_frame54--2-_jpg.jpg,val,c,c:frame54--2-_jpg,2
c_nglovpp2168_jpg.jpg,test,c,c:nglovpp2168_jpg,5
c_PP02img736_jpg.jpg,train,c,c:PP02img736_jpg,3
a_004666_jpg.jpg,train,a,a:004666_jpg,4
c_005522_jpg.jpg,train,c,c:005522_jpg,1
a_001266_jpg.jpg,train,a,a:001266_jpg,3
a_006835_jpg.jpg,val,a,a:006835_jpg,3
b_ppe_0545_jpg.jpg,train,b,b:ppe_0545_jpg,8
b_image_513_jpg.jpg,train,b,b:image_513_jpg,2
c_packing1838_jpg.jpg,train,c,c:packing1838_jpg,1
a_001888_jpg.jpg,train,a,a:001888_jpg,7
c_PPE_Data_442_jpg.jpg,val,c,c:PPE_Data_442_jpg,2
a_001720_jpg.jpg,train,a,a:001720_jpg,5
b_ppe_0017_jpg.jpg,train,b,b:ppe_0017_jpg,2
a_006599_jpg.jpg,train,a,a:006599_jpg,12
c_frame248_jpg.jpg,train,c,c:frame248_jpg,1
c_packing1840_jpg.jpg,val,c,c:packing1840_jpg,1
b_ppe_0778_jpg.jpg,val,b,b:ppe_0778_jpg,6
a_003109_jpg.jpg,train,a,a:003109_jpg,1
a_003935_jpg.jpg,val,a,a:003935_jpg,2
c_helmet999841_jpg.jpg,train,c,c:helmet999841_jpg,1
a_005357_jpg.jpg,test,a,a:005357_jpg,2
c_IMG_4921-2_mp4-33_jpg.jpg,train,c,c:IMG_4921-2_mp4-33_jpg,1
c_PPE_Data_532_jpg.jpg,val,c,c:PPE_Data_532_jpg,4
a_000390_jpg.jpg,train,a,a:000390_jpg,2
b_ppe_0741_jpg.jpg,train,b,b:ppe_0741_jpg,4
c_kp1378_jpg.jpg,val,c,c:kp1378_jpg,1
c_helmet999609_jpg.jpg,train,c,c:helmet999609_jpg,1
c_fglov1109_jpg.jpg,train,c,c:fglov1109_jpg,5
b_ppe_0505_jpg.jpg,val,b,b:ppe_0505_jpg,4
c_PP02img105_jpg.jpg,val,c,c:PP02img105_jpg,5
c_PP02img1151_jpg.jpg,train,c,c:PP02img1151_jpg,5
c_frame3836_jpg.jpg,train,c,c:frame3836_jpg,3
a_002980_jpg.jpg,train,a,a:002980_jpg,4
c_frame3936_jpg.jpg,train,c,c:frame3936_jpg,3
c_p11342_jpg.jpg,test,c,c:p11342_jpg,1
c_helmet9991182_jpg.jpg,test,c,c:helmet9991182_jpg,1
c_PPE_Data_325_jpg.jpg,test,c,c:PPE_Data_325_jpg,2
c_IMG_4921-2_mp4-62_jpg.jpg,train,c,c:IMG_4921-2_mp4-62_jpg,1
c_PP02img513_jpg.jpg,train,c,c:PP02img513_jpg,4
c_frame1142_jpg.jpg,train,c,c:frame1142_jpg,0
c_packing1856_jpg.jpg,val,c,c:packing1856_jpg,1
a_006467_jpg.jpg,train,a,a:006467_jpg,1
b_Video2_167_jpg.jpg,train,b,b:Video2_167_jpg,5
b_ppe_0050_jpg.jpg,test,b,b:ppe_0050_jpg,3
c_PP02img1007_jpg.jpg,train,c,c:PP02img1007_jpg,3
a_001213_jpg.jpg,train,a,a:001213_jpg,2
a_006920_jpg.jpg,test,a,a:006920_jpg,8
c_goggle876533_jpg.jpg,val,c,c:goggle876533_jpg,2
c_PP02img735_jpg.jpg,train,c,c:PP02img735_jpg,3
a_007004_jpg.jpg,val,a,a:007004_jpg,6
c_packing1930_jpg.jpg,train,c,c:packing1930_jpg,1
c_packing821_jpg.jpg,train,c,c:packing821_jpg,2
c_PP02img1173_jpg.jpg,train,c,c:PP02img1173_jpg,4
c_packing343_jpg.jpg,train,c,c:packing343_jpg,1
a_001985_jpg.jpg,train,a,a:001985_jpg,1
c_frame215_jpg.jpg,train,c,c:frame215_jpg,1
a_002727_jpg.jpg,val,a,a:002727_jpg,4
c_kp1879_jpg.jpg,train,c,c:kp1879_jpg,1
a_004129_jpg.jpg,val,a,a:004129_jpg,2
c_frame2217_jpg.jpg,val,c,c:frame2217_jpg,0
b_ppe_1005_jpg.jpg,train,b,b:ppe_1005_jpg,3
a_001396_jpg.jpg,train,a,a:001396_jpg,5
c_packing1185_jpg.jpg,train,c,c:packing1185_jpg,2
c_img336_jpg.jpg,train,c,c:img336_jpg,5
c_PPE_Data_684_jpg.jpg,train,c,c:PPE_Data_684_jpg,2
c_NX_img_20_jpg.jpg,val,c,c:NX_img_20_jpg,1
a_004877_jpg.jpg,val,a,a:004877_jpg,2
c_kp33_jpg.jpg,train,c,c:kp33_jpg,2
c_kp1947_jpg.jpg,train,c,c:kp1947_jpg,1
b_image_214_jpg.jpg,train,b,b:image_214_jpg,2
c_packing309_jpg.jpg,train,c,c:packing309_jpg,1
c_packing1438_jpg.jpg,train,c,c:packing1438_jpg,2
a_006722_jpg.jpg,train,a,a:006722_jpg,3
c_kp1070_jpg.jpg,train,c,c:kp1070_jpg,1
a_003301_jpg.jpg,train,a,a:003301_jpg,3
c_packing917_jpg.jpg,val,c,c:packing917_jpg,1
c_005465_jpg.jpg,train,c,c:005465_jpg,2
a_004571_jpg.jpg,test,a,a:004571_jpg,3
b_ppe_1029_jpg.jpg,train,b,b:ppe_1029_jpg,6
a_000618_jpg.jpg,val,a,a:000618_jpg,2
a_005037_jpg.jpg,train,a,a:005037_jpg,7
c_kp1995_jpg.jpg,train,c,c:kp1995_jpg,1
c_IMG_4921-2_mp4-92_jpg.jpg,val,c,c:IMG_4921-2_mp4-92_jpg,1
c_kp762_jpg.jpg,train,c,c:kp762_jpg,1
c_frame1368_jpg.jpg,test,c,c:frame1368_jpg,0
b_ppe_0798_jpg.jpg,train,b,b:ppe_0798_jpg,6
c_kp168_jpg.jpg,test,c,c:kp168_jpg,2
c_NVR-09_Trim_new_Trim-1520_jpg.jpg,train,c,c:NVR-09_Trim_new_Trim-1520_jpg,0
c_kp1035_jpg.jpg,train,c,c:kp1035_jpg,2
b_01459_jpg.jpg,train,b,b:01459_jpg,9
c_nglovpp2116_jpg.jpg,train,c,c:nglovpp2116_jpg,4
c_MX_img_76_jpg.jpg,train,c,c:MX_img_76_jpg,1
c_kp318_jpg.jpg,train,c,c:kp318_jpg,1
b_image_259_jpg.jpg,val,b,b:image_259_jpg,1
a_006263_jpg.jpg,train,a,a:006263_jpg,5
c_kp1561_jpg.jpg,train,c,c:kp1561_jpg,2
a_003505_jpg.jpg,val,a,a:003505_jpg,7
b_ppe_1240_jpg.jpg,train,b,b:ppe_1240_jpg,4
c_img273_jpg.jpg,train,c,c:img273_jpg,3
c_frame2639_jpg.jpg,train,c,c:frame2639_jpg,2
c_w1240-p16x9-0e48e0098f6e832f27d8b581b33bbc72b9967a63_jpg.jpg,val,c,c:w1240-p16x9-0e48e0098f6e832f27d8b581b33bbc72b9967a63_jpg,2
c_fglov127_jpg.jpg,train,c,c:fglov127_jpg,4
c_frame1352_jpg.jpg,train,c,c:frame1352_jpg,0
a_000346_jpg.jpg,train,a,a:000346_jpg,1
c_helmet9991086_jpg.jpg,train,c,c:helmet9991086_jpg,1
c_helmet999716_jpg.jpg,train,c,c:helmet999716_jpg,1
c_nglovpp220_jpg.jpg,val,c,c:nglovpp220_jpg,1
b_ppe_0481_jpg.jpg,train,b,b:ppe_0481_jpg,3
a_006326_jpg.jpg,val,a,a:006326_jpg,5
c_img287_jpg.jpg,train,c,c:img287_jpg,4
c_packing717_jpg.jpg,train,c,c:packing717_jpg,1
c_MX_img_45_jpg.jpg,train,c,c:MX_img_45_jpg,1
c_PP02img882_jpg.jpg,train,c,c:PP02img882_jpg,2
c_frame3908_jpg.jpg,train,c,c:frame3908_jpg,2
c_packing80_jpg.jpg,test,c,c:packing80_jpg,1
a_005283_jpg.jpg,train,a,a:005283_jpg,5
c_frame2649_jpg.jpg,train,c,c:frame2649_jpg,2
b_images-2022-07-04T013724_jpg.jpg,test,b,b:images-2022-07-04T013724_jpg,2
c_PP02img938_jpg.jpg,train,c,c:PP02img938_jpg,1
a_003381_jpg.jpg,train,a,a:003381_jpg,11
c_packing1633_jpg.jpg,test,c,c:packing1633_jpg,2
a_004811_jpg.jpg,train,a,a:004811_jpg,1
b_ppe_0188_jpg.jpg,train,b,b:ppe_0188_jpg,2
a_005185_jpg.jpg,test,a,a:005185_jpg,9
c_PP02img937_jpg.jpg,train,c,c:PP02img937_jpg,1
c_N5h_img_248_jpg.jpg,train,c,c:N5h_img_248_jpg,1
b_image_166_jpg.jpg,train,b,b:image_166_jpg,6
a_004729_jpg.jpg,test,a,a:004729_jpg,7
b_ppe_1309_jpg.jpg,val,b,b:ppe_1309_jpg,3
a_006561_jpg.jpg,train,a,a:006561_jpg,3
a_006738_jpg.jpg,train,a,a:006738_jpg,4
a_003733_jpg.jpg,train,a,a:003733_jpg,1
c_kp1177_jpg.jpg,train,c,c:kp1177_jpg,1
b_AightOne0967_jpg.jpg,test,b,b:AightOne0967_jpg,1
c_MX_img_41_jpg.jpg,train,c,c:MX_img_41_jpg,1
a_005249_jpg.jpg,val,a,a:005249_jpg,2
b_ppe_1061_jpg.jpg,train,b,b:ppe_1061_jpg,2
c_005373_jpg.jpg,train,c,c:005373_jpg,6
c_packing1095_jpg.jpg,train,c,c:packing1095_jpg,1
a_002975_jpg.jpg,train,a,a:002975_jpg,8
c_p656213175_jpg.jpg,train,c,c:p656213175_jpg,1
c_PP02img155_jpg.jpg,test,c,c:PP02img155_jpg,3
c_img265_jpg.jpg,train,c,c:img265_jpg,4
b_image_1134_jpg.jpg,test,b,b:image_1134_jpg,2
c_helmet9991092_jpg.jpg,train,c,c:helmet9991092_jpg,1
a_000089_jpg.jpg,train,a,a:000089_jpg,3
b_ppe_1243_jpg.jpg,train,b,b:ppe_1243_jpg,8
a_003736_jpg.jpg,test,a,a:003736_jpg,6
c_packing1199_jpg.jpg,train,c,c:packing1199_jpg,1
c_helmet999802_jpg.jpg,train,c,c:helmet999802_jpg,1
a_001399_jpg.jpg,train,a,a:001399_jpg,4
c_p651360_jpg.jpg,train,c,c:p651360_jpg,1
c_kp887_jpg.jpg,train,c,c:kp887_jpg,1
c_packing25_jpg.jpg,val,c,c:packing25_jpg,3
a_006623_jpg.jpg,train,a,a:006623_jpg,11
c_kp105_jpg.jpg,test,c,c:kp105_jpg,1
c_goggle8765192_jpg.jpg,train,c,c:goggle8765192_jpg,4
c_RZXE24HFK5GSVKVSN57VCVPQ4M_jpg.jpg,train,c,c:RZXE24HFK5GSVKVSN57VCVPQ4M_jpg,9
a_004798_jpg.jpg,train,a,a:004798_jpg,2
a_000893_jpg.jpg,val,a,a:000893_jpg,5
c_frame529_jpg.jpg,test,c,c:frame529_jpg,1
a_001737_jpg.jpg,val,a,a:001737_jpg,2
c_MX_img_75_jpg.jpg,train,c,c:MX_img_75_jpg,1
a_001193_jpg.jpg,train,a,a:001193_jpg,3
c_PP02img42_jpg.jpg,val,c,c:PP02img42_jpg,7
c_kp853_jpg.jpg,train,c,c:kp853_jpg,1
a_002292_jpg.jpg,val,a,a:002292_jpg,5
c_packing1597_jpg.jpg,train,c,c:packing1597_jpg,4
c_kp423_jpg.jpg,train,c,c:kp423_jpg,1
c_PP02img390_jpg.jpg,val,c,c:PP02img390_jpg,4
b_image_401_jpg.jpg,train,b,b:image_401_jpg,3
c_frame311_jpg.jpg,train,c,c:frame311_jpg,1
c_kp1485_jpg.jpg,train,c,c:kp1485_jpg,1
a_003640_jpg.jpg,train,a,a:003640_jpg,2
c_Mask2_mov-26_jpg.jpg,train,c,c:Mask2_mov-26_jpg,1
c_frame1143_jpg.jpg,train,c,c:frame1143_jpg,0
c_frame3761_jpg.jpg,train,c,c:frame3761_jpg,3
a_002532_jpg.jpg,train,a,a:002532_jpg,10
c_kp1869_jpg.jpg,train,c,c:kp1869_jpg,1
c_packing54_jpg.jpg,train,c,c:packing54_jpg,2
c_packing732_jpg.jpg,train,c,c:packing732_jpg,1
c_PP02img481_jpg.jpg,val,c,c:PP02img481_jpg,5
c_PP02img769_jpg.jpg,test,c,c:PP02img769_jpg,5
b_Video4_238_jpg.jpg,train,b,b:Video4_238_jpg,4
a_006242_jpg.jpg,train,a,a:006242_jpg,3
a_001538_jpg.jpg,train,a,a:001538_jpg,1
c_packing1197_jpg.jpg,train,c,c:packing1197_jpg,1
a_002519_jpg.jpg,train,a,a:002519_jpg,6
c_kp449_jpg.jpg,test,c,c:kp449_jpg,1
a_002773_jpg.jpg,train,a,a:002773_jpg,3
c_kp1901_jpg.jpg,train,c,c:kp1901_jpg,1
c_PP02img1299_jpg.jpg,train,c,c:PP02img1299_jpg,1
c_kp681_jpg.jpg,train,c,c:kp681_jpg,1
c_PP02img613_jpg.jpg,train,c,c:PP02img613_jpg,6
c_004_1024_jpeg_jpg.jpg,test,c,c:004_1024_jpeg_jpg,1
c_15h_img_298_jpg.jpg,train,c,c:15h_img_298_jpg,1
c_packing831_jpg.jpg,train,c,c:packing831_jpg,2
b_ppe_0989_jpg.jpg,train,b,b:ppe_0989_jpg,8
c_PP02img77_jpg.jpg,train,c,c:PP02img77_jpg,2
b_image_82_jpg.jpg,val,b,b:image_82_jpg,6
a_005797_jpg.jpg,train,a,a:005797_jpg,3
c_kp1942_jpg.jpg,test,c,c:kp1942_jpg,1
c_kp606_jpg.jpg,train,c,c:kp606_jpg,2
c_NVR-09_Trim_new_Trim-1530_jpg.jpg,val,c,c:NVR-09_Trim_new_Trim-1530_jpg,0
b_image_1509_jpg.jpg,train,b,b:image_1509_jpg,9
c_fglov135_jpg.jpg,train,c,c:fglov135_jpg,7
c_packing864_jpg.jpg,train,c,c:packing864_jpg,2
a_000019_jpg.jpg,val,a,a:000019_jpg,5
a_006831_jpg.jpg,train,a,a:006831_jpg,2
c_15h_img_277_jpg.jpg,train,c,c:15h_img_277_jpg,1
a_000079_jpg.jpg,train,a,a:000079_jpg,1
c_frame751_jpg.jpg,train,c,c:frame751_jpg,1
b_ppe_0493_jpg.jpg,train,b,b:ppe_0493_jpg,4
a_005544_jpg.jpg,train,a,a:005544_jpg,12
c_frame55--2-_jpg.jpg,train,c,c:frame55--2-_jpg,2
c_kp1102_jpg.jpg,train,c,c:kp1102_jpg,1
c_IMG_4920_mov-3_jpg.jpg,val,c,c:IMG_4920_mov-3_jpg,1
c_nglovpp339_jpg.jpg,train,c,c:nglovpp339_jpg,2
c_kp1708_jpg.jpg,val,c,c:kp1708_jpg,1
c_kp475_jpg.jpg,val,c,c:kp475_jpg,1
c_packing1479_jpg.jpg,train,c,c:packing1479_jpg,2
c_helmet9991218_jpg.jpg,test,c,c:helmet9991218_jpg,1
b_image_284_jpg.jpg,train,b,b:image_284_jpg,3
b_Video4_44_jpg.jpg,train,b,b:Video4_44_jpg,4
c_N5h_img_247_jpg.jpg,train,c,c:N5h_img_247_jpg,1
c_PPE_Data_604_jpg.jpg,train,c,c:PPE_Data_604_jpg,3
a_001242_jpg.jpg,train,a,a:001242_jpg,1
b_ppe_0908_jpg.jpg,train,b,b:ppe_0908_jpg,6
c_packing229_jpg.jpg,train,c,c:packing229_jpg,3
c_PP02img295_jpg.jpg,val,c,c:PP02img295_jpg,2
c_helmet999647_jpg.jpg,train,c,c:helmet999647_jpg,1
a_004312_jpg.jpg,val,a,a:004312_jpg,2
c_PP02img303_jpg.jpg,train,c,c:PP02img303_jpg,4
a_005343_jpg.jpg,train,a,a:005343_jpg,5
c_frame454_jpg.jpg,train,c,c:frame454_jpg,0
b_TsirinOne0027_jpg.jpg,train,b,b:TsirinOne0027_jpg,6
b_ppe_0617_jpg.jpg,val,b,b:ppe_0617_jpg,2
a_004228_jpg.jpg,train,a,a:004228_jpg,1
c_Nhh_img_155_jpg.jpg,val,c,c:Nhh_img_155_jpg,2
c_PP02img1230_jpg.jpg,train,c,c:PP02img1230_jpg,2
c_packing810_jpg.jpg,train,c,c:packing810_jpg,1
a_002289_jpg.jpg,val,a,a:002289_jpg,2
a_005878_jpg.jpg,train,a,a:005878_jpg,3
a_002626_jpg.jpg,test,a,a:002626_jpg,6
c_MX_img_15_jpg.jpg,train,c,c:MX_img_15_jpg,1
a_001120_jpg.jpg,test,a,a:001120_jpg,6
c_PP02img1_jpg.jpg,train,c,c:PP02img1_jpg,7
b_ppe_0611_jpg.jpg,val,b,b:ppe_0611_jpg,4
a_005541_jpg.jpg,val,a,a:005541_jpg,4
c_kp1704_jpg.jpg,test,c,c:kp1704_jpg,1
c_IMG_4921-2_mp4-70_jpg.jpg,train,c,c:IMG_4921-2_mp4-70_jpg,1
b_image_669_jpg.jpg,val,b,b:image_669_jpg,2
a_001299_jpg.jpg,train,a,a:001299_jpg,1
c_kp703_jpg.jpg,val,c,c:kp703_jpg,1
a_001643_jpg.jpg,train,a,a:001643_jpg,9
a_000153_jpg.jpg,train,a,a:000153_jpg,1
c_005524_jpg.jpg,val,c,c:005524_jpg,2
c_packing1286_jpg.jpg,train,c,c:packing1286_jpg,2
b_image_103_jpg.jpg,train,b,b:image_103_jpg,3
c_frame180_jpg.jpg,val,c,c:frame180_jpg,1
a_003491_jpg.jpg,test,a,a:003491_jpg,10
a_003581_jpg.jpg,train,a,a:003581_jpg,1
c_PPE_Data_349_jpg.jpg,val,c,c:PPE_Data_349_jpg,3
b_ppe_0179_jpg.jpg,train,b,b:ppe_0179_jpg,2
c_frame91--3-_jpg.jpg,train,c,c:frame91--3-_jpg,2
b_image_1699_jpg.jpg,train,b,b:image_1699_jpg,3
c_p113161_jpg.jpg,test,c,c:p113161_jpg,1
c_PP02img1100_jpg.jpg,train,c,c:PP02img1100_jpg,3
c_kp485_jpg.jpg,train,c,c:kp485_jpg,1
c_PPE_Data_146_jpg.jpg,train,c,c:PPE_Data_146_jpg,4
c_packing1129_jpg.jpg,train,c,c:packing1129_jpg,2
c_packing1553_jpg.jpg,train,c,c:packing1553_jpg,2
b_ppe_0115_jpg.jpg,val,b,b:ppe_0115_jpg,2
b_ppe_0618_jpg.jpg,val,b,b:ppe_0618_jpg,4
c_PP02img1218_jpg.jpg,train,c,c:PP02img1218_jpg,4
c_img435_jpg.jpg,val,c,c:img435_jpg,2
b_image_1101_jpg.jpg,val,b,b:image_1101_jpg,3
c_1580128422_jpg.jpg,train,c,c:1580128422_jpg,4
c_kp891_jpg.jpg,train,c,c:kp891_jpg,1
c_helmet9991021_jpg.jpg,test,c,c:helmet9991021_jpg,1
a_003485_jpg.jpg,train,a,a:003485_jpg,9
b_ppe_1028_jpg.jpg,val,b,b:ppe_1028_jpg,3
c_nglovpp227_jpg.jpg,train,c,c:nglovpp227_jpg,4
a_005378_jpg.jpg,val,a,a:005378_jpg,12
c_PP02img1045_jpg.jpg,train,c,c:PP02img1045_jpg,3
c_p113165_jpg.jpg,val,c,c:p113165_jpg,1
c_PP02img1391_jpg.jpg,train,c,c:PP02img1391_jpg,2
c_kp1079_jpg.jpg,test,c,c:kp1079_jpg,1
c_kp1900_jpg.jpg,train,c,c:kp1900_jpg,1
c_mask-wearing-1632938044674_png_jpg.jpg,val,c,c:mask-wearing-1632938044674_png_jpg,1
c_frame95--2-_jpg.jpg,val,c,c:frame95--2-_jpg,2
c_kp1372_jpg.jpg,train,c,c:kp1372_jpg,1
b_00014_jpg.jpg,train,b,b:00014_jpg,3
a_004883_jpg.jpg,train,a,a:004883_jpg,1
c_packing630_jpg.jpg,train,c,c:packing630_jpg,2
c_frame278_jpg.jpg,train,c,c:frame278_jpg,1
b_image_1295_jpg.jpg,train,b,b:image_1295_jpg,1
a_003592_jpg.jpg,val,a,a:003592_jpg,2
a_006061_jpg.jpg,train,a,a:006061_jpg,10
c_PP02img197_jpg.jpg,train,c,c:PP02img197_jpg,3
c_kp147_jpg.jpg,train,c,c:kp147_jpg,1
c_nglovpp2107_jpg.jpg,train,c,c:nglovpp2107_jpg,3
c_nglov148_jpg.jpg,val,c,c:nglov148_jpg,2
c_PP02img309_jpg.jpg,val,c,c:PP02img309_jpg,4
a_001735_jpg.jpg,train,a,a:001735_jpg,1
a_000514_jpg.jpg,train,a,a:000514_jpg,4
a_005697_jpg.jpg,val,a,a:005697_jpg,5
a_000982_jpg.jpg,train,a,a:000982_jpg,8
c_helmet999743_jpg.jpg,train,c,c:helmet999743_jpg,1
c_packing316_jpg.jpg,val,c,c:packing316_jpg,1
c_kp1625_jpg.jpg,test,c,c:kp1625_jpg,1
a_006796_jpg.jpg,train,a,a:006796_jpg,3
a_005363_jpg.jpg,train,a,a:005363_jpg,4
c_frame1163_jpg.jpg,train,c,c:frame1163_jpg,1
b_ppe_1123_jpg.jpg,train,b,b:ppe_1123_jpg,2
c_PP02img491_jpg.jpg,train,c,c:PP02img491_jpg,4
a_005788_jpg.jpg,train,a,a:005788_jpg,1
c_kp1095_jpg.jpg,test,c,c:kp1095_jpg,2
c_img90_jpg.jpg,train,c,c:img90_jpg,4
c_N5h_img_192_jpg.jpg,train,c,c:N5h_img_192_jpg,2
b_ppe_0881_jpg.jpg,train,b,b:ppe_0881_jpg,5
b_ppe_0940_jpg.jpg,test,b,b:ppe_0940_jpg,3
a_006953_jpg.jpg,val,a,a:006953_jpg,2
a_000160_jpg.jpg,train,a,a:000160_jpg,8
c_kp1568_jpg.jpg,train,c,c:kp1568_jpg,2
c_N5h_img_28_jpg.jpg,train,c,c:N5h_img_28_jpg,1
a_002135_jpg.jpg,val,a,a:002135_jpg,5
a_002738_jpg.jpg,train,a,a:002738_jpg,1
c_mask-wearing-1632937802824_png_jpg.jpg,val,c,c:mask-wearing-1632937802824_png_jpg,1
c_frame525_jpg.jpg,train,c,c:frame525_jpg,0
c_frame1322_jpg.jpg,train,c,c:frame1322_jpg,2
a_004678_jpg.jpg,train,a,a:004678_jpg,10
c_fglov165_jpg.jpg,train,c,c:fglov165_jpg,4
c_PP02img748_jpg.jpg,test,c,c:PP02img748_jpg,3
c_packing955_jpg.jpg,train,c,c:packing955_jpg,1
c_phppaNXxb_jpg.jpg,train,c,c:phppaNXxb_jpg,8
a_005241_jpg.jpg,train,a,a:005241_jpg,3
c_packing1660_jpg.jpg,train,c,c:packing1660_jpg,1
c_frame3817_jpg.jpg,train,c,c:frame3817_jpg,3
a_004284_jpg.jpg,train,a,a:004284_jpg,10
c_Mask2_mov-38_jpg.jpg,train,c,c:Mask2_mov-38_jpg,1
c_kp20_jpg.jpg,train,c,c:kp20_jpg,2
a_003612_jpg.jpg,train,a,a:003612_jpg,4
a_002440_jpg.jpg,train,a,a:002440_jpg,4
c_frame1273_jpg.jpg,train,c,c:frame1273_jpg,0
c_PP02img827_jpg.jpg,train,c,c:PP02img827_jpg,2
c_frame1514_jpg.jpg,train,c,c:frame1514_jpg,3
c_PP02img1175_jpg.jpg,train,c,c:PP02img1175_jpg,4
c_PP02img71_jpg.jpg,train,c,c:PP02img71_jpg,3
c_img451_jpg.jpg,train,c,c:img451_jpg,4
c_kp333_jpg.jpg,train,c,c:kp333_jpg,1
c_005301_jpg.jpg,train,c,c:005301_jpg,5
c_PP02img482_jpg.jpg,test,c,c:PP02img482_jpg,4
c_kp1918_jpg.jpg,train,c,c:kp1918_jpg,1
c_IMG_4921-2_mp4-21_jpg.jpg,val,c,c:IMG_4921-2_mp4-21_jpg,1
c_frame2143_jpg.jpg,train,c,c:frame2143_jpg,0
c_PPE_Data_335_jpg.jpg,train,c,c:PPE_Data_335_jpg,2
c_kp896_jpg.jpg,train,c,c:kp896_jpg,1
c_kp153_jpg.jpg,train,c,c:kp153_jpg,1
c_helmet999806_jpg.jpg,train,c,c:helmet999806_jpg,1
c_frame1204_jpg.jpg,train,c,c:frame1204_jpg,0
c_helmet999856_jpg.jpg,train,c,c:helmet999856_jpg,1
c_nglovpp280_jpg.jpg,val,c,c:nglovpp280_jpg,3
c_mask-wearing-1632933614506_png_jpg.jpg,train,c,c:mask-wearing-1632933614506_png_jpg,1
c_PP02img1127_jpg.jpg,test,c,c:PP02img1127_jpg,2
a_005875_jpg.jpg,train,a,a:005875_jpg,1
c_kp747_jpg.jpg,train,c,c:kp747_jpg,1
c_p65213146_jpg.jpg,train,c,c:p65213146_jpg,1
a_002315_jpg.jpg,train,a,a:002315_jpg,1
a_005275_jpg.jpg,train,a,a:005275_jpg,7
c_packing1207_jpg.jpg,val,c,c:packing1207_jpg,1
c_helmet999673_jpg.jpg,train,c,c:helmet999673_jpg,1
a_001114_jpg.jpg,train,a,a:001114_jpg,1
a_006668_jpg.jpg,train,a,a:006668_jpg,1
c_nglovpp285_jpg.jpg,train,c,c:nglovpp285_jpg,4
a_003819_jpg.jpg,train,a,a:003819_jpg,1
a_002829_jpg.jpg,train,a,a:002829_jpg,1
c_frame2951_jpg.jpg,train,c,c:frame2951_jpg,2
a_006212_jpg.jpg,train,a,a:006212_jpg,5
b_download-3-_jpeg_jpg.jpg,train,b,b:download-3-_jpeg_jpg,4
a_003993_jpg.jpg,val,a,a:003993_jpg,5
c_kp1620_jpg.jpg,test,c,c:kp1620_jpg,1
a_003508_jpg.jpg,test,a,a:003508_jpg,4
b_image_1705_jpg.jpg,train,b,b:image_1705_jpg,3
a_002451_jpg.jpg,val,a,a:002451_jpg,2
a_005898_jpg.jpg,val,a,a:005898_jpg,2
a_003464_jpg.jpg,train,a,a:003464_jpg,14
a_002763_jpg.jpg,train,a,a:002763_jpg,2
c_nglov186_jpg.jpg,test,c,c:nglov186_jpg,3
c_PP02img484_jpg.jpg,test,c,c:PP02img484_jpg,5
c_kp187_jpg.jpg,train,c,c:kp187_jpg,1
a_006470_jpg.jpg,test,a,a:006470_jpg,4
c_PP02img1457_jpg.jpg,train,c,c:PP02img1457_jpg,4
a_005922_jpg.jpg,val,a,a:005922_jpg,2
c_PP02img906_jpg.jpg,train,c,c:PP02img906_jpg,1
a_007041_jpg.jpg,val,a,a:007041_jpg,2
a_003335_jpg.jpg,train,a,a:003335_jpg,1
c_005395_jpg.jpg,train,c,c:005395_jpg,3
b_ppe_0353_jpg.jpg,train,b,b:ppe_0353_jpg,12
c_frame2866_jpg.jpg,train,c,c:frame2866_jpg,4
c_img339_jpg.jpg,train,c,c:img339_jpg,3
c_PP02img907_jpg.jpg,train,c,c:PP02img907_jpg,1
c_kp412_jpg.jpg,val,c,c:kp412_jpg,1
c_p11340_jpg.jpg,test,c,c:p11340_jpg,2
c_packing531_jpg.jpg,train,c,c:packing531_jpg,1
c_PP02img499_jpg.jpg,test,c,c:PP02img499_jpg,5
a_001970_jpg.jpg,train,a,a:001970_jpg,7
c_PPE_Data_540_jpg.jpg,test,c,c:PPE_Data_540_jpg,2
a_000719_jpg.jpg,test,a,a:000719_jpg,4
c_PP02img1036_jpg.jpg,test,c,c:PP02img1036_jpg,3
c_MX_img_106_jpg.jpg,train,c,c:MX_img_106_jpg,1
a_006830_jpg.jpg,train,a,a:006830_jpg,13
c_nglovpp2133_jpg.jpg,train,c,c:nglovpp2133_jpg,1
c_helmet999697_jpg.jpg,train,c,c:helmet999697_jpg,1
c_MX_img_43_jpg.jpg,train,c,c:MX_img_43_jpg,1
a_006135_jpg.jpg,train,a,a:006135_jpg,2
a_002545_jpg.jpg,train,a,a:002545_jpg,10
c_PP02img1426_jpg.jpg,test,c,c:PP02img1426_jpg,3
b_Aitin0907_jpg.jpg,train,b,b:Aitin0907_jpg,3
c_kp462_jpg.jpg,train,c,c:kp462_jpg,1
c_helmet999584_jpg.jpg,val,c,c:helmet999584_jpg,1
a_003139_jpg.jpg,val,a,a:003139_jpg,7
b_ppe_0785_jpg.jpg,train,b,b:ppe_0785_jpg,6
c_kp495_jpg.jpg,val,c,c:kp495_jpg,1
b_ppe_0285_jpg.jpg,train,b,b:ppe_0285_jpg,2
b_ppe_0729_jpg.jpg,train,b,b:ppe_0729_jpg,8
c_nglovpp232_jpg.jpg,train,c,c:nglovpp232_jpg,4
b_images-2022-07-04T013721_jpg.jpg,test,b,b:images-2022-07-04T013721_jpg,1
a_000752_jpg.jpg,train,a,a:000752_jpg,5
c_packing542_jpg.jpg,train,c,c:packing542_jpg,1
c_packing1141_jpg.jpg,train,c,c:packing1141_jpg,2
c_IMG_4920_mov-12_jpg.jpg,train,c,c:IMG_4920_mov-12_jpg,1
c_PP02img950_jpg.jpg,train,c,c:PP02img950_jpg,2
c_nglovpp254_jpg.jpg,train,c,c:nglovpp254_jpg,3
c_kp1110_jpg.jpg,train,c,c:kp1110_jpg,1
a_003225_jpg.jpg,train,a,a:003225_jpg,1
c_helmet9991198_jpg.jpg,train,c,c:helmet9991198_jpg,1
b_ppe_1227_jpg.jpg,train,b,b:ppe_1227_jpg,6
c_kp1912_jpg.jpg,train,c,c:kp1912_jpg,1
c_fglov1154_jpg.jpg,train,c,c:fglov1154_jpg,4
b_image_744_jpg.jpg,train,b,b:image_744_jpg,3
a_005780_jpg.jpg,train,a,a:005780_jpg,4
b_ppe_0152_jpg.jpg,train,b,b:ppe_0152_jpg,3
c_PP02img991_jpg.jpg,train,c,c:PP02img991_jpg,1
c_packing1053_jpg.jpg,train,c,c:packing1053_jpg,1
c_kp522_jpg.jpg,train,c,c:kp522_jpg,2
b_image_943_jpg.jpg,train,b,b:image_943_jpg,6
c_Mask2_mov-56_jpg.jpg,val,c,c:Mask2_mov-56_jpg,1
a_004464_jpg.jpg,train,a,a:004464_jpg,1
c_kp9_jpg.jpg,train,c,c:kp9_jpg,2
a_001866_jpg.jpg,train,a,a:001866_jpg,7
c_Nhh_img_139_jpg.jpg,train,c,c:Nhh_img_139_jpg,1
c_PP02img956_jpg.jpg,train,c,c:PP02img956_jpg,1
c_kp1405_jpg.jpg,test,c,c:kp1405_jpg,1
c_005468_jpg.jpg,train,c,c:005468_jpg,1
b_ppe_0880_jpg.jpg,train,b,b:ppe_0880_jpg,2
a_003358_jpg.jpg,train,a,a:003358_jpg,1
c_kp685_jpg.jpg,val,c,c:kp685_jpg,1
b_image_633_jpg.jpg,val,b,b:image_633_jpg,3
c_frame77--3-_jpg.jpg,train,c,c:frame77--3-_jpg,2
a_005250_jpg.jpg,train,a,a:005250_jpg,3
a_002088_jpg.jpg,train,a,a:002088_jpg,5
c_mask-wearing-1632937842914_png_jpg.jpg,val,c,c:mask-wearing-1632937842914_png_jpg,1
c_packing1021_jpg.jpg,train,c,c:packing1021_jpg,2
c_MX_img_187_jpg.jpg,train,c,c:MX_img_187_jpg,1
a_005236_jpg.jpg,train,a,a:005236_jpg,2
a_001908_jpg.jpg,train,a,a:001908_jpg,11
a_000839_jpg.jpg,train,a,a:000839_jpg,1
a_001102_jpg.jpg,train,a,a:001102_jpg,4
c_frame1301--2-_jpg.jpg,val,c,c:frame1301--2-_jpg,0
c_kp1253_jpg.jpg,train,c,c:kp1253_jpg,1
c_PP02img56_jpg.jpg,train,c,c:PP02img56_jpg,4
c_packing1601_jpg.jpg,train,c,c:packing1601_jpg,3
c_packing1746_jpg.jpg,train,c,c:packing1746_jpg,1
c_goggle876562_jpg.jpg,train,c,c:goggle876562_jpg,1
a_004328_jpg.jpg,train,a,a:004328_jpg,9
c_p65213140_jpg.jpg,train,c,c:p65213140_jpg,1
c_p65621340_jpg.jpg,val,c,c:p65621340_jpg,1
c_PPE_Data_608_jpg.jpg,test,c,c:PPE_Data_608_jpg,2
c_helmet9991160_jpg.jpg,train,c,c:helmet9991160_jpg,1
a_003286_jpg.jpg,train,a,a:003286_jpg,4
c_packing26_jpg.jpg,train,c,c:packing26_jpg,1
c_nglov99_jpg.jpg,val,c,c:nglov99_jpg,2
c_mask-wearing-1632939940998_png_jpg.jpg,train,c,c:mask-wearing-1632939940998_png_jpg,1
a_006988_jpg.jpg,train,a,a:006988_jpg,6
c_p113139_jpg.jpg,train,c,c:p113139_jpg,1
c_PPE_Data_122_jpg.jpg,train,c,c:PPE_Data_122_jpg,1
c_Nhh_img_168_jpg.jpg,train,c,c:Nhh_img_168_jpg,1
c_Nhh_img_199_jpg.jpg,train,c,c:Nhh_img_199_jpg,1
c_N5h_img_101_jpg.jpg,test,c,c:N5h_img_101_jpg,2
c_PP02img1184_jpg.jpg,val,c,c:PP02img1184_jpg,3
c_nglovpp347_jpg.jpg,train,c,c:nglovpp347_jpg,1
b_image_1799_jpg.jpg,val,b,b:image_1799_jpg,3
c_nglov174_jpg.jpg,train,c,c:nglov174_jpg,3
c_kp155_jpg.jpg,test,c,c:kp155_jpg,1
c_PP02img138_jpg.jpg,train,c,c:PP02img138_jpg,2
c_packing639_jpg.jpg,train,c,c:packing639_jpg,1
b_images-2022-07-04T013853_jpg.jpg,train,b,b:images-2022-07-04T013853_jpg,1
c_N5h_img_24_jpg.jpg,train,c,c:N5h_img_24_jpg,1
c_PP02img660_jpg.jpg,train,c,c:PP02img660_jpg,3
c_frame634_jpg.jpg,train,c,c:frame634_jpg,0
b_image_53_jpg.jpg,train,b,b:image_53_jpg,2
c_img314_jpg.jpg,train,c,c:img314_jpg,3
a_004657_jpg.jpg,train,a,a:004657_jpg,1
a_001847_jpg.jpg,val,a,a:001847_jpg,2
c_PP02img620_jpg.jpg,train,c,c:PP02img620_jpg,4
c_p113193_jpg.jpg,test,c,c:p113193_jpg,1
c_kp526_jpg.jpg,train,c,c:kp526_jpg,2
c_helmet999849_jpg.jpg,train,c,c:helmet999849_jpg,1
b_ppe_0442_jpg.jpg,train,b,b:ppe_0442_jpg,9
c_kp1173_jpg.jpg,train,c,c:kp1173_jpg,1
a_004559_jpg.jpg,train,a,a:004559_jpg,4
c_frame48_jpg.jpg,test,c,c:frame48_jpg,2
a_001329_jpg.jpg,train,a,a:001329_jpg,3
a_003552_jpg.jpg,train,a,a:003552_jpg,2
c_kp949_jpg.jpg,train,c,c:kp949_jpg,1
c_PP02img608_jpg.jpg,train,c,c:PP02img608_jpg,4
c_frame1291--3-_jpg.jpg,test,c,c:frame1291--3-_jpg,0
c_nglovpp297_jpg.jpg,train,c,c:nglovpp297_jpg,2
b_Twalv1139_jpg.jpg,val,b,b:Twalv1139_jpg,1
b_ppe_0698_jpg.jpg,train,b,b:ppe_0698_jpg,4
c_kp1046_jpg.jpg,train,c,c:kp1046_jpg,1
a_006942_jpg.jpg,train,a,a:006942_jpg,1
b_image_151_jpg.jpg,train,b,b:image_151_jpg,6
b_Video4_231_jpg.jpg,test,b,b:Video4_231_jpg,4
c_p65621372_jpg.jpg,train,c,c:p65621372_jpg,2
c_PP02img305_jpg.jpg,train,c,c:PP02img305_jpg,6
c_005418_jpg.jpg,val,c,c:005418_jpg,2
a_000926_jpg.jpg,train,a,a:000926_jpg,3
c_NVR-09_Trim_new_Trim-1534_jpg.jpg,train,c,c:NVR-09_Trim_new_Trim-1534_jpg,2
c_frame3781_jpg.jpg,train,c,c:frame3781_jpg,3
c_NX_img_3_jpg.jpg,train,c,c:NX_img_3_jpg,1
c_frame1267_jpg.jpg,train,c,c:frame1267_jpg,0
c_r1p00017o8171pnq407_jpg.jpg,test,c,c:r1p00017o8171pnq407_jpg,1
c_mask-wearing-1632932195300_png_jpg.jpg,train,c,c:mask-wearing-1632932195300_png_jpg,2
b_image_89_jpg.jpg,test,b,b:image_89_jpg,2
a_000909_jpg.jpg,train,a,a:000909_jpg,1
a_003107_jpg.jpg,val,a,a:003107_jpg,11
a_006351_jpg.jpg,train,a,a:006351_jpg,6
c_nglov87_jpg.jpg,train,c,c:nglov87_jpg,1
a_005430_jpg.jpg,test,a,a:005430_jpg,2
a_000145_jpg.jpg,val,a,a:000145_jpg,2
c_kp1840_jpg.jpg,train,c,c:kp1840_jpg,1
b_image_825_jpg.jpg,train,b,b:image_825_jpg,3
c_packing1275_jpg.jpg,train,c,c:packing1275_jpg,1
a_000182_jpg.jpg,test,a,a:000182_jpg,10
c_kp1627_jpg.jpg,train,c,c:kp1627_jpg,1
a_004545_jpg.jpg,train,a,a:004545_jpg,1
a_004986_jpg.jpg,train,a,a:004986_jpg,1
a_001471_jpg.jpg,train,a,a:001471_jpg,4
a_003009_jpg.jpg,train,a,a:003009_jpg,2
a_003281_jpg.jpg,train,a,a:003281_jpg,1
a_001693_jpg.jpg,train,a,a:001693_jpg,2
c_kp161_jpg.jpg,val,c,c:kp161_jpg,1
a_005508_jpg.jpg,train,a,a:005508_jpg,1
b_Video1_229_jpg.jpg,train,b,b:Video1_229_jpg,6
c_nglovpp263_jpg.jpg,train,c,c:nglovpp263_jpg,2
b_image_364_jpg.jpg,test,b,b:image_364_jpg,3
c_kp59_jpg.jpg,train,c,c:kp59_jpg,1
c_PPE_Data_671_jpg.jpg,train,c,c:PPE_Data_671_jpg,1
b_Video3_272_jpg.jpg,train,b,b:Video3_272_jpg,4
c_kp546_jpg.jpg,val,c,c:kp546_jpg,2
c_IMG_4920_mov-5_jpg.jpg,val,c,c:IMG_4920_mov-5_jpg,1
c_helmet999769_jpg.jpg,val,c,c:helmet999769_jpg,1
a_001496_jpg.jpg,train,a,a:001496_jpg,2
c_nglov135_jpg.jpg,test,c,c:nglov135_jpg,2
a_005787_jpg.jpg,train,a,a:005787_jpg,2
a_000590_jpg.jpg,val,a,a:000590_jpg,11
a_002303_jpg.jpg,train,a,a:002303_jpg,1
b_ppe_0865_jpg.jpg,val,b,b:ppe_0865_jpg,5
c_frame131_jpg.jpg,train,c,c:frame131_jpg,1
b_images-2022-07-04T013435_jpg.jpg,train,b,b:images-2022-07-04T013435_jpg,1
c_kp539_jpg.jpg,val,c,c:kp539_jpg,2
c_0002526673_jpg.jpg,val,c,c:0002526673_jpg,2
b_ppe_0485_jpg.jpg,val,b,b:ppe_0485_jpg,3
a_001352_jpg.jpg,train,a,a:001352_jpg,1
a_003111_jpg.jpg,train,a,a:003111_jpg,9
c_kp430_jpg.jpg,train,c,c:kp430_jpg,1
c_PP02img487_jpg.jpg,train,c,c:PP02img487_jpg,7
c_frame594_jpg.jpg,test,c,c:frame594_jpg,2
c_helmet9991114_jpg.jpg,train,c,c:helmet9991114_jpg,1
c_PXL_20210930_152103790_jpg.jpg,train,c,c:PXL_20210930_152103790_jpg,1
a_004730_jpg.jpg,val,a,a:004730_jpg,8
a_000179_jpg.jpg,train,a,a:000179_jpg,1
c_PP02img1152_jpg.jpg,train,c,c:PP02img1152_jpg,7
c_p65621386_jpg.jpg,train,c,c:p65621386_jpg,1
a_000201_jpg.jpg,train,a,a:000201_jpg,6
a_001281_jpg.jpg,train,a,a:001281_jpg,3
a_002807_jpg.jpg,train,a,a:002807_jpg,5
c_nglovpp258_jpg.jpg,train,c,c:nglovpp258_jpg,3
c_packing1799_jpg.jpg,train,c,c:packing1799_jpg,1
a_003519_jpg.jpg,train,a,a:003519_jpg,2
c_PP02img577_jpg.jpg,train,c,c:PP02img577_jpg,6
c_helmet999944_jpg.jpg,train,c,c:helmet999944_jpg,1
c_packing788_jpg.jpg,train,c,c:packing788_jpg,1
b_image_1441_jpg.jpg,train,b,b:image_1441_jpg,1
a_000662_jpg.jpg,train,a,a:000662_jpg,3
a_000054_jpg.jpg,train,a,a:000054_jpg,1
b_image_1503_jpg.jpg,train,b,b:image_1503_jpg,3
c_kp1061_jpg.jpg,train,c,c:kp1061_jpg,1
c_NVR-09_Trim_new_Trim-2508_jpg.jpg,test,c,c:NVR-09_Trim_new_Trim-2508_jpg,3
c_frame595_jpg.jpg,val,c,c:frame595_jpg,2
b_ppe_0341_jpg.jpg,train,b,b:ppe_0341_jpg,2
a_005456_jpg.jpg,train,a,a:005456_jpg,6
a_001423_jpg.jpg,val,a,a:001423_jpg,10
b_image_949_jpg.jpg,val,b,b:image_949_jpg,3
c_kp1829_jpg.jpg,train,c,c:kp1829_jpg,2
c_frame431_jpg.jpg,train,c,c:frame431_jpg,0
b_image_624_jpg.jpg,val,b,b:image_624_jpg,3
b_Aitin3205_jpg.jpg,train,b,b:Aitin3205_jpg,20
b_ppe_1278_jpg.jpg,train,b,b:ppe_1278_jpg,2
b_image_533_jpg.jpg,test,b,b:image_533_jpg,3
c_kp1902_jpg.jpg,test,c,c:kp1902_jpg,1
c_packing941_jpg.jpg,train,c,c:packing941_jpg,1
c_N5h_img_231_jpg.jpg,train,c,c:N5h_img_231_jpg,1
c_N5h_img_74_jpg.jpg,train,c,c:N5h_img_74_jpg,1
c_packing757_jpg.jpg,train,c,c:packing757_jpg,1
b_Tan0745745_jpg.jpg,val,b,b:Tan0745745_jpg,4
c_kp1447_jpg.jpg,train,c,c:kp1447_jpg,1
a_000461_jpg.jpg,train,a,a:000461_jpg,2
b_ppe_0721_jpg.jpg,val,b,b:ppe_0721_jpg,4
a_003056_jpg.jpg,train,a,a:003056_jpg,4
c_PPE_Data_253_jpg.jpg,test,c,c:PPE_Data_253_jpg,1
a_005008_jpg.jpg,train,a,a:005008_jpg,2
a_006111_jpg.jpg,val,a,a:006111_jpg,5
a_002116_jpg.jpg,train,a,a:002116_jpg,3
c_PP02img148_jpg.jpg,val,c,c:PP02img148_jpg,5
c_goggle8765111_jpg.jpg,train,c,c:goggle8765111_jpg,2
a_000133_jpg.jpg,train,a,a:000133_jpg,2
b_00126_jpg.jpg,val,b,b:00126_jpg,4
c_packing1715_jpg.jpg,val,c,c:packing1715_jpg,2
c_Mask2_mov-4_jpg.jpg,val,c,c:Mask2_mov-4_jpg,1
a_002324_jpg.jpg,train,a,a:002324_jpg,5
c_packing252_jpg.jpg,val,c,c:packing252_jpg,1
c_frame1304_jpg.jpg,train,c,c:frame1304_jpg,1
c_kp114_jpg.jpg,val,c,c:kp114_jpg,1
c_img329_jpg.jpg,val,c,c:img329_jpg,3
c_PP02img1276_jpg.jpg,test,c,c:PP02img1276_jpg,3
c_packing94_jpg.jpg,train,c,c:packing94_jpg,1
a_001397_jpg.jpg,train,a,a:001397_jpg,3
b_image_1733_jpg.jpg,train,b,b:image_1733_jpg,2
a_000229_jpg.jpg,train,a,a:000229_jpg,2
c_packing1780_jpg.jpg,train,c,c:packing1780_jpg,1
c_packing548_jpg.jpg,train,c,c:packing548_jpg,2
a_002220_jpg.jpg,train,a,a:002220_jpg,9
c_005360_jpg.jpg,val,c,c:005360_jpg,8
c_frame1152_jpg.jpg,train,c,c:frame1152_jpg,1
b_image_683_jpg.jpg,train,b,b:image_683_jpg,3
a_006518_jpg.jpg,train,a,a:006518_jpg,1
c_kp299_jpg.jpg,train,c,c:kp299_jpg,1
c_kp870_jpg.jpg,train,c,c:kp870_jpg,1
b_ppe_0712_jpg.jpg,train,b,b:ppe_0712_jpg,4
c_helmet9991094_jpg.jpg,train,c,c:helmet9991094_jpg,1
b_image_87_jpg.jpg,train,b,b:image_87_jpg,3
b_Video2_164_jpg.jpg,train,b,b:Video2_164_jpg,4
a_001148_jpg.jpg,train,a,a:001148_jpg,1
a_000940_jpg.jpg,train,a,a:000940_jpg,6
c_kp255_jpg.jpg,val,c,c:kp255_jpg,1
c_PP02img1314_jpg.jpg,train,c,c:PP02img1314_jpg,6
c_N5h_img_18_jpg.jpg,train,c,c:N5h_img_18_jpg,1
b_ppe_1207_jpg.jpg,train,b,b:ppe_1207_jpg,8
c_img453_jpg.jpg,val,c,c:img453_jpg,4
c_frame3806_jpg.jpg,val,c,c:frame3806_jpg,3
a_001897_jpg.jpg,train,a,a:001897_jpg,3
b_ppe_0644_jpg.jpg,test,b,b:ppe_0644_jpg,2
a_001610_jpg.jpg,val,a,a:001610_jpg,2
a_003532_jpg.jpg,train,a,a:003532_jpg,4
c_frame3805_jpg.jpg,train,c,c:frame3805_jpg,3
a_000499_jpg.jpg,train,a,a:000499_jpg,1
c_frame2946_jpg.jpg,val,c,c:frame2946_jpg,2
c_NVR-09_Trim_new_Trim-2505_jpg.jpg,test,c,c:NVR-09_Trim_new_Trim-2505_jpg,3
c_PPE_Data_509_jpg.jpg,train,c,c:PPE_Data_509_jpg,0
c_kp1247_jpg.jpg,train,c,c:kp1247_jpg,1
c_PP02img462_jpg.jpg,train,c,c:PP02img462_jpg,4
a_004821_jpg.jpg,train,a,a:004821_jpg,1
c_nglovpp312_jpg.jpg,train,c,c:nglovpp312_jpg,1
c_Nhh_img_176_jpg.jpg,train,c,c:Nhh_img_176_jpg,1
b_ppe_1215_jpg.jpg,train,b,b:ppe_1215_jpg,4
c_packing1995_jpg.jpg,train,c,c:packing1995_jpg,1
c_helmet999585_jpg.jpg,train,c,c:helmet999585_jpg,1
c_frame478_jpg.jpg,train,c,c:frame478_jpg,0
a_001015_jpg.jpg,train,a,a:001015_jpg,1
a_000355_jpg.jpg,train,a,a:000355_jpg,14
a_006394_jpg.jpg,train,a,a:006394_jpg,3
a_000601_jpg.jpg,train,a,a:000601_jpg,1
c_img271_jpg.jpg,train,c,c:img271_jpg,4
a_002926_jpg.jpg,train,a,a:002926_jpg,8
a_003563_jpg.jpg,val,a,a:003563_jpg,13
c_packing593_jpg.jpg,train,c,c:packing593_jpg,1
c_p65621369_jpg.jpg,test,c,c:p65621369_jpg,1
a_005712_jpg.jpg,train,a,a:005712_jpg,1
c_PP02img117_jpg.jpg,test,c,c:PP02img117_jpg,5
c_kp1842_jpg.jpg,train,c,c:kp1842_jpg,1
b_Video3_21_jpg.jpg,train,b,b:Video3_21_jpg,4
a_007001_jpg.jpg,train,a,a:007001_jpg,1
a_001456_jpg.jpg,train,a,a:001456_jpg,3
c_fglov1166_jpg.jpg,train,c,c:fglov1166_jpg,4
a_001062_jpg.jpg,train,a,a:001062_jpg,3
a_005158_jpg.jpg,val,a,a:005158_jpg,2
c_PP02img220_jpg.jpg,train,c,c:PP02img220_jpg,2
c_goggle876510_jpg.jpg,val,c,c:goggle876510_jpg,3
c_PPE_Data_126_jpg.jpg,test,c,c:PPE_Data_126_jpg,2
c_helmet999759_jpg.jpg,train,c,c:helmet999759_jpg,1
a_006859_jpg.jpg,train,a,a:006859_jpg,1
a_003065_jpg.jpg,train,a,a:003065_jpg,1
c_kp563_jpg.jpg,train,c,c:kp563_jpg,2
b_ppe_0893_jpg.jpg,train,b,b:ppe_0893_jpg,3
c_nglov54_jpg.jpg,train,c,c:nglov54_jpg,2
a_000920_jpg.jpg,train,a,a:000920_jpg,2
b_images-2022-07-04T013920_jpg.jpg,val,b,b:images-2022-07-04T013920_jpg,2
c_kp611_jpg.jpg,val,c,c:kp611_jpg,2
c_PP02img214_jpg.jpg,val,c,c:PP02img214_jpg,4
c_packing193_jpg.jpg,train,c,c:packing193_jpg,1
c_kp1570_jpg.jpg,val,c,c:kp1570_jpg,1
c_packing1387_jpg.jpg,train,c,c:packing1387_jpg,1
c_IMG_4921-2_mp4-100_jpg.jpg,train,c,c:IMG_4921-2_mp4-100_jpg,1
c_mask-wearing-1632931952049_png_jpg.jpg,train,c,c:mask-wearing-1632931952049_png_jpg,2
c_PP02img718_jpg.jpg,train,c,c:PP02img718_jpg,3
b_ppe_0489_jpg.jpg,val,b,b:ppe_0489_jpg,2
a_005492_jpg.jpg,train,a,a:005492_jpg,3
c_nglovpp2115_jpg.jpg,train,c,c:nglovpp2115_jpg,5
b_Video4_251_jpg.jpg,test,b,b:Video4_251_jpg,6
b_ppe_0484_jpg.jpg,train,b,b:ppe_0484_jpg,2
a_002544_jpg.jpg,train,a,a:002544_jpg,3
c_PP02img1418_jpg.jpg,train,c,c:PP02img1418_jpg,3
a_005368_jpg.jpg,train,a,a:005368_jpg,4
a_006339_jpg.jpg,train,a,a:006339_jpg,5
a_006008_jpg.jpg,train,a,a:006008_jpg,1
c_packing1778_jpg.jpg,train,c,c:packing1778_jpg,1
c_PP02img119_jpg.jpg,train,c,c:PP02img119_jpg,3
c_helmet999635_jpg.jpg,train,c,c:helmet999635_jpg,1
c_PPE_Data_237_jpg.jpg,train,c,c:PPE_Data_237_jpg,0
a_005782_jpg.jpg,train,a,a:005782_jpg,2
a_002422_jpg.jpg,train,a,a:002422_jpg,6
c_PP02img41_jpg.jpg,train,c,c:PP02img41_jpg,7
b_ppe_1202_jpg.jpg,val,b,b:ppe_1202_jpg,2
c_frame3899_jpg.jpg,val,c,c:frame3899_jpg,2
c_kp1320_jpg.jpg,train,c,c:kp1320_jpg,1
c_packing228_jpg.jpg,train,c,c:packing228_jpg,1
a_004169_jpg.jpg,train,a,a:004169_jpg,2
b_ppe_0189_jpg.jpg,train,b,b:ppe_0189_jpg,1
c_PP02img551_jpg.jpg,train,c,c:PP02img551_jpg,7
c_packing503_jpg.jpg,train,c,c:packing503_jpg,2
c_kp1254_jpg.jpg,val,c,c:kp1254_jpg,1
a_004860_jpg.jpg,train,a,a:004860_jpg,1
c_nglovpp25_jpg.jpg,train,c,c:nglovpp25_jpg,3
c_kp181_jpg.jpg,train,c,c:kp181_jpg,1
a_004041_jpg.jpg,train,a,a:004041_jpg,3
c_kp1506_jpg.jpg,train,c,c:kp1506_jpg,1
b_ppe_1045_jpg.jpg,val,b,b:ppe_1045_jpg,1
a_000520_jpg.jpg,train,a,a:000520_jpg,1
b_construction-worker1_grande_jpg.jpg,train,b,b:construction-worker1_grande_jpg,2
c_PP02img1341_jpg.jpg,train,c,c:PP02img1341_jpg,4
c_frame92--3-_jpg.jpg,train,c,c:frame92--3-_jpg,2
c_PP02img543_jpg.jpg,test,c,c:PP02img543_jpg,6
c_p113129_jpg.jpg,val,c,c:p113129_jpg,1
c_N5h_img_8_jpg.jpg,train,c,c:N5h_img_8_jpg,2
a_004617_jpg.jpg,train,a,a:004617_jpg,2
b_KakaoTalk_20221018_001605157_29_jpg.jpg,train,b,b:KakaoTalk_20221018_001605157_29_jpg,4
a_003486_jpg.jpg,test,a,a:003486_jpg,3
b_ppe_1102_jpg.jpg,train,b,b:ppe_1102_jpg,3
b_image_167_jpg.jpg,train,b,b:image_167_jpg,4
a_005560_jpg.jpg,train,a,a:005560_jpg,1
b_ppe_0191_jpg.jpg,train,b,b:ppe_0191_jpg,6
a_000888_jpg.jpg,train,a,a:000888_jpg,1
c_nglov93_jpg.jpg,train,c,c:nglov93_jpg,4
c_kp205_jpg.jpg,val,c,c:kp205_jpg,1
c_kp1054_jpg.jpg,train,c,c:kp1054_jpg,1
a_002836_jpg.jpg,train,a,a:002836_jpg,1
a_003871_jpg.jpg,train,a,a:003871_jpg,2
c_kp664_jpg.jpg,train,c,c:kp664_jpg,2
b_ppe_0243_jpg.jpg,train,b,b:ppe_0243_jpg,4
b_ppe_0753_jpg.jpg,train,b,b:ppe_0753_jpg,3
c_fglov1103_jpg.jpg,test,c,c:fglov1103_jpg,4
c_N5h_img_156_jpg.jpg,train,c,c:N5h_img_156_jpg,1
b_image_1240_jpg.jpg,train,b,b:image_1240_jpg,1
a_004350_jpg.jpg,val,a,a:004350_jpg,2
b_Video4_75_jpg.jpg,test,b,b:Video4_75_jpg,4
c_fglov1113_jpg.jpg,train,c,c:fglov1113_jpg,1
c_img403_jpg.jpg,train,c,c:img403_jpg,3
c_packing879_jpg.jpg,train,c,c:packing879_jpg,3
b_images-2022-07-04T013653_jpg.jpg,val,b,b:images-2022-07-04T013653_jpg,2
c_packing1704_jpg.jpg,train,c,c:packing1704_jpg,2
b_image_46_jpg.jpg,test,b,b:image_46_jpg,2
a_006009_jpg.jpg,train,a,a:006009_jpg,1
a_004340_jpg.jpg,train,a,a:004340_jpg,2
a_002895_jpg.jpg,train,a,a:002895_jpg,7
c_frame1302--2-_jpg.jpg,train,c,c:frame1302--2-_jpg,0
a_001806_jpg.jpg,train,a,a:001806_jpg,10
c_kp848_jpg.jpg,train,c,c:kp848_jpg,1
c_nglovpp276_jpg.jpg,train,c,c:nglovpp276_jpg,3
a_005428_jpg.jpg,train,a,a:005428_jpg,2
a_000948_jpg.jpg,val,a,a:000948_jpg,2
c_frame103--3-_jpg.jpg,val,c,c:frame103--3-_jpg,3
c_packing1389_jpg.jpg,train,c,c:packing1389_jpg,2
c_mask-wearing-1632937562274_png_jpg.jpg,test,c,c:mask-wearing-1632937562274_png_jpg,1
b_Video1_0_jpg.jpg,train,b,b:Video1_0_jpg,4
a_001799_jpg.jpg,val,a,a:001799_jpg,13
c_packing1042_jpg.jpg,train,c,c:packing1042_jpg,1
c_helmet999922_jpg.jpg,test,c,c:helmet999922_jpg,2
c_PP02img1481_jpg.jpg,train,c,c:PP02img1481_jpg,2
c_packing137_jpg.jpg,train,c,c:packing137_jpg,3
c_101d6660a8974050b613dd2e6bd59390_jpg.jpg,val,c,c:101d6660a8974050b613dd2e6bd59390_jpg,4
c_packing1383_jpg.jpg,train,c,c:packing1383_jpg,1
a_002363_jpg.jpg,train,a,a:002363_jpg,14
a_000132_jpg.jpg,train,a,a:000132_jpg,10
c_packing529_jpg.jpg,train,c,c:packing529_jpg,2
a_005156_jpg.jpg,train,a,a:005156_jpg,6
a_000802_jpg.jpg,val,a,a:000802_jpg,7
c_kp959_jpg.jpg,test,c,c:kp959_jpg,1
a_000966_jpg.jpg,train,a,a:000966_jpg,6
c_packing60_jpg.jpg,train,c,c:packing60_jpg,2
c_helmet9991041_jpg.jpg,train,c,c:helmet9991041_jpg,1
c_Nhh_img_197_jpg.jpg,train,c,c:Nhh_img_197_jpg,1
c_packing1120_jpg.jpg,train,c,c:packing1120_jpg,2
c_IMG_4920_mov-6_jpg.jpg,train,c,c:IMG_4920_mov-6_jpg,1
a_003976_jpg.jpg,val,a,a:003976_jpg,3
c_frame2_jpg.jpg,train,c,c:frame2_jpg,2
a_000959_jpg.jpg,train,a,a:000959_jpg,5
c_PPE_Data_546_jpg.jpg,test,c,c:PPE_Data_546_jpg,2
c_packing837_jpg.jpg,train,c,c:packing837_jpg,1
a_000356_jpg.jpg,train,a,a:000356_jpg,1
c_helmet9991073_jpg.jpg,train,c,c:helmet9991073_jpg,1
c_kp733_jpg.jpg,train,c,c:kp733_jpg,1
c_kp1263_jpg.jpg,val,c,c:kp1263_jpg,1
c_kp605_jpg.jpg,train,c,c:kp605_jpg,2
a_000430_jpg.jpg,train,a,a:000430_jpg,3
a_002462_jpg.jpg,train,a,a:002462_jpg,3
c_packing1099_jpg.jpg,test,c,c:packing1099_jpg,1
c_helmet9991165_jpg.jpg,train,c,c:helmet9991165_jpg,1
a_001442_jpg.jpg,train,a,a:001442_jpg,1
c_PPE_Data_170_jpg.jpg,train,c,c:PPE_Data_170_jpg,2
a_001307_jpg.jpg,train,a,a:001307_jpg,1
c_PP02img575_jpg.jpg,train,c,c:PP02img575_jpg,5
c_packing1579_jpg.jpg,train,c,c:packing1579_jpg,2
c_helmet999662_jpg.jpg,train,c,c:helmet999662_jpg,1
b_Video4_260_jpg.jpg,val,b,b:Video4_260_jpg,4
c_packing1944_jpg.jpg,train,c,c:packing1944_jpg,1
c_frame1214_jpg.jpg,test,c,c:frame1214_jpg,0
a_006583_jpg.jpg,train,a,a:006583_jpg,4
a_002620_jpg.jpg,val,a,a:002620_jpg,2
a_005394_jpg.jpg,train,a,a:005394_jpg,2
b_Twalv0282_jpg.jpg,val,b,b:Twalv0282_jpg,1
c_kp1747_jpg.jpg,val,c,c:kp1747_jpg,1
a_005457_jpg.jpg,train,a,a:005457_jpg,15
a_002870_jpg.jpg,train,a,a:002870_jpg,1
a_005315_jpg.jpg,val,a,a:005315_jpg,2
a_005461_jpg.jpg,train,a,a:005461_jpg,1
c_15h_img_290_jpg.jpg,test,c,c:15h_img_290_jpg,1
b_Video4_57_jpg.jpg,train,b,b:Video4_57_jpg,4
c_packing1580_jpg.jpg,train,c,c:packing1580_jpg,2
c_Inside-merge_mov-11_jpg.jpg,train,c,c:Inside-merge_mov-11_jpg,0
b_ppe_0586_jpg.jpg,train,b,b:ppe_0586_jpg,4
c_packing1216_jpg.jpg,train,c,c:packing1216_jpg,1
c_img192_jpg.jpg,train,c,c:img192_jpg,6
a_004635_jpg.jpg,train,a,a:004635_jpg,3
c_PP02img1397_jpg.jpg,train,c,c:PP02img1397_jpg,4
a_001934_jpg.jpg,train,a,a:001934_jpg,1
a_000431_jpg.jpg,train,a,a:000431_jpg,3
b_image_802_jpg.jpg,train,b,b:image_802_jpg,4
b_Video4_242_jpg.jpg,train,b,b:Video4_242_jpg,4
c_helmet999691_jpg.jpg,train,c,c:helmet999691_jpg,1
c_kp1981_jpg.jpg,train,c,c:kp1981_jpg,1
c_frame1630_jpg.jpg,train,c,c:frame1630_jpg,1
c_p65213160_jpg.jpg,train,c,c:p65213160_jpg,1
c_kp180_jpg.jpg,train,c,c:kp180_jpg,1
c_PP02img494_jpg.jpg,train,c,c:PP02img494_jpg,5
b_image_390_jpg.jpg,train,b,b:image_390_jpg,3
c_img165_jpg.jpg,train,c,c:img165_jpg,4
c_kp533_jpg.jpg,train,c,c:kp533_jpg,2
c_fglov16_jpg.jpg,val,c,c:fglov16_jpg,2
c_helmet999515_jpg.jpg,val,c,c:helmet999515_jpg,3
a_005917_jpg.jpg,train,a,a:005917_jpg,2
c_frame99--2-_jpg.jpg,val,c,c:frame99--2-_jpg,1
c_kp70_jpg.jpg,train,c,c:kp70_jpg,2
c_packing1425_jpg.jpg,train,c,c:packing1425_jpg,2
a_004964_jpg.jpg,train,a,a:004964_jpg,3
c_frame2215_jpg.jpg,test,c,c:frame2215_jpg,0
c_PP02img8_jpg.jpg,train,c,c:PP02img8_jpg,3
b_ppe_1226_jpg.jpg,val,b,b:ppe_1226_jpg,3
c_img268_jpg.jpg,train,c,c:img268_jpg,3
c_no-mask_mov-5_jpg.jpg,train,c,c:no-mask_mov-5_jpg,1
c_packing735_jpg.jpg,train,c,c:packing735_jpg,1
a_004279_jpg.jpg,train,a,a:004279_jpg,1
c_frame1363_jpg.jpg,val,c,c:frame1363_jpg,0
c_packing1637_jpg.jpg,train,c,c:packing1637_jpg,2
b_image_1011_jpg.jpg,test,b,b:image_1011_jpg,2
a_001932_jpg.jpg,train,a,a:001932_jpg,5
a_005237_jpg.jpg,train,a,a:005237_jpg,9
c_kp165_jpg.jpg,train,c,c:kp165_jpg,2
b_Video3_147_jpg.jpg,test,b,b:Video3_147_jpg,6
c_helmet999941_jpg.jpg,train,c,c:helmet999941_jpg,1
a_006235_jpg.jpg,train,a,a:006235_jpg,2
a_006088_jpg.jpg,train,a,a:006088_jpg,2
a_002957_jpg.jpg,val,a,a:002957_jpg,7
a_005807_jpg.jpg,train,a,a:005807_jpg,1
c_frame98--3-_jpg.jpg,train,c,c:frame98--3-_jpg,2
c_packing1406_jpg.jpg,train,c,c:packing1406_jpg,2
a_005958_jpg.jpg,train,a,a:005958_jpg,3
a_002615_jpg.jpg,train,a,a:002615_jpg,4
c_PPE_Data_667_jpg.jpg,train,c,c:PPE_Data_667_jpg,4
a_004391_jpg.jpg,val,a,a:004391_jpg,6
a_001195_jpg.jpg,train,a,a:001195_jpg,4
c_helmet999706_jpg.jpg,train,c,c:helmet999706_jpg,1
c_kp1203_jpg.jpg,val,c,c:kp1203_jpg,1
c_frame1220_jpg.jpg,train,c,c:frame1220_jpg,0
c_packing1242_jpg.jpg,train,c,c:packing1242_jpg,2
c_frame1288_jpg.jpg,train,c,c:frame1288_jpg,2
c_frame87--3-_jpg.jpg,train,c,c:frame87--3-_jpg,2
b_ppe_1317_jpg.jpg,train,b,b:ppe_1317_jpg,4
b_Video2_38_jpg.jpg,train,b,b:Video2_38_jpg,4
c_nglov23_jpg.jpg,val,c,c:nglov23_jpg,4
b_image_1226_jpg.jpg,test,b,b:image_1226_jpg,3
c_frame1325_jpg.jpg,train,c,c:frame1325_jpg,2
c_PP02img20_jpg.jpg,train,c,c:PP02img20_jpg,4
a_006578_jpg.jpg,val,a,a:006578_jpg,2
a_002960_jpg.jpg,train,a,a:002960_jpg,1
b_ppe_1210_jpg.jpg,train,b,b:ppe_1210_jpg,5
c_PP02img583_jpg.jpg,train,c,c:PP02img583_jpg,5
c_packing1783_jpg.jpg,train,c,c:packing1783_jpg,1
c_PP02img1493_jpg.jpg,train,c,c:PP02img1493_jpg,5
c_packing1742_jpg.jpg,train,c,c:packing1742_jpg,2
c_15h_img_265_jpg.jpg,val,c,c:15h_img_265_jpg,1
a_002061_jpg.jpg,train,a,a:002061_jpg,2
c_packing737_jpg.jpg,train,c,c:packing737_jpg,2
b_00173_jpg.jpg,val,b,b:00173_jpg,3
b_image_827_jpg.jpg,val,b,b:image_827_jpg,2
c_packing870_jpg.jpg,train,c,c:packing870_jpg,2
a_000144_jpg.jpg,train,a,a:000144_jpg,1
b_image_84_jpg.jpg,val,b,b:image_84_jpg,3
b_ppe_1320_jpg.jpg,train,b,b:ppe_1320_jpg,5
c_p11357_jpg.jpg,train,c,c:p11357_jpg,1
c_frame118_jpg.jpg,train,c,c:frame118_jpg,2
c_img428_jpg.jpg,train,c,c:img428_jpg,4
c_nglovpp2123_jpg.jpg,train,c,c:nglovpp2123_jpg,4
c_packing1603_jpg.jpg,train,c,c:packing1603_jpg,3
c_frame3901_jpg.jpg,test,c,c:frame3901_jpg,2
b_image_959_jpg.jpg,val,b,b:image_959_jpg,3
c_nglovpp286_jpg.jpg,train,c,c:nglovpp286_jpg,3
a_004200_jpg.jpg,train,a,a:004200_jpg,4
c_PP02img226_jpg.jpg,val,c,c:PP02img226_jpg,4
c_PP02img1345_jpg.jpg,train,c,c:PP02img1345_jpg,7
c_packing872_jpg.jpg,train,c,c:packing872_jpg,2
b_Video1_35_jpg.jpg,test,b,b:Video1_35_jpg,6
c_goggle876517_jpg.jpg,val,c,c:goggle876517_jpg,2
c_nglov25_jpg.jpg,train,c,c:nglov25_jpg,2
b_ppe_1250_jpg.jpg,train,b,b:ppe_1250_jpg,4
c_frame459_jpg.jpg,train,c,c:frame459_jpg,0
c_packing285_jpg.jpg,train,c,c:packing285_jpg,2
b_image_165_jpg.jpg,train,b,b:image_165_jpg,4
b_ppe_0599_jpg.jpg,train,b,b:ppe_0599_jpg,5
c_PPE_Data_155_jpg.jpg,train,c,c:PPE_Data_155_jpg,2
c_helmet999680_jpg.jpg,train,c,c:helmet999680_jpg,1
c_005396_jpg.jpg,train,c,c:005396_jpg,1
c_p11324_jpg.jpg,val,c,c:p11324_jpg,2
b_image_1066_jpg.jpg,test,b,b:image_1066_jpg,3
b_image_1515_jpg.jpg,train,b,b:image_1515_jpg,12
b_ppe_1156_jpg.jpg,train,b,b:ppe_1156_jpg,6
a_004236_jpg.jpg,train,a,a:004236_jpg,2
c_kp1743_jpg.jpg,train,c,c:kp1743_jpg,1
c_frame243_jpg.jpg,val,c,c:frame243_jpg,1
c_fglov1181_jpg.jpg,train,c,c:fglov1181_jpg,4
c_helmet9991180_jpg.jpg,test,c,c:helmet9991180_jpg,1
c_p65621376_jpg.jpg,test,c,c:p65621376_jpg,1
c_packing954_jpg.jpg,train,c,c:packing954_jpg,2
c_kp484_jpg.jpg,train,c,c:kp484_jpg,1
c_p65213164_jpg.jpg,val,c,c:p65213164_jpg,1
a_005038_jpg.jpg,train,a,a:005038_jpg,1
c_goggle876584_jpg.jpg,train,c,c:goggle876584_jpg,4
c_kp211_jpg.jpg,val,c,c:kp211_jpg,1
a_001371_jpg.jpg,train,a,a:001371_jpg,6
c_img296_jpg.jpg,train,c,c:img296_jpg,4
a_003883_jpg.jpg,train,a,a:003883_jpg,2
c_nglovpp3139_jpg.jpg,train,c,c:nglovpp3139_jpg,2
c_PPE_Data_127_jpg.jpg,train,c,c:PPE_Data_127_jpg,0
c_packing307_jpg.jpg,train,c,c:packing307_jpg,1
c_fglov1126_jpg.jpg,train,c,c:fglov1126_jpg,3
b_00174_jpg.jpg,val,b,b:00174_jpg,1
a_006970_jpg.jpg,train,a,a:006970_jpg,9
c_005368_jpg.jpg,train,c,c:005368_jpg,4
a_004135_jpg.jpg,train,a,a:004135_jpg,10
a_001146_jpg.jpg,train,a,a:001146_jpg,11
c_PPE_Data_52_jpg.jpg,train,c,c:PPE_Data_52_jpg,1
c_PP02img788_jpg.jpg,train,c,c:PP02img788_jpg,3
c_frame1175_jpg.jpg,test,c,c:frame1175_jpg,0
c_p65621382_jpg.jpg,train,c,c:p65621382_jpg,1
c_PP02img33_jpg.jpg,val,c,c:PP02img33_jpg,3
c_kp845_jpg.jpg,train,c,c:kp845_jpg,1
c_img227_jpg.jpg,train,c,c:img227_jpg,4
a_002490_jpg.jpg,train,a,a:002490_jpg,3
c_p113148_jpg.jpg,train,c,c:p113148_jpg,1
a_005339_jpg.jpg,train,a,a:005339_jpg,1
c_mo-justin-mask-NoMask_mov-27_jpg.jpg,train,c,c:mo-justin-mask-NoMask_mov-27_jpg,2
a_004456_jpg.jpg,train,a,a:004456_jpg,7
c_p65213178_jpg.jpg,train,c,c:p65213178_jpg,1
c_frame256_jpg.jpg,train,c,c:frame256_jpg,1
c_PPE_Data_356_jpg.jpg,train,c,c:PPE_Data_356_jpg,2
c_frame175_jpg.jpg,val,c,c:frame175_jpg,1
c_p113160_jpg.jpg,test,c,c:p113160_jpg,1
a_006476_jpg.jpg,test,a,a:006476_jpg,3
c_nglov171_jpg.jpg,train,c,c:nglov171_jpg,4
c_PP02img1307_jpg.jpg,train,c,c:PP02img1307_jpg,4
c_PP02img266_jpg.jpg,train,c,c:PP02img266_jpg,6
b_image_2_jpg.jpg,train,b,b:image_2_jpg,3
b_00125_jpg.jpg,val,b,b:00125_jpg,3
c_packing1687_jpg.jpg,train,c,c:packing1687_jpg,3
a_000552_jpg.jpg,train,a,a:000552_jpg,10
c_frame520_jpg.jpg,train,c,c:frame520_jpg,0
c_mask-wearing-1632933592327_png_jpg.jpg,train,c,c:mask-wearing-1632933592327_png_jpg,1
c_kp1210_jpg.jpg,train,c,c:kp1210_jpg,1
c_packing1128_jpg.jpg,train,c,c:packing1128_jpg,2
c_kp208_jpg.jpg,train,c,c:kp208_jpg,1
a_004141_jpg.jpg,train,a,a:004141_jpg,2
c_nglovpp2114_jpg.jpg,train,c,c:nglovpp2114_jpg,3
b_ppe_1242_jpg.jpg,train,b,b:ppe_1242_jpg,1
c_N5h_img_174_jpg.jpg,train,c,c:N5h_img_174_jpg,1
c_img91_jpg.jpg,train,c,c:img91_jpg,3
c_kp1585_jpg.jpg,train,c,c:kp1585_jpg,1
a_003583_jpg.jpg,train,a,a:003583_jpg,4
a_005226_jpg.jpg,train,a,a:005226_jpg,1
c_PP02img1482_jpg.jpg,val,c,c:PP02img1482_jpg,1
c_kp151_jpg.jpg,train,c,c:kp151_jpg,1
b_Video4_2_jpg.jpg,val,b,b:Video4_2_jpg,4
c_PP02img16_jpg.jpg,val,c,c:PP02img16_jpg,5
c_MX_img_170_jpg.jpg,val,c,c:MX_img_170_jpg,1
a_005910_jpg.jpg,train,a,a:005910_jpg,8
a_004285_jpg.jpg,train,a,a:004285_jpg,1
c_packing1089_jpg.jpg,val,c,c:packing1089_jpg,1
a_005518_jpg.jpg,test,a,a:005518_jpg,10
a_003311_jpg.jpg,val,a,a:003311_jpg,2
c_1483800496-3386248642_jpg.jpg,val,c,c:1483800496-3386248642_jpg,4
a_006265_jpg.jpg,val,a,a:006265_jpg,2
a_002852_jpg.jpg,val,a,a:002852_jpg,9
c_MX_img_56_jpg.jpg,val,c,c:MX_img_56_jpg,1
a_003094_jpg.jpg,val,a,a:003094_jpg,3
a_002922_jpg.jpg,train,a,a:002922_jpg,1
a_000486_jpg.jpg,train,a,a:000486_jpg,4
b_image_770_jpg.jpg,test,b,b:image_770_jpg,3
c_nglovpp3198_jpg.jpg,train,c,c:nglovpp3198_jpg,2
c_packing1893_jpg.jpg,train,c,c:packing1893_jpg,1
b_image_591_jpg.jpg,val,b,b:image_591_jpg,3
a_005591_jpg.jpg,train,a,a:005591_jpg,9
c_PP02img1280_jpg.jpg,val,c,c:PP02img1280_jpg,2
c_kp1039_jpg.jpg,train,c,c:kp1039_jpg,1
c_frame730_jpg.jpg,train,c,c:frame730_jpg,3
c_nglov119_jpg.jpg,val,c,c:nglov119_jpg,4
b_ppe_0740_jpg.jpg,val,b,b:ppe_0740_jpg,4
a_006704_jpg.jpg,train,a,a:006704_jpg,4
c_001_1024_jpeg_jpg.jpg,train,c,c:001_1024_jpeg_jpg,6
b_KakaoTalk_20221018_001425789_23_jpg.jpg,test,b,b:KakaoTalk_20221018_001425789_23_jpg,3
c_kp798_jpg.jpg,train,c,c:kp798_jpg,1
b_ppe_0691_jpg.jpg,train,b,b:ppe_0691_jpg,2
c_nglov4_jpg.jpg,train,c,c:nglov4_jpg,2
c_frame182_jpg.jpg,val,c,c:frame182_jpg,1
c_PP02img639_jpg.jpg,train,c,c:PP02img639_jpg,4
c_packing1069_jpg.jpg,test,c,c:packing1069_jpg,1
a_006927_jpg.jpg,val,a,a:006927_jpg,2
c_N5h_img_250_jpg.jpg,train,c,c:N5h_img_250_jpg,1
b_00000383_jpg.jpg,train,b,b:00000383_jpg,8
b_ppe_1236_jpg.jpg,train,b,b:ppe_1236_jpg,6
b_image_687_jpg.jpg,test,b,b:image_687_jpg,3
c_MX_img_101_jpg.jpg,val,c,c:MX_img_101_jpg,1
c_helmet9991170_jpg.jpg,val,c,c:helmet9991170_jpg,1
a_005415_jpg.jpg,train,a,a:005415_jpg,5
c_packing1331_jpg.jpg,train,c,c:packing1331_jpg,2
c_PP02img1498_jpg.jpg,val,c,c:PP02img1498_jpg,3
c_img384_jpg.jpg,test,c,c:img384_jpg,2
b_image_233_jpg.jpg,val,b,b:image_233_jpg,4
c_PPE_Data_134_jpg.jpg,train,c,c:PPE_Data_134_jpg,0
c_kp1992_jpg.jpg,train,c,c:kp1992_jpg,1
c_frame95--3-_jpg.jpg,test,c,c:frame95--3-_jpg,2
b_image_761_jpg.jpg,test,b,b:image_761_jpg,1
c_PP02img1275_jpg.jpg,val,c,c:PP02img1275_jpg,4
c_packing1987_jpg.jpg,train,c,c:packing1987_jpg,1
a_002955_jpg.jpg,train,a,a:002955_jpg,3
c_PP02img1389_jpg.jpg,train,c,c:PP02img1389_jpg,5
c_MX_img_138_jpg.jpg,train,c,c:MX_img_138_jpg,2
b_image_1170_jpg.jpg,train,b,b:image_1170_jpg,3
a_007050_jpg.jpg,train,a,a:007050_jpg,1
c_005471_jpg.jpg,train,c,c:005471_jpg,3
c_packing1991_jpg.jpg,val,c,c:packing1991_jpg,1
c_PP02img958_jpg.jpg,train,c,c:PP02img958_jpg,2
a_003931_jpg.jpg,train,a,a:003931_jpg,1
c_PPE_Data_511_jpg.jpg,train,c,c:PPE_Data_511_jpg,0
b_image_432_jpg.jpg,train,b,b:image_432_jpg,2
c_kp683_jpg.jpg,val,c,c:kp683_jpg,1
c_frame2600_jpg.jpg,train,c,c:frame2600_jpg,2
c_packing537_jpg.jpg,test,c,c:packing537_jpg,1
c_fglov1164_jpg.jpg,train,c,c:fglov1164_jpg,3
c_kp836_jpg.jpg,train,c,c:kp836_jpg,1
c_frame3745_jpg.jpg,train,c,c:frame3745_jpg,2
b_Twalv0611_jpg.jpg,train,b,b:Twalv0611_jpg,2
c_img242_jpg.jpg,train,c,c:img242_jpg,5
a_002635_jpg.jpg,train,a,a:002635_jpg,3
b_image_123_jpg.jpg,test,b,b:image_123_jpg,3
c_helmet999792_jpg.jpg,train,c,c:helmet999792_jpg,1
c_helmet999718_jpg.jpg,val,c,c:helmet999718_jpg,2
c_kp1976_jpg.jpg,val,c,c:kp1976_jpg,1
c_kp491_jpg.jpg,train,c,c:kp491_jpg,1
c_img361_jpg.jpg,train,c,c:img361_jpg,1
c_packing1966_jpg.jpg,train,c,c:packing1966_jpg,1
a_005971_jpg.jpg,train,a,a:005971_jpg,2
c_packing22_jpg.jpg,train,c,c:packing22_jpg,1
c_helmet999732_jpg.jpg,train,c,c:helmet999732_jpg,1
c_15h_img_281_jpg.jpg,val,c,c:15h_img_281_jpg,1
c_kp188_jpg.jpg,train,c,c:kp188_jpg,1
a_005281_jpg.jpg,train,a,a:005281_jpg,1
c_kp1279_jpg.jpg,train,c,c:kp1279_jpg,1
c_helmet999963_jpg.jpg,train,c,c:helmet999963_jpg,1
a_002640_jpg.jpg,train,a,a:002640_jpg,5
c_kp608_jpg.jpg,train,c,c:kp608_jpg,2
a_001816_jpg.jpg,train,a,a:001816_jpg,3
c_packing187_jpg.jpg,val,c,c:packing187_jpg,3
c_000b7b75-1600_jpg.jpg,train,c,c:000b7b75-1600_jpg,8
a_002000_jpg.jpg,val,a,a:002000_jpg,11
a_001661_jpg.jpg,train,a,a:001661_jpg,15
c_PP02img1260_jpg.jpg,val,c,c:PP02img1260_jpg,3
c_PP02img1332_jpg.jpg,val,c,c:PP02img1332_jpg,4
c_IMG_4921-2_mp4-58_jpg.jpg,train,c,c:IMG_4921-2_mp4-58_jpg,1
c_kp650_jpg.jpg,test,c,c:kp650_jpg,2
c_IMG_4933-HEIC_jpg.jpg,train,c,c:IMG_4933-HEIC_jpg,2
b_image_335_jpg.jpg,train,b,b:image_335_jpg,3
b_ppe_0584_jpg.jpg,train,b,b:ppe_0584_jpg,6
b_Nein5541_jpg.jpg,train,b,b:Nein5541_jpg,1
a_002358_jpg.jpg,val,a,a:002358_jpg,2
b_image_964_jpg.jpg,train,b,b:image_964_jpg,2
c_img74_jpg.jpg,train,c,c:img74_jpg,5
c_kp207_jpg.jpg,train,c,c:kp207_jpg,1
c_img391_jpg.jpg,val,c,c:img391_jpg,6
a_003391_jpg.jpg,train,a,a:003391_jpg,11
c_PP02img556_jpg.jpg,test,c,c:PP02img556_jpg,6
a_004274_jpg.jpg,val,a,a:004274_jpg,2
a_002963_jpg.jpg,train,a,a:002963_jpg,3
c_helmet999724_jpg.jpg,val,c,c:helmet999724_jpg,1
c_frame43_jpg.jpg,val,c,c:frame43_jpg,2
c_mask-wearing-1632933748025_png_jpg.jpg,train,c,c:mask-wearing-1632933748025_png_jpg,2
c_PP02img1060_jpg.jpg,train,c,c:PP02img1060_jpg,3
c_helmet999783_jpg.jpg,train,c,c:helmet999783_jpg,1
c_goggle876586_jpg.jpg,train,c,c:goggle876586_jpg,5
c_packing242_jpg.jpg,test,c,c:packing242_jpg,1
c_packing1912_jpg.jpg,train,c,c:packing1912_jpg,1
c_PP02img563_jpg.jpg,train,c,c:PP02img563_jpg,5
a_000273_jpg.jpg,val,a,a:000273_jpg,2
c_packing120_jpg.jpg,val,c,c:packing120_jpg,3
c_005531_jpg.jpg,train,c,c:005531_jpg,1
a_003681_jpg.jpg,train,a,a:003681_jpg,17
c_005370_jpg.jpg,train,c,c:005370_jpg,1
c_r1p00017o8357s6sno6_jpg.jpg,val,c,c:r1p00017o8357s6sno6_jpg,1
c_helmet999600_jpg.jpg,train,c,c:helmet999600_jpg,1
c_PP02img430_jpg.jpg,val,c,c:PP02img430_jpg,8
c_p65621344_jpg.jpg,test,c,c:p65621344_jpg,1
c_PP02img142_jpg.jpg,train,c,c:PP02img142_jpg,3
b_Video2_6_jpg.jpg,train,b,b:Video2_6_jpg,4
c_helmet9991161_jpg.jpg,train,c,c:helmet9991161_jpg,1
c_nglov10_jpg.jpg,train,c,c:nglov10_jpg,4
a_002412_jpg.jpg,train,a,a:002412_jpg,5
b_ppe_0775_jpg.jpg,train,b,b:ppe_0775_jpg,3
a_003686_jpg.jpg,train,a,a:003686_jpg,2
c_helmet999810_jpg.jpg,train,c,c:helmet999810_jpg,1
a_003088_jpg.jpg,val,a,a:003088_jpg,2
c_img122_jpg.jpg,train,c,c:img122_jpg,4
c_helmet999636_jpg.jpg,train,c,c:helmet999636_jpg,1
a_002768_jpg.jpg,train,a,a:002768_jpg,10
c_frame103--2-_jpg.jpg,test,c,c:frame103--2-_jpg,1
a_000397_jpg.jpg,train,a,a:000397_jpg,4
c_p65213155_jpg.jpg,train,c,c:p65213155_jpg,1
c_helmet999570_jpg.jpg,test,c,c:helmet999570_jpg,1
c_helmet9991096_jpg.jpg,train,c,c:helmet9991096_jpg,1
c_N5h_img_129_jpg.jpg,train,c,c:N5h_img_129_jpg,1
c_packing789_jpg.jpg,train,c,c:packing789_jpg,1
c_kp339_jpg.jpg,train,c,c:kp339_jpg,1
a_002717_jpg.jpg,train,a,a:002717_jpg,2
a_006109_jpg.jpg,train,a,a:006109_jpg,3
a_004080_jpg.jpg,train,a,a:004080_jpg,6
c_helmet9991049_jpg.jpg,train,c,c:helmet9991049_jpg,1
a_001621_jpg.jpg,test,a,a:001621_jpg,3
c_kp1632_jpg.jpg,train,c,c:kp1632_jpg,2
c_kp382_jpg.jpg,train,c,c:kp382_jpg,1
c_PP02img1321_jpg.jpg,val,c,c:PP02img1321_jpg,5
c_img414_jpg.jpg,train,c,c:img414_jpg,4
a_000119_jpg.jpg,train,a,a:000119_jpg,1
a_005073_jpg.jpg,train,a,a:005073_jpg,4
c_frame1198--2-_jpg.jpg,train,c,c:frame1198--2-_jpg,0
c_kp1024_jpg.jpg,train,c,c:kp1024_jpg,1
a_002556_jpg.jpg,train,a,a:002556_jpg,2
c_kp708_jpg.jpg,test,c,c:kp708_jpg,1
c_nglovpp364_jpg.jpg,train,c,c:nglovpp364_jpg,1
c_packing1621_jpg.jpg,train,c,c:packing1621_jpg,3
b_ppe_1088_jpg.jpg,val,b,b:ppe_1088_jpg,2
b_ppe_1094_jpg.jpg,train,b,b:ppe_1094_jpg,8
a_004649_jpg.jpg,val,a,a:004649_jpg,2
b_image_1291_jpg.jpg,train,b,b:image_1291_jpg,1
c_goggle876596_jpg.jpg,test,c,c:goggle876596_jpg,2
b_ppe_1013_jpg.jpg,val,b,b:ppe_1013_jpg,2
c_kp468_jpg.jpg,train,c,c:kp468_jpg,1
a_003372_jpg.jpg,val,a,a:003372_jpg,2
c_kp626_jpg.jpg,train,c,c:kp626_jpg,2
c_PP02img867_jpg.jpg,train,c,c:PP02img867_jpg,1
a_006461_jpg.jpg,val,a,a:006461_jpg,3
a_003251_jpg.jpg,val,a,a:003251_jpg,6
b_ppe_0385_jpg.jpg,val,b,b:ppe_0385_jpg,2
c_helmet999533_jpg.jpg,train,c,c:helmet999533_jpg,2
b_image_59_jpg.jpg,val,b,b:image_59_jpg,6
a_000045_jpg.jpg,train,a,a:000045_jpg,1
c_N5h_img_210_jpg.jpg,val,c,c:N5h_img_210_jpg,2
c_helmet999733_jpg.jpg,train,c,c:helmet999733_jpg,1
a_006896_jpg.jpg,train,a,a:006896_jpg,7
c_PPE_Data_606_jpg.jpg,train,c,c:PPE_Data_606_jpg,2
c_N5h_img_104_jpg.jpg,test,c,c:N5h_img_104_jpg,2
b_ppe_0049_jpg.jpg,train,b,b:ppe_0049_jpg,4
c_frame1149_jpg.jpg,train,c,c:frame1149_jpg,1
c_kp1887_jpg.jpg,train,c,c:kp1887_jpg,1
a_001451_jpg.jpg,train,a,a:001451_jpg,2
a_002234_jpg.jpg,train,a,a:002234_jpg,11
c_img115_jpg.jpg,train,c,c:img115_jpg,4
a_005819_jpg.jpg,train,a,a:005819_jpg,5
a_004202_jpg.jpg,train,a,a:004202_jpg,1
c_frame2872_jpg.jpg,train,c,c:frame2872_jpg,4
a_004711_jpg.jpg,train,a,a:004711_jpg,4
c_frame1629_jpg.jpg,train,c,c:frame1629_jpg,1
c_Inside-merge_mov-17_jpg.jpg,val,c,c:Inside-merge_mov-17_jpg,0
c_PP02img842_jpg.jpg,train,c,c:PP02img842_jpg,1
a_004646_jpg.jpg,val,a,a:004646_jpg,3
b_ppe_0372_jpg.jpg,train,b,b:ppe_0372_jpg,6
c_fglov1111_jpg.jpg,train,c,c:fglov1111_jpg,4
c_kp1939_jpg.jpg,train,c,c:kp1939_jpg,1
c_packing802_jpg.jpg,train,c,c:packing802_jpg,1
b_ppe_0413_jpg.jpg,val,b,b:ppe_0413_jpg,3
c_packing1006_jpg.jpg,val,c,c:packing1006_jpg,1
b_images-34-_jpg.jpg,train,b,b:images-34-_jpg,1
c_packing1880_jpg.jpg,train,c,c:packing1880_jpg,1
c_frame1432_jpg.jpg,train,c,c:frame1432_jpg,1
a_000943_jpg.jpg,train,a,a:000943_jpg,1
c_PP02img194_jpg.jpg,train,c,c:PP02img194_jpg,3
a_002825_jpg.jpg,val,a,a:002825_jpg,2
c_Mask2_mov-5_jpg.jpg,train,c,c:Mask2_mov-5_jpg,1
b_image_620_jpg.jpg,train,b,b:image_620_jpg,3
c_packing1316_jpg.jpg,train,c,c:packing1316_jpg,2
c_helmet9991152_jpg.jpg,test,c,c:helmet9991152_jpg,1
a_004823_jpg.jpg,train,a,a:004823_jpg,3
a_005867_jpg.jpg,val,a,a:005867_jpg,2
c_packing1328_jpg.jpg,train,c,c:packing1328_jpg,2
c_packing511_jpg.jpg,train,c,c:packing511_jpg,2
c_PP02img501_jpg.jpg,train,c,c:PP02img501_jpg,5
c_PP02img347_jpg.jpg,train,c,c:PP02img347_jpg,4
b_image_562_jpg.jpg,train,b,b:image_562_jpg,2
a_007037_jpg.jpg,train,a,a:007037_jpg,1
c_nglovpp38_jpg.jpg,train,c,c:nglovpp38_jpg,1
a_000801_jpg.jpg,train,a,a:000801_jpg,10
a_002002_jpg.jpg,train,a,a:002002_jpg,11
c_PP02img653_jpg.jpg,train,c,c:PP02img653_jpg,2
b_image_897_jpg.jpg,train,b,b:image_897_jpg,3
b_image_1214_jpg.jpg,val,b,b:image_1214_jpg,3
c_PP02img738_jpg.jpg,train,c,c:PP02img738_jpg,3
a_000100_jpg.jpg,train,a,a:000100_jpg,1
a_005161_jpg.jpg,train,a,a:005161_jpg,5
c_frame1333_jpg.jpg,train,c,c:frame1333_jpg,2
a_004810_jpg.jpg,train,a,a:004810_jpg,5
c_frame137--3-_jpg.jpg,test,c,c:frame137--3-_jpg,2
c_N5h_img_73_jpg.jpg,train,c,c:N5h_img_73_jpg,1
a_006502_jpg.jpg,train,a,a:006502_jpg,5
c_packing1525_jpg.jpg,train,c,c:packing1525_jpg,3
c_frame2834_jpg.jpg,train,c,c:frame2834_jpg,4
b_image_1708_jpg.jpg,test,b,b:image_1708_jpg,15
b_Video1_219_jpg.jpg,val,b,b:Video1_219_jpg,4
c_packing98_jpg.jpg,train,c,c:packing98_jpg,2
c_kp847_jpg.jpg,train,c,c:kp847_jpg,1
a_004363_jpg.jpg,val,a,a:004363_jpg,2
c_img446_jpg.jpg,train,c,c:img446_jpg,4
c_PP02img987_jpg.jpg,train,c,c:PP02img987_jpg,1
b_image_795_jpg.jpg,test,b,b:image_795_jpg,3
c_nglov152_jpg.jpg,val,c,c:nglov152_jpg,3
c_packing1943_jpg.jpg,test,c,c:packing1943_jpg,1
c_frame303_jpg.jpg,train,c,c:frame303_jpg,1
a_004372_jpg.jpg,train,a,a:004372_jpg,3
c_kp1956_jpg.jpg,train,c,c:kp1956_jpg,1
c_kp1909_jpg.jpg,train,c,c:kp1909_jpg,1
c_frame3903_jpg.jpg,train,c,c:frame3903_jpg,2
c_packing1165_jpg.jpg,train,c,c:packing1165_jpg,2
c_p65621358_jpg.jpg,test,c,c:p65621358_jpg,1
a_003441_jpg.jpg,train,a,a:003441_jpg,14
c_kp418_jpg.jpg,train,c,c:kp418_jpg,1
a_006169_jpg.jpg,train,a,a:006169_jpg,2
b_image_294_jpg.jpg,val,b,b:image_294_jpg,3
b_ppe_0873_jpg.jpg,train,b,b:ppe_0873_jpg,11
c_frame747_jpg.jpg,train,c,c:frame747_jpg,1
a_005848_jpg.jpg,test,a,a:005848_jpg,3
c_packing1609_jpg.jpg,train,c,c:packing1609_jpg,3
a_003601_jpg.jpg,train,a,a:003601_jpg,1
c_kp1820_jpg.jpg,val,c,c:kp1820_jpg,1
c_kp1073_jpg.jpg,train,c,c:kp1073_jpg,1
c_goggle876578_jpg.jpg,train,c,c:goggle876578_jpg,4
c_img101_jpg.jpg,test,c,c:img101_jpg,3
c_packing1886_jpg.jpg,train,c,c:packing1886_jpg,2
c_nglovpp270_jpg.jpg,train,c,c:nglovpp270_jpg,3
c_helmet9991220_jpg.jpg,val,c,c:helmet9991220_jpg,1
c_PPE_Data_123_jpg.jpg,val,c,c:PPE_Data_123_jpg,1
c_nglov137_jpg.jpg,train,c,c:nglov137_jpg,4
a_000931_jpg.jpg,train,a,a:000931_jpg,14
b_ppe_0709_jpg.jpg,train,b,b:ppe_0709_jpg,6
b_image_13_jpg.jpg,train,b,b:image_13_jpg,3
c_img256_jpg.jpg,val,c,c:img256_jpg,4
c_kp591_jpg.jpg,test,c,c:kp591_jpg,2
a_001500_jpg.jpg,train,a,a:001500_jpg,8
a_002682_jpg.jpg,train,a,a:002682_jpg,6
b_image_1248_jpg.jpg,train,b,b:image_1248_jpg,2
c_packing752_jpg.jpg,val,c,c:packing752_jpg,1
c_packing1638_jpg.jpg,test,c,c:packing1638_jpg,2
a_006293_jpg.jpg,val,a,a:006293_jpg,5
c_nglov94_jpg.jpg,train,c,c:nglov94_jpg,4
c_PP02img17_jpg.jpg,val,c,c:PP02img17_jpg,4
c_p65213181_jpg.jpg,train,c,c:p65213181_jpg,1
c_kp1042_jpg.jpg,train,c,c:kp1042_jpg,1
b_image_784_jpg.jpg,val,b,b:image_784_jpg,3
a_004769_jpg.jpg,train,a,a:004769_jpg,3
c_kp369_jpg.jpg,train,c,c:kp369_jpg,1
c_frame42_jpg.jpg,train,c,c:frame42_jpg,0
c_PP02img864_jpg.jpg,train,c,c:PP02img864_jpg,1
c_frame1--2-_jpg.jpg,train,c,c:frame1--2-_jpg,0
c_PPE_Data_648_jpg.jpg,train,c,c:PPE_Data_648_jpg,2
c_kp1907_jpg.jpg,train,c,c:kp1907_jpg,1
c_N5h_img_54_jpg.jpg,test,c,c:N5h_img_54_jpg,1
a_005362_jpg.jpg,train,a,a:005362_jpg,9
c_kp340_jpg.jpg,train,c,c:kp340_jpg,1
c_kp569_jpg.jpg,train,c,c:kp569_jpg,2
c_helmet9991119_jpg.jpg,train,c,c:helmet9991119_jpg,1
c_frame114_jpg.jpg,train,c,c:frame114_jpg,2
c_kp347_jpg.jpg,val,c,c:kp347_jpg,1
c_nglovpp3184_jpg.jpg,train,c,c:nglovpp3184_jpg,1
c_1580048340614_jpg.jpg,train,c,c:1580048340614_jpg,11
c_img323_jpg.jpg,train,c,c:img323_jpg,7
c_packing1495_jpg.jpg,train,c,c:packing1495_jpg,1
b_ppe_1247_jpg.jpg,train,b,b:ppe_1247_jpg,7
b_image_24_jpg.jpg,train,b,b:image_24_jpg,3
c_p65213131_jpg.jpg,train,c,c:p65213131_jpg,1
c_PP02img1368_jpg.jpg,train,c,c:PP02img1368_jpg,7
a_005323_jpg.jpg,train,a,a:005323_jpg,3
c_005447_jpg.jpg,train,c,c:005447_jpg,3
c_kp1267_jpg.jpg,train,c,c:kp1267_jpg,1
c_kp1049_jpg.jpg,train,c,c:kp1049_jpg,1
c_kp305_jpg.jpg,train,c,c:kp305_jpg,1
a_000785_jpg.jpg,train,a,a:000785_jpg,9
b_ppe_0128_jpg.jpg,train,b,b:ppe_0128_jpg,6
c_PP02img703_jpg.jpg,train,c,c:PP02img703_jpg,2
c_kp846_jpg.jpg,train,c,c:kp846_jpg,1
c_kp1481_jpg.jpg,test,c,c:kp1481_jpg,1
c_p113122_jpg.jpg,train,c,c:p113122_jpg,1
c_IMG_4921-2_mp4-83_jpg.jpg,train,c,c:IMG_4921-2_mp4-83_jpg,1
c_N5h_img_45_jpg.jpg,train,c,c:N5h_img_45_jpg,1
c_kp1349_jpg.jpg,train,c,c:kp1349_jpg,1
a_006127_jpg.jpg,train,a,a:006127_jpg,8
b_ppe_0797_jpg.jpg,train,b,b:ppe_0797_jpg,13
c_packing857_jpg.jpg,train,c,c:packing857_jpg,1
c_packing1505_jpg.jpg,train,c,c:packing1505_jpg,2
c_helmet999637_jpg.jpg,train,c,c:helmet999637_jpg,1
c_kp1115_jpg.jpg,val,c,c:kp1115_jpg,1
c_PP02img1257_jpg.jpg,test,c,c:PP02img1257_jpg,2
c_frame3914_jpg.jpg,val,c,c:frame3914_jpg,1
c_p113102_jpg.jpg,train,c,c:p113102_jpg,1
c_packing800_jpg.jpg,train,c,c:packing800_jpg,1
a_004396_jpg.jpg,train,a,a:004396_jpg,6
a_005270_jpg.jpg,train,a,a:005270_jpg,7
c_packing613_jpg.jpg,train,c,c:packing613_jpg,2
c_shutterstock_editorial_10536831j_2e16d0ba_fill-1200x650_jpg.jpg,train,c,c:shutterstock_editorial_10536831j_2e16d0ba_fill-1200x650_jpg,30
a_000847_jpg.jpg,val,a,a:000847_jpg,5
a_001190_jpg.jpg,train,a,a:001190_jpg,1
c_packing1444_jpg.jpg,train,c,c:packing1444_jpg,2
c_frame2646_jpg.jpg,test,c,c:frame2646_jpg,2
c_packing1622_jpg.jpg,train,c,c:packing1622_jpg,2
c_PP02img1154_jpg.jpg,train,c,c:PP02img1154_jpg,6
a_001341_jpg.jpg,val,a,a:001341_jpg,2
c_kp351_jpg.jpg,val,c,c:kp351_jpg,1
c_kp1351_jpg.jpg,train,c,c:kp1351_jpg,1
b_image_271_jpg.jpg,test,b,b:image_271_jpg,3
c_PPE_Data_169_jpg.jpg,val,c,c:PPE_Data_169_jpg,2
b_image_1764_jpg.jpg,train,b,b:image_1764_jpg,1
c_Nhh_img_142_jpg.jpg,train,c,c:Nhh_img_142_jpg,1
c_packing327_jpg.jpg,train,c,c:packing327_jpg,1
c_kp107_jpg.jpg,test,c,c:kp107_jpg,1
c_kp1416_jpg.jpg,train,c,c:kp1416_jpg,1
b_AightOne0832_jpg.jpg,train,b,b:AightOne0832_jpg,1
c_packing1533_jpg.jpg,test,c,c:packing1533_jpg,2
c_frame2142_jpg.jpg,val,c,c:frame2142_jpg,0
c_PP02img250_jpg.jpg,test,c,c:PP02img250_jpg,4
c_PP02img782_jpg.jpg,train,c,c:PP02img782_jpg,5
c_p65213135_jpg.jpg,train,c,c:p65213135_jpg,1
a_003361_jpg.jpg,train,a,a:003361_jpg,3
c_packing197_jpg.jpg,train,c,c:packing197_jpg,2
c_NVR-09_Trim_new_Trim-0278_jpg.jpg,train,c,c:NVR-09_Trim_new_Trim-0278_jpg,0
c_img10_jpg.jpg,train,c,c:img10_jpg,5
a_003529_jpg.jpg,train,a,a:003529_jpg,8
c_kp1733_jpg.jpg,train,c,c:kp1733_jpg,1
c_frame116--2-_jpg.jpg,val,c,c:frame116--2-_jpg,1
c_NX_img_28_jpg.jpg,val,c,c:NX_img_28_jpg,1
b_image_396_jpg.jpg,val,b,b:image_396_jpg,3
b_ppe_0496_jpg.jpg,train,b,b:ppe_0496_jpg,2
b_image_1346_jpg.jpg,train,b,b:image_1346_jpg,3
a_000318_jpg.jpg,train,a,a:000318_jpg,3
b_ppe_1126_jpg.jpg,val,b,b:ppe_1126_jpg,2
c_PP02img1452_jpg.jpg,train,c,c:PP02img1452_jpg,8
c_PP02img847_jpg.jpg,train,c,c:PP02img847_jpg,2
a_000372_jpg.jpg,train,a,a:000372_jpg,16
a_001353_jpg.jpg,train,a,a:001353_jpg,11
c_nglov98_jpg.jpg,train,c,c:nglov98_jpg,3
c_PP02img976_jpg.jpg,train,c,c:PP02img976_jpg,1
a_000874_jpg.jpg,train,a,a:000874_jpg,7
c_packing1947_jpg.jpg,val,c,c:packing1947_jpg,1
c_packing1007_jpg.jpg,train,c,c:packing1007_jpg,3
c_PPE_Data_336_jpg.jpg,train,c,c:PPE_Data_336_jpg,2
a_002750_jpg.jpg,val,a,a:002750_jpg,2
a_003521_jpg.jpg,train,a,a:003521_jpg,6
c_N5h_img_179_jpg.jpg,train,c,c:N5h_img_179_jpg,1
a_001034_jpg.jpg,train,a,a:001034_jpg,6
c_frame212--2-_jpg.jpg,train,c,c:frame212--2-_jpg,2
c_goggle87652_jpg.jpg,train,c,c:goggle87652_jpg,6
b_ppe_0321_jpg.jpg,test,b,b:ppe_0321_jpg,2
c_packing1187_jpg.jpg,train,c,c:packing1187_jpg,2
c_p6562131_jpg.jpg,val,c,c:p6562131_jpg,1
c_packing543_jpg.jpg,train,c,c:packing543_jpg,1
b_ppe_1103_jpg.jpg,val,b,b:ppe_1103_jpg,2
c_img64_jpg.jpg,train,c,c:img64_jpg,6
c_IMG_4921-2_mp4-80_jpg.jpg,train,c,c:IMG_4921-2_mp4-80_jpg,1
a_001138_jpg.jpg,train,a,a:001138_jpg,12
c_kp197_jpg.jpg,train,c,c:kp197_jpg,1
c_packing854_jpg.jpg,train,c,c:packing854_jpg,2
a_005470_jpg.jpg,train,a,a:005470_jpg,2
c_packing342_jpg.jpg,train,c,c:packing342_jpg,1
a_004444_jpg.jpg,train,a,a:004444_jpg,1
c_PPE_Data_211_jpg.jpg,train,c,c:PPE_Data_211_jpg,2
c_PPE_Data_207_jpg.jpg,train,c,c:PPE_Data_207_jpg,2
c_mask-wearing-1632933608386_png_jpg.jpg,train,c,c:mask-wearing-1632933608386_png_jpg,1
c_Inside-merge_mov-31_jpg.jpg,train,c,c:Inside-merge_mov-31_jpg,0
c_helmet999777_jpg.jpg,train,c,c:helmet999777_jpg,1
a_000635_jpg.jpg,train,a,a:000635_jpg,2
a_003166_jpg.jpg,train,a,a:003166_jpg,1
c_PP02img544_jpg.jpg,val,c,c:PP02img544_jpg,7
c_kp1001_jpg.jpg,train,c,c:kp1001_jpg,2
c_helmet999707_jpg.jpg,train,c,c:helmet999707_jpg,1
b_r103_jpg.jpg,test,b,b:r103_jpg,1
c_kp1219_jpg.jpg,val,c,c:kp1219_jpg,1
c_kp1509_jpg.jpg,val,c,c:kp1509_jpg,1
c_packing711_jpg.jpg,train,c,c:packing711_jpg,1
a_006463_jpg.jpg,train,a,a:006463_jpg,9
b_78_JPG_jpg.jpg,train,b,b:78_JPG_jpg,4
c_img479_jpg.jpg,train,c,c:img479_jpg,4
a_001703_jpg.jpg,train,a,a:001703_jpg,1
a_003851_jpg.jpg,train,a,a:003851_jpg,1
a_005675_jpg.jpg,val,a,a:005675_jpg,4
c_005387_jpg.jpg,train,c,c:005387_jpg,6
a_006013_jpg.jpg,train,a,a:006013_jpg,5
a_004539_jpg.jpg,val,a,a:004539_jpg,4
c_Nhh_img_153_jpg.jpg,train,c,c:Nhh_img_153_jpg,1
c_005497_jpg.jpg,train,c,c:005497_jpg,3
c_packing1769_jpg.jpg,train,c,c:packing1769_jpg,1
c_kp330_jpg.jpg,val,c,c:kp330_jpg,1
c_IMG_4921-2_mp4-4_jpg.jpg,test,c,c:IMG_4921-2_mp4-4_jpg,1
c_PP02img636_jpg.jpg,train,c,c:PP02img636_jpg,3
c_fglov129_jpg.jpg,val,c,c:fglov129_jpg,4
a_005934_jpg.jpg,train,a,a:005934_jpg,10
c_PPE_Data_679_jpg.jpg,train,c,c:PPE_Data_679_jpg,0
c_frame249_jpg.jpg,train,c,c:frame249_jpg,1
a_006292_jpg.jpg,train,a,a:006292_jpg,2
c_helmet9991063_jpg.jpg,train,c,c:helmet9991063_jpg,1
b_Video3_222_jpg.jpg,train,b,b:Video3_222_jpg,4
b_ppe_0176_jpg.jpg,train,b,b:ppe_0176_jpg,9
c_kp1930_jpg.jpg,train,c,c:kp1930_jpg,2
b_image_229_jpg.jpg,val,b,b:image_229_jpg,3
c_helmet9991043_jpg.jpg,val,c,c:helmet9991043_jpg,1
b_ppe_0131_jpg.jpg,train,b,b:ppe_0131_jpg,23
b_ppe_0382_jpg.jpg,train,b,b:ppe_0382_jpg,4
a_000303_jpg.jpg,train,a,a:000303_jpg,11
c_PP02img321_jpg.jpg,train,c,c:PP02img321_jpg,6
c_packing1662_jpg.jpg,train,c,c:packing1662_jpg,3
c_helmet999536_jpg.jpg,train,c,c:helmet999536_jpg,1
c_p651334_jpg.jpg,train,c,c:p651334_jpg,1
c_p1134_jpg.jpg,train,c,c:p1134_jpg,2
c_kp970_jpg.jpg,train,c,c:kp970_jpg,1
c_frame1434_jpg.jpg,train,c,c:frame1434_jpg,1
c_IMG_4921-2_mp4-95_jpg.jpg,train,c,c:IMG_4921-2_mp4-95_jpg,1
c_PP02img612_jpg.jpg,train,c,c:PP02img612_jpg,6
c_005516_jpg.jpg,test,c,c:005516_jpg,1
c_PP02img872_jpg.jpg,train,c,c:PP02img872_jpg,1
c_PP02img1495_jpg.jpg,train,c,c:PP02img1495_jpg,4
c_kp1531_jpg.jpg,train,c,c:kp1531_jpg,1
c_PP02img616_jpg.jpg,train,c,c:PP02img616_jpg,4
c_packing841_jpg.jpg,train,c,c:packing841_jpg,2
c_frame1635_jpg.jpg,test,c,c:frame1635_jpg,1
a_001792_jpg.jpg,train,a,a:001792_jpg,14
b_image_1251_jpg.jpg,train,b,b:image_1251_jpg,1
c_frame593_jpg.jpg,val,c,c:frame593_jpg,2
c_packing1786_jpg.jpg,train,c,c:packing1786_jpg,1
b_Video4_13_jpg.jpg,train,b,b:Video4_13_jpg,4
b_image_1620_jpg.jpg,val,b,b:image_1620_jpg,7
b_ppe_0200_jpg.jpg,train,b,b:ppe_0200_jpg,4
b_ppe_0039_jpg.jpg,train,b,b:ppe_0039_jpg,2
c_PP02img1140_jpg.jpg,test,c,c:PP02img1140_jpg,4
c_helmet999695_jpg.jpg,train,c,c:helmet999695_jpg,1
b_image_945_jpg.jpg,val,b,b:image_945_jpg,3
a_002708_jpg.jpg,train,a,a:002708_jpg,4
c_img105_jpg.jpg,train,c,c:img105_jpg,4
c_kp140_jpg.jpg,train,c,c:kp140_jpg,1
a_006866_jpg.jpg,train,a,a:006866_jpg,1
c_kp459_jpg.jpg,train,c,c:kp459_jpg,1
c_kp1104_jpg.jpg,train,c,c:kp1104_jpg,1
a_003898_jpg.jpg,val,a,a:003898_jpg,7
c_kp1896_jpg.jpg,train,c,c:kp1896_jpg,1
c_nglovpp239_jpg.jpg,train,c,c:nglovpp239_jpg,3
c_helmet999531_jpg.jpg,train,c,c:helmet999531_jpg,2
b_image_597_jpg.jpg,train,b,b:image_597_jpg,6
b_image_787_jpg.jpg,train,b,b:image_787_jpg,3
c_frame91--2-_jpg.jpg,val,c,c:frame91--2-_jpg,2
a_000088_jpg.jpg,train,a,a:000088_jpg,2
c_N5h_img_37_jpg.jpg,train,c,c:N5h_img_37_jpg,1
b_image_1709_jpg.jpg,test,b,b:image_1709_jpg,2
b_ppe_0622_jpg.jpg,train,b,b:ppe_0622_jpg,3
b_ppe_0568_jpg.jpg,val,b,b:ppe_0568_jpg,2
c_Mask-detector1_mov-6_jpg.jpg,train,c,c:Mask-detector1_mov-6_jpg,1
c_PP02img495_jpg.jpg,train,c,c:PP02img495_jpg,6
c_packing24_jpg.jpg,val,c,c:packing24_jpg,2
c_kp1150_jpg.jpg,train,c,c:kp1150_jpg,1
c_kp1143_jpg.jpg,train,c,c:kp1143_jpg,1
c_p11380_jpg.jpg,val,c,c:p11380_jpg,2
a_006865_jpg.jpg,val,a,a:006865_jpg,2
a_003310_jpg.jpg,train,a,a:003310_jpg,12
a_003121_jpg.jpg,val,a,a:003121_jpg,2
c_helmet9991018_jpg.jpg,val,c,c:helmet9991018_jpg,1
c_packing777_jpg.jpg,test,c,c:packing777_jpg,1
c_PP02img542_jpg.jpg,val,c,c:PP02img542_jpg,6
c_no-mask_mov-24_jpg.jpg,val,c,c:no-mask_mov-24_jpg,1
b_image_220_jpg.jpg,val,b,b:image_220_jpg,3
b_image_1748_jpg.jpg,val,b,b:image_1748_jpg,3
c_mask-wearing-1632938165974_png_jpg.jpg,train,c,c:mask-wearing-1632938165974_png_jpg,1
a_002668_jpg.jpg,val,a,a:002668_jpg,12
c_packing1255_jpg.jpg,train,c,c:packing1255_jpg,2
b_ppe_0645_jpg.jpg,train,b,b:ppe_0645_jpg,4
c_kp444_jpg.jpg,val,c,c:kp444_jpg,1
c_kp859_jpg.jpg,train,c,c:kp859_jpg,1
c_kp196_jpg.jpg,train,c,c:kp196_jpg,1
b_ppe_1326_jpg.jpg,train,b,b:ppe_1326_jpg,5
c_nglov142_jpg.jpg,train,c,c:nglov142_jpg,5
b_ppe_1132_jpg.jpg,test,b,b:ppe_1132_jpg,2
a_003126_jpg.jpg,train,a,a:003126_jpg,9
c_mask-wearing-1632931961887_png_jpg.jpg,train,c,c:mask-wearing-1632931961887_png_jpg,3
c_kp735_jpg.jpg,train,c,c:kp735_jpg,1
a_002697_jpg.jpg,train,a,a:002697_jpg,13
c_frame2417_jpg.jpg,train,c,c:frame2417_jpg,0
a_005180_jpg.jpg,val,a,a:005180_jpg,2
a_006407_jpg.jpg,val,a,a:006407_jpg,7
c_goggle8765180_jpg.jpg,train,c,c:goggle8765180_jpg,2
a_000104_jpg.jpg,test,a,a:000104_jpg,5
b_ppe_0460_jpg.jpg,train,b,b:ppe_0460_jpg,15
b_ppe_1291_jpg.jpg,test,b,b:ppe_1291_jpg,4
c_packing764_jpg.jpg,train,c,c:packing764_jpg,1
c_kp1123_jpg.jpg,train,c,c:kp1123_jpg,1
a_002458_jpg.jpg,train,a,a:002458_jpg,1
a_005398_jpg.jpg,train,a,a:005398_jpg,8
c_helmet999939_jpg.jpg,train,c,c:helmet999939_jpg,1
b_image_1578_jpg.jpg,train,b,b:image_1578_jpg,3
b_ppe_0458_jpg.jpg,val,b,b:ppe_0458_jpg,2
c_frame549_jpg.jpg,train,c,c:frame549_jpg,4
b_image_1013_jpg.jpg,val,b,b:image_1013_jpg,3
c_frame638_jpg.jpg,train,c,c:frame638_jpg,0
a_004941_jpg.jpg,train,a,a:004941_jpg,8
c_helmet999954_jpg.jpg,train,c,c:helmet999954_jpg,1
c_kp1314_jpg.jpg,val,c,c:kp1314_jpg,1
c_kp1023_jpg.jpg,val,c,c:kp1023_jpg,1
b_ppe_0030_jpg.jpg,test,b,b:ppe_0030_jpg,3
c_PP02img328_jpg.jpg,train,c,c:PP02img328_jpg,5
c_p113178_jpg.jpg,val,c,c:p113178_jpg,1
c_img440_jpg.jpg,train,c,c:img440_jpg,5
c_PP02img840_jpg.jpg,train,c,c:PP02img840_jpg,2
c_p113108_jpg.jpg,train,c,c:p113108_jpg,1
c_packing1284_jpg.jpg,train,c,c:packing1284_jpg,2
b_image_791_jpg.jpg,test,b,b:image_791_jpg,3
b_image_765_jpg.jpg,train,b,b:image_765_jpg,2
c_IMG_4921-2_mp4-42_jpg.jpg,test,c,c:IMG_4921-2_mp4-42_jpg,1
b_image_956_jpg.jpg,train,b,b:image_956_jpg,2
a_001128_jpg.jpg,train,a,a:001128_jpg,6
c_kp405_jpg.jpg,val,c,c:kp405_jpg,1
c_frame436_jpg.jpg,train,c,c:frame436_jpg,0
c_kp662_jpg.jpg,val,c,c:kp662_jpg,2
c_packing560_jpg.jpg,val,c,c:packing560_jpg,2
c_helmet999595_jpg.jpg,train,c,c:helmet999595_jpg,1
c_frame1511_jpg.jpg,train,c,c:frame1511_jpg,3
c_MX_img_65_jpg.jpg,val,c,c:MX_img_65_jpg,1
c_kp1163_jpg.jpg,test,c,c:kp1163_jpg,1
c_helmet999978_jpg.jpg,train,c,c:helmet999978_jpg,1
c_img436_jpg.jpg,val,c,c:img436_jpg,1
b_ppe_0045_jpg.jpg,train,b,b:ppe_0045_jpg,5
a_000114_jpg.jpg,train,a,a:000114_jpg,2
c_frame85_jpg.jpg,train,c,c:frame85_jpg,3
c_nglovpp323_jpg.jpg,train,c,c:nglovpp323_jpg,2
a_006602_jpg.jpg,train,a,a:006602_jpg,3
b_image_17_jpg.jpg,train,b,b:image_17_jpg,2
a_000024_jpg.jpg,train,a,a:000024_jpg,10
c_N5h_img_237_jpg.jpg,train,c,c:N5h_img_237_jpg,1
b_image_711_jpg.jpg,val,b,b:image_711_jpg,3
a_001857_jpg.jpg,val,a,a:001857_jpg,3
b_ppe_0357_jpg.jpg,train,b,b:ppe_0357_jpg,19
c_mask-wearing-1632931944331_png_jpg.jpg,train,c,c:mask-wearing-1632931944331_png_jpg,2
c_packing273_jpg.jpg,train,c,c:packing273_jpg,3
a_004608_jpg.jpg,val,a,a:004608_jpg,5
c_PP02img177_jpg.jpg,val,c,c:PP02img177_jpg,5
c_packing1172_jpg.jpg,test,c,c:packing1172_jpg,1
c_packing1306_jpg.jpg,train,c,c:packing1306_jpg,3
a_002967_jpg.jpg,train,a,a:002967_jpg,16
c_PPE_Data_116_jpg.jpg,train,c,c:PPE_Data_116_jpg,3
c_frame3807_jpg.jpg,val,c,c:frame3807_jpg,3
c_fglov1153_jpg.jpg,train,c,c:fglov1153_jpg,2
c_packing1585_jpg.jpg,train,c,c:packing1585_jpg,3
c_PP02img566_jpg.jpg,train,c,c:PP02img566_jpg,5
c_goggle8765116_jpg.jpg,val,c,c:goggle8765116_jpg,3
a_006273_jpg.jpg,train,a,a:006273_jpg,11
c_helmet9991187_jpg.jpg,train,c,c:helmet9991187_jpg,1
b_ppe_1256_jpg.jpg,train,b,b:ppe_1256_jpg,5
c_kp822_jpg.jpg,train,c,c:kp822_jpg,1
c_packing893_jpg.jpg,train,c,c:packing893_jpg,1
c_kp1077_jpg.jpg,train,c,c:kp1077_jpg,1
c_kp1893_jpg.jpg,train,c,c:kp1893_jpg,1
c_PP02img1008_jpg.jpg,train,c,c:PP02img1008_jpg,3
b_ppe_0194_jpg.jpg,train,b,b:ppe_0194_jpg,6
c_MX_img_119_jpg.jpg,train,c,c:MX_img_119_jpg,1
c_PP02img1371_jpg.jpg,train,c,c:PP02img1371_jpg,3
c_PPE_Data_245_jpg.jpg,train,c,c:PPE_Data_245_jpg,4
c_PP02img1121_jpg.jpg,train,c,c:PP02img1121_jpg,5
c_packing1139_jpg.jpg,train,c,c:packing1139_jpg,2
b_image_191_jpg.jpg,train,b,b:image_191_jpg,6
c_kp1624_jpg.jpg,val,c,c:kp1624_jpg,1
a_006004_jpg.jpg,train,a,a:006004_jpg,8
c_PP02img564_jpg.jpg,train,c,c:PP02img564_jpg,5
a_003924_jpg.jpg,train,a,a:003924_jpg,1
c_packing1265_jpg.jpg,train,c,c:packing1265_jpg,1
c_p11379_jpg.jpg,train,c,c:p11379_jpg,1
a_001943_jpg.jpg,val,a,a:001943_jpg,2
b_ppe_0822_jpg.jpg,val,b,b:ppe_0822_jpg,6
c_p113142_jpg.jpg,train,c,c:p113142_jpg,1
b_ppe_0482_jpg.jpg,train,b,b:ppe_0482_jpg,3
a_005511_jpg.jpg,val,a,a:005511_jpg,3
a_001255_jpg.jpg,train,a,a:001255_jpg,6
a_004210_jpg.jpg,train,a,a:004210_jpg,4
a_000964_jpg.jpg,train,a,a:000964_jpg,3
c_mask-wearing-1632937971128_png_jpg.jpg,train,c,c:mask-wearing-1632937971128_png_jpg,1
c_mask-wearing-1632939937355_png_jpg.jpg,val,c,c:mask-wearing-1632939937355_png_jpg,1
c_PP02img380_jpg.jpg,train,c,c:PP02img380_jpg,4
c_packing118_jpg.jpg,val,c,c:packing118_jpg,3
c_kp1228_jpg.jpg,train,c,c:kp1228_jpg,1
c_packing1586_jpg.jpg,train,c,c:packing1586_jpg,3
c_kp1168_jpg.jpg,val,c,c:kp1168_jpg,1
c_005351_jpg.jpg,train,c,c:005351_jpg,2
b_image_1195_jpg.jpg,val,b,b:image_1195_jpg,3
c_frame3918_jpg.jpg,train,c,c:frame3918_jpg,1
b_image_486_jpg.jpg,train,b,b:image_486_jpg,3
c_frame1377_jpg.jpg,train,c,c:frame1377_jpg,0
a_004918_jpg.jpg,train,a,a:004918_jpg,12
a_005301_jpg.jpg,val,a,a:005301_jpg,5
c_goggle876553_jpg.jpg,val,c,c:goggle876553_jpg,2
c_Mask-detector1_mov-37_jpg.jpg,train,c,c:Mask-detector1_mov-37_jpg,1
a_003538_jpg.jpg,train,a,a:003538_jpg,3
c_nglovpp233_jpg.jpg,train,c,c:nglovpp233_jpg,2
c_nglovpp3190_jpg.jpg,train,c,c:nglovpp3190_jpg,2
a_006682_jpg.jpg,train,a,a:006682_jpg,10
c_kp978_jpg.jpg,train,c,c:kp978_jpg,1
c_NX_img_15_jpg.jpg,test,c,c:NX_img_15_jpg,1
a_000841_jpg.jpg,train,a,a:000841_jpg,3
c_kp927_jpg.jpg,train,c,c:kp927_jpg,1
a_002311_jpg.jpg,val,a,a:002311_jpg,2
c_PP02img1274_jpg.jpg,val,c,c:PP02img1274_jpg,2
b_image_813_jpg.jpg,train,b,b:image_813_jpg,3
c_goggle8765185_jpg.jpg,train,c,c:goggle8765185_jpg,5
c_helmet999911_jpg.jpg,test,c,c:helmet999911_jpg,2
b_ppe_0704_jpg.jpg,val,b,b:ppe_0704_jpg,3
c_PP02img1160_jpg.jpg,train,c,c:PP02img1160_jpg,3
c_kp831_jpg.jpg,test,c,c:kp831_jpg,1
b_image_1001_jpg.jpg,val,b,b:image_1001_jpg,9
a_000012_jpg.jpg,train,a,a:000012_jpg,4
a_000559_jpg.jpg,train,a,a:000559_jpg,4
c_fglov1130_jpg.jpg,train,c,c:fglov1130_jpg,4
c_005539_jpg.jpg,val,c,c:005539_jpg,2
c_N5h_img_116_jpg.jpg,test,c,c:N5h_img_116_jpg,2
c_p11390_jpg.jpg,train,c,c:p11390_jpg,1
c_kp416_jpg.jpg,train,c,c:kp416_jpg,1
c_helmet9991213_jpg.jpg,test,c,c:helmet9991213_jpg,1
c_packing519_jpg.jpg,train,c,c:packing519_jpg,1
a_003466_jpg.jpg,val,a,a:003466_jpg,7
c_mask-wearing-1632937789273_png_jpg.jpg,val,c,c:mask-wearing-1632937789273_png_jpg,1
a_002320_jpg.jpg,train,a,a:002320_jpg,8
c_PP02img314_jpg.jpg,test,c,c:PP02img314_jpg,2
b_Video1_212_jpg.jpg,train,b,b:Video1_212_jpg,4
a_005219_jpg.jpg,train,a,a:005219_jpg,3
c_p65621385_jpg.jpg,train,c,c:p65621385_jpg,1
c_PP02img122_jpg.jpg,train,c,c:PP02img122_jpg,6
b_image_608_jpg.jpg,train,b,b:image_608_jpg,6
c_nglovpp21_jpg.jpg,train,c,c:nglovpp21_jpg,2
a_006951_jpg.jpg,val,a,a:006951_jpg,2
b_image_54_jpg.jpg,val,b,b:image_54_jpg,4
c_PP02img1114_jpg.jpg,train,c,c:PP02img1114_jpg,2
c_PP02img590_jpg.jpg,train,c,c:PP02img590_jpg,5
a_006180_jpg.jpg,val,a,a:006180_jpg,5
a_005674_jpg.jpg,train,a,a:005674_jpg,3
c_kp1934_jpg.jpg,train,c,c:kp1934_jpg,1
a_004263_jpg.jpg,val,a,a:004263_jpg,6
a_001750_jpg.jpg,val,a,a:001750_jpg,2
c_packing1678_jpg.jpg,train,c,c:packing1678_jpg,2
b_image_794_jpg.jpg,train,b,b:image_794_jpg,3
c_frame724_jpg.jpg,train,c,c:frame724_jpg,3
b_thumb2435_jpg.jpg,train,b,b:thumb2435_jpg,2
c_p65213151_jpg.jpg,train,c,c:p65213151_jpg,1
c_packing1569_jpg.jpg,train,c,c:packing1569_jpg,2
c_frame1095_jpg.jpg,train,c,c:frame1095_jpg,1
b_image_1209_jpg.jpg,val,b,b:image_1209_jpg,4
c_packing1104_jpg.jpg,train,c,c:packing1104_jpg,2
b_Video2_4_jpg.jpg,val,b,b:Video2_4_jpg,4
c_img340_jpg.jpg,train,c,c:img340_jpg,4
c_p651349_jpg.jpg,train,c,c:p651349_jpg,1
c_PP02img319_jpg.jpg,train,c,c:PP02img319_jpg,1
c_img92_jpg.jpg,train,c,c:img92_jpg,4
c_nglov195_jpg.jpg,train,c,c:nglov195_jpg,3
c_kp1618_jpg.jpg,val,c,c:kp1618_jpg,1
a_005682_jpg.jpg,train,a,a:005682_jpg,5
a_000385_jpg.jpg,val,a,a:000385_jpg,8
c_packing958_jpg.jpg,train,c,c:packing958_jpg,1
a_000905_jpg.jpg,train,a,a:000905_jpg,2
a_005677_jpg.jpg,train,a,a:005677_jpg,6
b_Video2_41_jpg.jpg,val,b,b:Video2_41_jpg,6
a_006438_jpg.jpg,val,a,a:006438_jpg,6
a_004478_jpg.jpg,val,a,a:004478_jpg,2
a_001697_jpg.jpg,train,a,a:001697_jpg,3
c_PP02img904_jpg.jpg,train,c,c:PP02img904_jpg,1
c_N5h_img_157_jpg.jpg,train,c,c:N5h_img_157_jpg,1
b_image_1204_jpg.jpg,test,b,b:image_1204_jpg,3
c_PP02img1430_jpg.jpg,train,c,c:PP02img1430_jpg,4
a_006559_jpg.jpg,train,a,a:006559_jpg,6
a_006640_jpg.jpg,val,a,a:006640_jpg,7
a_005645_jpg.jpg,train,a,a:005645_jpg,5
a_001434_jpg.jpg,val,a,a:001434_jpg,7
a_003420_jpg.jpg,val,a,a:003420_jpg,10
c_Nhh_img_193_jpg.jpg,train,c,c:Nhh_img_193_jpg,1
c_helmet999648_jpg.jpg,train,c,c:helmet999648_jpg,1
b_image_753_jpg.jpg,val,b,b:image_753_jpg,3
b_ppe_0298_jpg.jpg,train,b,b:ppe_0298_jpg,2
a_003989_jpg.jpg,train,a,a:003989_jpg,1
b_image_616_jpg.jpg,val,b,b:image_616_jpg,3
c_kp1522_jpg.jpg,train,c,c:kp1522_jpg,1
c_kp1218_jpg.jpg,train,c,c:kp1218_jpg,1
c_img258_jpg.jpg,train,c,c:img258_jpg,4
c_frame232_jpg.jpg,val,c,c:frame232_jpg,1
a_000759_jpg.jpg,test,a,a:000759_jpg,16
a_005074_jpg.jpg,val,a,a:005074_jpg,2
c_frame686_jpg.jpg,train,c,c:frame686_jpg,0
a_001654_jpg.jpg,train,a,a:001654_jpg,2
a_004753_jpg.jpg,val,a,a:004753_jpg,2
c_packing85_jpg.jpg,train,c,c:packing85_jpg,1
c_packing1613_jpg.jpg,train,c,c:packing1613_jpg,3
c_PP02img459_jpg.jpg,train,c,c:PP02img459_jpg,4
c_kp729_jpg.jpg,val,c,c:kp729_jpg,1
c_PP02img100_jpg.jpg,val,c,c:PP02img100_jpg,6
c_nglov162_jpg.jpg,test,c,c:nglov162_jpg,3
c_helmet999686_jpg.jpg,train,c,c:helmet999686_jpg,1
b_Video4_274_jpg.jpg,train,b,b:Video4_274_jpg,7
c_005431_jpg.jpg,train,c,c:005431_jpg,3
a_002779_jpg.jpg,train,a,a:002779_jpg,1
a_003227_jpg.jpg,train,a,a:003227_jpg,1
c_packing1153_jpg.jpg,train,c,c:packing1153_jpg,1
b_00274_jpg.jpg,val,b,b:00274_jpg,1
c_helmet9991195_jpg.jpg,test,c,c:helmet9991195_jpg,1
b_image_532_jpg.jpg,val,b,b:image_532_jpg,3
a_000654_jpg.jpg,train,a,a:000654_jpg,8
b_ppe_0754_jpg.jpg,train,b,b:ppe_0754_jpg,11
a_005046_jpg.jpg,train,a,a:005046_jpg,2
c_IMG_4921-2_mp4-15_jpg.jpg,train,c,c:IMG_4921-2_mp4-15_jpg,1
b_ppe_0163_jpg.jpg,val,b,b:ppe_0163_jpg,2
a_000631_jpg.jpg,train,a,a:000631_jpg,1
c_fglov159_jpg.jpg,val,c,c:fglov159_jpg,2
a_001262_jpg.jpg,val,a,a:001262_jpg,2
b_ppe_0859_jpg.jpg,val,b,b:ppe_0859_jpg,6
b_image_622_jpg.jpg,val,b,b:image_622_jpg,3
c_PP02img726_jpg.jpg,train,c,c:PP02img726_jpg,5
c_frame2867_jpg.jpg,train,c,c:frame2867_jpg,4
a_006814_jpg.jpg,train,a,a:006814_jpg,1
c_MX_img_74_jpg.jpg,test,c,c:MX_img_74_jpg,1
b_Video2_176_jpg.jpg,train,b,b:Video2_176_jpg,4
c_kp456_jpg.jpg,train,c,c:kp456_jpg,1
a_005025_jpg.jpg,train,a,a:005025_jpg,2
c_packing1373_jpg.jpg,train,c,c:packing1373_jpg,1
c_kp961_jpg.jpg,train,c,c:kp961_jpg,1
c_PP02img283_jpg.jpg,train,c,c:PP02img283_jpg,3
c_kp1312_jpg.jpg,train,c,c:kp1312_jpg,1
a_005286_jpg.jpg,train,a,a:005286_jpg,7
c_frame2299_jpg.jpg,test,c,c:frame2299_jpg,2
a_005371_jpg.jpg,train,a,a:005371_jpg,7
a_002346_jpg.jpg,train,a,a:002346_jpg,4
c_PP02img457_jpg.jpg,val,c,c:PP02img457_jpg,4
b_image_254_jpg.jpg,val,b,b:image_254_jpg,5
c_Mask-detector1_mov-29_jpg.jpg,train,c,c:Mask-detector1_mov-29_jpg,1
c_helmet999860_jpg.jpg,train,c,c:helmet999860_jpg,1
a_002457_jpg.jpg,train,a,a:002457_jpg,1
c_frame1332_jpg.jpg,train,c,c:frame1332_jpg,2
c_Nhh_img_186_jpg.jpg,train,c,c:Nhh_img_186_jpg,1
c_p65213139_jpg.jpg,train,c,c:p65213139_jpg,1
b_ppe_0137_jpg.jpg,train,b,b:ppe_0137_jpg,4
b_ppe_0094_jpg.jpg,train,b,b:ppe_0094_jpg,3
c_packing1308_jpg.jpg,train,c,c:packing1308_jpg,2
b_image_1616_jpg.jpg,val,b,b:image_1616_jpg,3
b_image_564_jpg.jpg,val,b,b:image_564_jpg,3
c_packing101_jpg.jpg,train,c,c:packing101_jpg,2
c_kp1919_jpg.jpg,val,c,c:kp1919_jpg,1
c_frame732_jpg.jpg,train,c,c:frame732_jpg,3
c_packing1370_jpg.jpg,train,c,c:packing1370_jpg,2
c_PP02img777_jpg.jpg,train,c,c:PP02img777_jpg,3
c_frame516_jpg.jpg,test,c,c:frame516_jpg,0
c_fglov186_jpg.jpg,train,c,c:fglov186_jpg,2
a_003890_jpg.jpg,train,a,a:003890_jpg,7
a_003728_jpg.jpg,train,a,a:003728_jpg,2
c_packing890_jpg.jpg,train,c,c:packing890_jpg,1
c_kp199_jpg.jpg,train,c,c:kp199_jpg,1
b_ppe_0105_jpg.jpg,val,b,b:ppe_0105_jpg,6
c_Mask-detector1_mov-9_jpg.jpg,val,c,c:Mask-detector1_mov-9_jpg,1
b_image_26_jpg.jpg,val,b,b:image_26_jpg,3
c_PP02img1171_jpg.jpg,test,c,c:PP02img1171_jpg,3
c_frame1159_jpg.jpg,train,c,c:frame1159_jpg,1
c_N5h_img_167_jpg.jpg,test,c,c:N5h_img_167_jpg,1
c_Nhh_img_160_jpg.jpg,val,c,c:Nhh_img_160_jpg,2
b_ppe_0464_jpg.jpg,test,b,b:ppe_0464_jpg,3
a_003459_jpg.jpg,train,a,a:003459_jpg,1
a_000050_jpg.jpg,train,a,a:000050_jpg,1
c_packing1194_jpg.jpg,train,c,c:packing1194_jpg,2
c_mask-wearing-1632937797555_png_jpg.jpg,test,c,c:mask-wearing-1632937797555_png_jpg,1
c_nglovpp3138_jpg.jpg,train,c,c:nglovpp3138_jpg,1
c_frame1290--2-_jpg.jpg,val,c,c:frame1290--2-_jpg,0
c_kp335_jpg.jpg,train,c,c:kp335_jpg,1
c_frame1558_jpg.jpg,train,c,c:frame1558_jpg,1
c_005378_jpg.jpg,train,c,c:005378_jpg,10
c_packing1701_jpg.jpg,train,c,c:packing1701_jpg,2
c_frame79_jpg.jpg,test,c,c:frame79_jpg,0
a_000786_jpg.jpg,train,a,a:000786_jpg,11
c_PP02img1270_jpg.jpg,val,c,c:PP02img1270_jpg,3
b_image_1249_jpg.jpg,train,b,b:image_1249_jpg,1
c_nglovpp2165_jpg.jpg,val,c,c:nglovpp2165_jpg,5
c_helmet9991215_jpg.jpg,val,c,c:helmet9991215_jpg,1
c_kp603_jpg.jpg,train,c,c:kp603_jpg,2
b_ppe_1131_jpg.jpg,val,b,b:ppe_1131_jpg,2
c_frame2829_jpg.jpg,test,c,c:frame2829_jpg,4
a_004295_jpg.jpg,train,a,a:004295_jpg,8
c_mask-wearing-1632932330938_png_jpg.jpg,train,c,c:mask-wearing-1632932330938_png_jpg,1
c_fglov137_jpg.jpg,train,c,c:fglov137_jpg,2
b_ppe_1079_jpg.jpg,train,b,b:ppe_1079_jpg,3
a_003413_jpg.jpg,val,a,a:003413_jpg,2
c_frame1290_jpg.jpg,test,c,c:frame1290_jpg,2
c_kp1027_jpg.jpg,train,c,c:kp1027_jpg,1
a_003349_jpg.jpg,train,a,a:003349_jpg,1
b_ppe_1066_jpg.jpg,train,b,b:ppe_1066_jpg,6
a_004408_jpg.jpg,val,a,a:004408_jpg,5
a_000903_jpg.jpg,val,a,a:000903_jpg,1
c_PP02img675_jpg.jpg,train,c,c:PP02img675_jpg,3
c_N5h_img_107_jpg.jpg,val,c,c:N5h_img_107_jpg,2
a_005912_jpg.jpg,train,a,a:005912_jpg,6
c_nglov144_jpg.jpg,train,c,c:nglov144_jpg,3
a_003635_jpg.jpg,train,a,a:003635_jpg,1
c_p65213138_jpg.jpg,train,c,c:p65213138_jpg,1
c_helmet999982_jpg.jpg,train,c,c:helmet999982_jpg,1
c_frame759_jpg.jpg,train,c,c:frame759_jpg,3
c_PP02img34_jpg.jpg,train,c,c:PP02img34_jpg,2
a_004053_jpg.jpg,train,a,a:004053_jpg,3
c_frame233_jpg.jpg,test,c,c:frame233_jpg,1
b_ppe_1203_jpg.jpg,train,b,b:ppe_1203_jpg,4
c_PP02img1350_jpg.jpg,val,c,c:PP02img1350_jpg,4
c_packing751_jpg.jpg,train,c,c:packing751_jpg,1
c_005412_jpg.jpg,val,c,c:005412_jpg,4
c_nglovpp282_jpg.jpg,train,c,c:nglovpp282_jpg,3
b_Nein6244_jpg.jpg,train,b,b:Nein6244_jpg,1
c_frame1127_jpg.jpg,train,c,c:frame1127_jpg,1
b_ppe_0975_jpg.jpg,train,b,b:ppe_0975_jpg,4
b_ppe_1065_jpg.jpg,val,b,b:ppe_1065_jpg,2
c_PP02img153_jpg.jpg,val,c,c:PP02img153_jpg,3
c_MX_img_32_jpg.jpg,val,c,c:MX_img_32_jpg,1
c_kp1548_jpg.jpg,train,c,c:kp1548_jpg,2
c_helmet9991217_jpg.jpg,train,c,c:helmet9991217_jpg,1
a_003659_jpg.jpg,test,a,a:003659_jpg,2
c_PP02img803_jpg.jpg,val,c,c:PP02img803_jpg,3
a_001732_jpg.jpg,train,a,a:001732_jpg,6
a_002566_jpg.jpg,train,a,a:002566_jpg,1
c_packing1452_jpg.jpg,train,c,c:packing1452_jpg,1
b_ppe_0117_jpg.jpg,train,b,b:ppe_0117_jpg,11
c_frame721_jpg.jpg,train,c,c:frame721_jpg,3
a_004115_jpg.jpg,train,a,a:004115_jpg,1
c_packing134_jpg.jpg,train,c,c:packing134_jpg,2
c_Mask2_mov-60_jpg.jpg,test,c,c:Mask2_mov-60_jpg,1
b_ppe_0833_jpg.jpg,train,b,b:ppe_0833_jpg,6
c_img102_jpg.jpg,train,c,c:img102_jpg,4
b_image_857_jpg.jpg,train,b,b:image_857_jpg,3
a_002966_jpg.jpg,train,a,a:002966_jpg,3
a_006888_jpg.jpg,val,a,a:006888_jpg,2
b_ppe_1286_jpg.jpg,test,b,b:ppe_1286_jpg,2
c_15h_img_268_jpg.jpg,train,c,c:15h_img_268_jpg,1
c_p113184_jpg.jpg,train,c,c:p113184_jpg,1
c_packing772_jpg.jpg,train,c,c:packing772_jpg,1
c_helmet999971_jpg.jpg,train,c,c:helmet999971_jpg,1
a_006478_jpg.jpg,train,a,a:006478_jpg,1
c_PXL_20210930_152002900_jpg.jpg,val,c,c:PXL_20210930_152002900_jpg,1
b_ppe_0136_jpg.jpg,val,b,b:ppe_0136_jpg,2
c_frame982_jpg.jpg,train,c,c:frame982_jpg,1
c_PP02img39_jpg.jpg,train,c,c:PP02img39_jpg,3
b_image_1425_jpg.jpg,train,b,b:image_1425_jpg,2
c_MX_img_87_jpg.jpg,test,c,c:MX_img_87_jpg,1
a_003517_jpg.jpg,val,a,a:003517_jpg,11
a_001340_jpg.jpg,val,a,a:001340_jpg,2
c_frame136--3-_jpg.jpg,train,c,c:frame136--3-_jpg,2
c_PPE_Data_283_jpg.jpg,train,c,c:PPE_Data_283_jpg,3
c_PP02img385_jpg.jpg,test,c,c:PP02img385_jpg,3
b_AightOne0585_jpg.jpg,val,b,b:AightOne0585_jpg,3
b_ppe_1164_jpg.jpg,train,b,b:ppe_1164_jpg,11
a_001681_jpg.jpg,train,a,a:001681_jpg,9
c_packing697_jpg.jpg,train,c,c:packing697_jpg,2
c_PP02img340_jpg.jpg,val,c,c:PP02img340_jpg,5
c_005397_jpg.jpg,train,c,c:005397_jpg,5
c_helmet999656_jpg.jpg,train,c,c:helmet999656_jpg,1
a_006694_jpg.jpg,train,a,a:006694_jpg,8
b_41_JPG_jpg.jpg,train,b,b:41_JPG_jpg,1
c_helmet999924_jpg.jpg,test,c,c:helmet999924_jpg,2
a_000633_jpg.jpg,train,a,a:000633_jpg,1
a_004501_jpg.jpg,train,a,a:004501_jpg,4
c_packing576_jpg.jpg,train,c,c:packing576_jpg,2
b_image_35_jpg.jpg,train,b,b:image_35_jpg,6
c_img464_jpg.jpg,val,c,c:img464_jpg,4
a_002584_jpg.jpg,val,a,a:002584_jpg,8
a_005938_jpg.jpg,train,a,a:005938_jpg,4
b_Video4_244_jpg.jpg,val,b,b:Video4_244_jpg,4
a_003553_jpg.jpg,train,a,a:003553_jpg,14
c_helmet999766_jpg.jpg,train,c,c:helmet999766_jpg,2
b_images85_jpg.jpg,train,b,b:images85_jpg,4
a_001027_jpg.jpg,val,a,a:001027_jpg,2
c_packing623_jpg.jpg,train,c,c:packing623_jpg,3
c_packing1101_jpg.jpg,train,c,c:packing1101_jpg,2
c_Mask-detector1_mov-28_jpg.jpg,train,c,c:Mask-detector1_mov-28_jpg,1
b_ppe_1177_jpg.jpg,test,b,b:ppe_1177_jpg,3
c_frame44_jpg.jpg,test,c,c:frame44_jpg,2
c_MX_img_122_jpg.jpg,train,c,c:MX_img_122_jpg,1
a_005713_jpg.jpg,train,a,a:005713_jpg,4
c_NVR-09_Trim_new_Trim-0874_jpg.jpg,train,c,c:NVR-09_Trim_new_Trim-0874_jpg,1
c_kp483_jpg.jpg,train,c,c:kp483_jpg,1
c_kp755_jpg.jpg,train,c,c:kp755_jpg,1
c_packing1784_jpg.jpg,train,c,c:packing1784_jpg,1
c_p113137_jpg.jpg,test,c,c:p113137_jpg,1
c_kp247_jpg.jpg,train,c,c:kp247_jpg,1
c_kp446_jpg.jpg,train,c,c:kp446_jpg,1
b_image_179_jpg.jpg,val,b,b:image_179_jpg,3
c_helmet999796_jpg.jpg,train,c,c:helmet999796_jpg,1
c_005329_jpg.jpg,train,c,c:005329_jpg,1
b_image_132_jpg.jpg,val,b,b:image_132_jpg,3
a_001629_jpg.jpg,val,a,a:001629_jpg,2
a_004225_jpg.jpg,train,a,a:004225_jpg,8
a_001029_jpg.jpg,train,a,a:001029_jpg,1
b_image_929_jpg.jpg,train,b,b:image_929_jpg,3
c_frame1066_jpg.jpg,val,c,c:frame1066_jpg,0
c_1_13_jpg.jpg,train,c,c:1_13_jpg,6
c_PP02img1372_jpg.jpg,train,c,c:PP02img1372_jpg,4
c_img354_jpg.jpg,train,c,c:img354_jpg,2
c_PPE_Data_781_jpg.jpg,train,c,c:PPE_Data_781_jpg,2
c_p113131_jpg.jpg,train,c,c:p113131_jpg,1
a_002340_jpg.jpg,train,a,a:002340_jpg,3
c_mask-wearing-1632932155519_png_jpg.jpg,train,c,c:mask-wearing-1632932155519_png_jpg,1
a_000257_jpg.jpg,val,a,a:000257_jpg,2
a_004089_jpg.jpg,train,a,a:004089_jpg,3
c_MX_img_130_jpg.jpg,train,c,c:MX_img_130_jpg,1
a_000836_jpg.jpg,train,a,a:000836_jpg,1
c_kp145_jpg.jpg,train,c,c:kp145_jpg,1
c_N5h_img_186_jpg.jpg,train,c,c:N5h_img_186_jpg,1
b_image_523_jpg.jpg,val,b,b:image_523_jpg,9
c_packing901_jpg.jpg,train,c,c:packing901_jpg,1
c_005547_jpg.jpg,train,c,c:005547_jpg,3
a_003877_jpg.jpg,train,a,a:003877_jpg,9
c_p656213154_jpg.jpg,train,c,c:p656213154_jpg,1
c_p113190_jpg.jpg,train,c,c:p113190_jpg,1
c_helmet9991042_jpg.jpg,val,c,c:helmet9991042_jpg,1
a_006824_jpg.jpg,train,a,a:006824_jpg,1
b_ppe_0815_jpg.jpg,train,b,b:ppe_0815_jpg,10
b_ppe_0773_jpg.jpg,train,b,b:ppe_0773_jpg,4
b_ppe_1152_jpg.jpg,val,b,b:ppe_1152_jpg,4
b_Tan0532532_jpg.jpg,val,b,b:Tan0532532_jpg,2
a_002347_jpg.jpg,train,a,a:002347_jpg,12
c_packing894_jpg.jpg,val,c,c:packing894_jpg,1
c_PP02img337_jpg.jpg,train,c,c:PP02img337_jpg,4
c_kp1870_jpg.jpg,train,c,c:kp1870_jpg,1
c_kp1472_jpg.jpg,train,c,c:kp1472_jpg,1
c_PP02img1027_jpg.jpg,train,c,c:PP02img1027_jpg,3
a_006818_jpg.jpg,train,a,a:006818_jpg,4
c_img400_jpg.jpg,train,c,c:img400_jpg,4
b_ppe_0904_jpg.jpg,train,b,b:ppe_0904_jpg,6
c_IMG_4921-2_mp4-57_jpg.jpg,val,c,c:IMG_4921-2_mp4-57_jpg,1
a_005628_jpg.jpg,val,a,a:005628_jpg,2
a_003474_jpg.jpg,train,a,a:003474_jpg,4
a_003872_jpg.jpg,train,a,a:003872_jpg,5
b_ppe_0000_jpg.jpg,test,b,b:ppe_0000_jpg,2
c_frame111_jpg.jpg,train,c,c:frame111_jpg,2
c_helmet999696_jpg.jpg,train,c,c:helmet999696_jpg,1
a_002778_jpg.jpg,train,a,a:002778_jpg,3
c_nglovpp236_jpg.jpg,train,c,c:nglovpp236_jpg,3
c_PP02img353_jpg.jpg,val,c,c:PP02img353_jpg,3
c_kp1753_jpg.jpg,train,c,c:kp1753_jpg,1
b_image_1174_jpg.jpg,val,b,b:image_1174_jpg,4
c_kp1152_jpg.jpg,train,c,c:kp1152_jpg,1
c_N5h_img_214_jpg.jpg,train,c,c:N5h_img_214_jpg,1
c_frame136--2-_jpg.jpg,train,c,c:frame136--2-_jpg,2
c_smartmi-3pcs-filter-mask-pm25-haze-dustproof-mask-with-vent_jpg.jpg,val,c,c:smartmi-3pcs-filter-mask-pm25-haze-dustproof-mask-with-vent_jpg,2
c_packing1524_jpg.jpg,train,c,c:packing1524_jpg,3
a_002971_jpg.jpg,train,a,a:002971_jpg,3
c_packing1041_jpg.jpg,train,c,c:packing1041_jpg,2
a_001163_jpg.jpg,train,a,a:001163_jpg,1
c_packing1879_jpg.jpg,train,c,c:packing1879_jpg,1
a_002981_jpg.jpg,train,a,a:002981_jpg,8
c_packing1659_jpg.jpg,train,c,c:packing1659_jpg,1
c_N5h_img_149_jpg.jpg,train,c,c:N5h_img_149_jpg,1
c_IMG_4921-2_mp4-30_jpg.jpg,train,c,c:IMG_4921-2_mp4-30_jpg,1
c_helmet999946_jpg.jpg,train,c,c:helmet999946_jpg,1
c_Inside-merge_mov-60_jpg.jpg,val,c,c:Inside-merge_mov-60_jpg,0
c_packing556_jpg.jpg,train,c,c:packing556_jpg,1
c_helmet999526_jpg.jpg,train,c,c:helmet999526_jpg,2
c_kp1991_jpg.jpg,train,c,c:kp1991_jpg,2
a_001310_jpg.jpg,train,a,a:001310_jpg,9
c_packing1018_jpg.jpg,val,c,c:packing1018_jpg,1
c_frame1631_jpg.jpg,train,c,c:frame1631_jpg,1
c_frame1229_jpg.jpg,test,c,c:frame1229_jpg,0
c_PP02img1286_jpg.jpg,train,c,c:PP02img1286_jpg,3
a_006211_jpg.jpg,train,a,a:006211_jpg,6
a_003408_jpg.jpg,train,a,a:003408_jpg,3
c_helmet999867_jpg.jpg,train,c,c:helmet999867_jpg,1
c_005401_jpg.jpg,train,c,c:005401_jpg,4
c_PP02img140_jpg.jpg,test,c,c:PP02img140_jpg,4
c_helmet999708_jpg.jpg,train,c,c:helmet999708_jpg,1
a_001776_jpg.jpg,train,a,a:001776_jpg,2
a_000887_jpg.jpg,train,a,a:000887_jpg,13
c_PP02img792_jpg.jpg,train,c,c:PP02img792_jpg,3
c_p11354_jpg.jpg,val,c,c:p11354_jpg,1
c_PPE_Data_612_jpg.jpg,train,c,c:PPE_Data_612_jpg,2
b_ppe_0717_jpg.jpg,val,b,b:ppe_0717_jpg,3
b_Aitin0942_jpg.jpg,train,b,b:Aitin0942_jpg,10
c_kp872_jpg.jpg,train,c,c:kp872_jpg,1
a_000484_jpg.jpg,train,a,a:000484_jpg,3
a_001321_jpg.jpg,val,a,a:001321_jpg,2
a_005825_jpg.jpg,train,a,a:005825_jpg,7
a_006501_jpg.jpg,train,a,a:006501_jpg,1
b_image_1743_jpg.jpg,train,b,b:image_1743_jpg,6
c_PP02img1446_jpg.jpg,train,c,c:PP02img1446_jpg,4
c_N5h_img_34_jpg.jpg,train,c,c:N5h_img_34_jpg,1
c_goggle8765135_jpg.jpg,test,c,c:goggle8765135_jpg,2
c_PP02img1413_jpg.jpg,train,c,c:PP02img1413_jpg,5
c_PPE_Data_242_jpg.jpg,test,c,c:PPE_Data_242_jpg,0
a_005558_jpg.jpg,train,a,a:005558_jpg,1
c_packing279_jpg.jpg,train,c,c:packing279_jpg,2
a_003623_jpg.jpg,val,a,a:003623_jpg,2
c_PP02img1209_jpg.jpg,train,c,c:PP02img1209_jpg,3
c_packing55_jpg.jpg,train,c,c:packing55_jpg,2
b_Video4_11_jpg.jpg,train,b,b:Video4_11_jpg,4
c_PP02img791_jpg.jpg,train,c,c:PP02img791_jpg,3
c_p65213148_jpg.jpg,train,c,c:p65213148_jpg,1
c_PP02img1001_jpg.jpg,train,c,c:PP02img1001_jpg,4
c_helmet999699_jpg.jpg,train,c,c:helmet999699_jpg,1
b_ppe_1189_jpg.jpg,train,b,b:ppe_1189_jpg,3
b_image_494_jpg.jpg,val,b,b:image_494_jpg,3
b_image_1216_jpg.jpg,train,b,b:image_1216_jpg,1
c_kp300_jpg.jpg,train,c,c:kp300_jpg,1
c_Nhh_img_135_jpg.jpg,train,c,c:Nhh_img_135_jpg,1
c_kp93_jpg.jpg,train,c,c:kp93_jpg,1
a_006095_jpg.jpg,train,a,a:006095_jpg,1
c_PP02img388_jpg.jpg,train,c,c:PP02img388_jpg,3
a_006424_jpg.jpg,train,a,a:006424_jpg,2
c_kp1176_jpg.jpg,train,c,c:kp1176_jpg,1
c_packing1415_jpg.jpg,train,c,c:packing1415_jpg,2
c_PP02img298_jpg.jpg,train,c,c:PP02img298_jpg,6
a_005366_jpg.jpg,train,a,a:005366_jpg,1
b_construction-crack-146741_jpg.jpg,val,b,b:construction-crack-146741_jpg,3
c_img374_jpg.jpg,val,c,c:img374_jpg,3
a_000555_jpg.jpg,train,a,a:000555_jpg,4
c_IMG_4921-2_mp4-118_jpg.jpg,val,c,c:IMG_4921-2_mp4-118_jpg,1
c_MX_img_79_jpg.jpg,test,c,c:MX_img_79_jpg,1
c_p113134_jpg.jpg,val,c,c:p113134_jpg,1
c_PP02img1468_jpg.jpg,train,c,c:PP02img1468_jpg,4
c_frame3794_jpg.jpg,val,c,c:frame3794_jpg,3
c_PP02img101_jpg.jpg,val,c,c:PP02img101_jpg,5
c_frame25--2-_jpg.jpg,test,c,c:frame25--2-_jpg,2
b_Twalv1015_jpg.jpg,train,b,b:Twalv1015_jpg,1
a_001773_jpg.jpg,train,a,a:001773_jpg,4
b_image_470_jpg.jpg,train,b,b:image_470_jpg,3
c_PXL_20210930_151841750_jpg.jpg,test,c,c:PXL_20210930_151841750_jpg,1
a_000501_jpg.jpg,train,a,a:000501_jpg,3
c_frame550_jpg.jpg,train,c,c:frame550_jpg,4
a_006421_jpg.jpg,train,a,a:006421_jpg,5
c_packing1123_jpg.jpg,train,c,c:packing1123_jpg,2
c_PP02img839_jpg.jpg,train,c,c:PP02img839_jpg,2
c_PP02img1277_jpg.jpg,val,c,c:PP02img1277_jpg,3
b_ppe_0591_jpg.jpg,train,b,b:ppe_0591_jpg,4
c_helmet999891_jpg.jpg,train,c,c:helmet999891_jpg,1
c_helmet999750_jpg.jpg,train,c,c:helmet999750_jpg,1
c_p65213187_jpg.jpg,train,c,c:p65213187_jpg,1
c_PP02img1486_jpg.jpg,test,c,c:PP02img1486_jpg,2
b_ppe_0869_jpg.jpg,train,b,b:ppe_0869_jpg,9
c_helmet9991186_jpg.jpg,train,c,c:helmet9991186_jpg,1
c_MX_img_34_jpg.jpg,test,c,c:MX_img_34_jpg,1
a_000196_jpg.jpg,train,a,a:000196_jpg,9
b_images-29-_jpg.jpg,train,b,b:images-29-_jpg,3
a_001413_jpg.jpg,test,a,a:001413_jpg,2
c_packing66_jpg.jpg,train,c,c:packing66_jpg,1
b_image_1282_jpg.jpg,train,b,b:image_1282_jpg,6
a_005614_jpg.jpg,train,a,a:005614_jpg,3
a_006732_jpg.jpg,train,a,a:006732_jpg,9
c_Mask-detector1_mov-11_jpg.jpg,train,c,c:Mask-detector1_mov-11_jpg,1
a_000526_jpg.jpg,train,a,a:000526_jpg,2
c_Nhh_img_40_jpg.jpg,train,c,c:Nhh_img_40_jpg,1
c_frame1185_jpg.jpg,train,c,c:frame1185_jpg,0
c_frame3827_jpg.jpg,train,c,c:frame3827_jpg,3
c_frame1156_jpg.jpg,train,c,c:frame1156_jpg,1
a_004658_jpg.jpg,train,a,a:004658_jpg,6
a_003292_jpg.jpg,train,a,a:003292_jpg,3
c_packing1847_jpg.jpg,train,c,c:packing1847_jpg,1
c_005381_jpg.jpg,val,c,c:005381_jpg,2
c_mask-wearing-1632937909919_png_jpg.jpg,train,c,c:mask-wearing-1632937909919_png_jpg,1
c_p656213120_jpg.jpg,val,c,c:p656213120_jpg,1
c_N5h_img_59_jpg.jpg,train,c,c:N5h_img_59_jpg,1
b_image_158_jpg.jpg,val,b,b:image_158_jpg,4
c_frame2831_jpg.jpg,train,c,c:frame2831_jpg,4
a_005327_jpg.jpg,train,a,a:005327_jpg,4
c_PP02img975_jpg.jpg,train,c,c:PP02img975_jpg,2
c_helmet9991173_jpg.jpg,train,c,c:helmet9991173_jpg,1
c_helmet9991201_jpg.jpg,train,c,c:helmet9991201_jpg,1
c_packing915_jpg.jpg,train,c,c:packing915_jpg,1
a_005818_jpg.jpg,train,a,a:005818_jpg,9
c_kp625_jpg.jpg,train,c,c:kp625_jpg,2
c_img317_jpg.jpg,train,c,c:img317_jpg,3
c_frame67--2-_jpg.jpg,test,c,c:frame67--2-_jpg,2
c_PPE_Data_702_jpg.jpg,train,c,c:PPE_Data_702_jpg,2
a_005326_jpg.jpg,train,a,a:005326_jpg,1
a_000371_jpg.jpg,train,a,a:000371_jpg,8
c_kp1409_jpg.jpg,train,c,c:kp1409_jpg,1
a_003524_jpg.jpg,train,a,a:003524_jpg,3
c_frame2869_jpg.jpg,val,c,c:frame2869_jpg,4
c_img171_jpg.jpg,train,c,c:img171_jpg,3
c_packing1818_jpg.jpg,val,c,c:packing1818_jpg,1
b_ppe_0820_jpg.jpg,train,b,b:ppe_0820_jpg,2
c_p113170_jpg.jpg,test,c,c:p113170_jpg,1
c_helmet999685_jpg.jpg,train,c,c:helmet999685_jpg,1
c_kp917_jpg.jpg,train,c,c:kp917_jpg,1
c_N5h_img_216_jpg.jpg,train,c,c:N5h_img_216_jpg,1
c_kp652_jpg.jpg,val,c,c:kp652_jpg,2
c_frame3820_jpg.jpg,train,c,c:frame3820_jpg,3
a_000354_jpg.jpg,train,a,a:000354_jpg,1
a_003296_jpg.jpg,train,a,a:003296_jpg,2
b_ppe_0066_jpg.jpg,train,b,b:ppe_0066_jpg,6
c_helmet9991211_jpg.jpg,train,c,c:helmet9991211_jpg,1
c_p656213117_jpg.jpg,val,c,c:p656213117_jpg,1
c_15h_img_297_jpg.jpg,train,c,c:15h_img_297_jpg,1
c_goggle876532_jpg.jpg,train,c,c:goggle876532_jpg,4
b_AightDuo0193_jpg.jpg,val,b,b:AightDuo0193_jpg,4
c_nglov35_jpg.jpg,train,c,c:nglov35_jpg,2
a_005177_jpg.jpg,test,a,a:005177_jpg,4
c_packing708_jpg.jpg,train,c,c:packing708_jpg,1
c_kp324_jpg.jpg,train,c,c:kp324_jpg,1
c_img252_jpg.jpg,train,c,c:img252_jpg,5
b_Photin0972_jpg.jpg,train,b,b:Photin0972_jpg,1
c_packing1867_jpg.jpg,train,c,c:packing1867_jpg,1
c_frame145_jpg.jpg,train,c,c:frame145_jpg,0
c_kp1437_jpg.jpg,val,c,c:kp1437_jpg,1
c_kp279_jpg.jpg,val,c,c:kp279_jpg,1
c_goggle8765152_jpg.jpg,train,c,c:goggle8765152_jpg,3
a_002299_jpg.jpg,val,a,a:002299_jpg,6
c_nglov132_jpg.jpg,test,c,c:nglov132_jpg,3
c_PPE_Data_567_jpg.jpg,train,c,c:PPE_Data_567_jpg,2
a_005091_jpg.jpg,train,a,a:005091_jpg,8
a_005020_jpg.jpg,train,a,a:005020_jpg,5
c_kp94_jpg.jpg,val,c,c:kp94_jpg,1
a_003207_jpg.jpg,test,a,a:003207_jpg,3
c_packing856_jpg.jpg,train,c,c:packing856_jpg,3
c_PP02img2_jpg.jpg,train,c,c:PP02img2_jpg,4
a_002253_jpg.jpg,test,a,a:002253_jpg,11
b_00016_jpg.jpg,val,b,b:00016_jpg,1
b_ppe_0666_jpg.jpg,train,b,b:ppe_0666_jpg,6
a_007034_jpg.jpg,train,a,a:007034_jpg,1
c_N5h_img_86_jpg.jpg,train,c,c:N5h_img_86_jpg,1
c_frame3789_jpg.jpg,train,c,c:frame3789_jpg,3
b_ppe_0331_jpg.jpg,test,b,b:ppe_0331_jpg,3
c_005446_jpg.jpg,train,c,c:005446_jpg,3
c_NVR-09_Trim_new_Trim-2506_jpg.jpg,test,c,c:NVR-09_Trim_new_Trim-2506_jpg,3
a_003033_jpg.jpg,train,a,a:003033_jpg,4
c_PP02img509_jpg.jpg,train,c,c:PP02img509_jpg,5
a_001263_jpg.jpg,val,a,a:001263_jpg,4
c_fglov198_jpg.jpg,train,c,c:fglov198_jpg,5
c_kp268_jpg.jpg,train,c,c:kp268_jpg,1
b_image_1320_jpg.jpg,train,b,b:image_1320_jpg,1
c_img44_jpg.jpg,train,c,c:img44_jpg,4
c_frame14_jpg.jpg,train,c,c:frame14_jpg,2
a_006910_jpg.jpg,train,a,a:006910_jpg,12
c_PP02img823_jpg.jpg,test,c,c:PP02img823_jpg,4
a_003594_jpg.jpg,train,a,a:003594_jpg,2
a_004167_jpg.jpg,test,a,a:004167_jpg,4
c_kp1366_jpg.jpg,train,c,c:kp1366_jpg,1
c_kp1997_jpg.jpg,val,c,c:kp1997_jpg,1
c_kp1835_jpg.jpg,train,c,c:kp1835_jpg,1
c_IMG_4921-2_mp4-20_jpg.jpg,val,c,c:IMG_4921-2_mp4-20_jpg,1
c_Nhh_img_128_jpg.jpg,train,c,c:Nhh_img_128_jpg,1
c_mask-wearing-1632932076943_png_jpg.jpg,val,c,c:mask-wearing-1632932076943_png_jpg,2
c_packing1161_jpg.jpg,train,c,c:packing1161_jpg,2
c_PP02img739_jpg.jpg,train,c,c:PP02img739_jpg,3
c_PP02img794_jpg.jpg,train,c,c:PP02img794_jpg,4
c_005400_jpg.jpg,val,c,c:005400_jpg,2
a_004348_jpg.jpg,train,a,a:004348_jpg,4
c_packing1366_jpg.jpg,train,c,c:packing1366_jpg,1
c_N5h_img_64_jpg.jpg,val,c,c:N5h_img_64_jpg,1
c_kp1125_jpg.jpg,train,c,c:kp1125_jpg,1
c_PP02img507_jpg.jpg,train,c,c:PP02img507_jpg,4
c_kp871_jpg.jpg,train,c,c:kp871_jpg,1
c_packing176_jpg.jpg,train,c,c:packing176_jpg,2
c_p11347_jpg.jpg,val,c,c:p11347_jpg,1
c_1_R_kFK9pNLfKAuopY_lAaPQ_jpeg_jpg.jpg,train,c,c:1_R_kFK9pNLfKAuopY_lAaPQ_jpeg_jpg,3
c_Mask2_mov-10_jpg.jpg,test,c,c:Mask2_mov-10_jpg,1
c_nglov32_jpg.jpg,train,c,c:nglov32_jpg,1
c_005393_jpg.jpg,val,c,c:005393_jpg,12
c_packing153_jpg.jpg,train,c,c:packing153_jpg,2
c_IMG_4921-2_mp4-112_jpg.jpg,train,c,c:IMG_4921-2_mp4-112_jpg,1
c_frame298_jpg.jpg,train,c,c:frame298_jpg,1
c_PP02img1079_jpg.jpg,val,c,c:PP02img1079_jpg,4
c_kp857_jpg.jpg,train,c,c:kp857_jpg,1
c_frame2987_jpg.jpg,train,c,c:frame2987_jpg,2
c_p656213191_jpg.jpg,test,c,c:p656213191_jpg,1
a_005569_jpg.jpg,train,a,a:005569_jpg,2
c_helmet999597_jpg.jpg,train,c,c:helmet999597_jpg,1
c_nglovpp3181_jpg.jpg,train,c,c:nglovpp3181_jpg,1
a_002677_jpg.jpg,test,a,a:002677_jpg,4
c_1152x768_246964803156_jpg.jpg,val,c,c:1152x768_246964803156_jpg,9
a_003693_jpg.jpg,test,a,a:003693_jpg,10
b_image_286_jpg.jpg,train,b,b:image_286_jpg,3
c_1580053154-5839_jpg.jpg,train,c,c:1580053154-5839_jpg,7
c_PP02img1384_jpg.jpg,train,c,c:PP02img1384_jpg,4
b_image_1472_jpg.jpg,val,b,b:image_1472_jpg,3
c_packing794_jpg.jpg,train,c,c:packing794_jpg,1
c_helmet999511_jpg.jpg,test,c,c:helmet999511_jpg,1
c_packing699_jpg.jpg,val,c,c:packing699_jpg,1
b_ppe_0942_jpg.jpg,val,b,b:ppe_0942_jpg,3
b_image_336_jpg.jpg,test,b,b:image_336_jpg,3
c_r1000019q689461s9r0_jpg.jpg,test,c,c:r1000019q689461s9r0_jpg,1
c_helmet999822_jpg.jpg,train,c,c:helmet999822_jpg,1
a_000550_jpg.jpg,val,a,a:000550_jpg,2
a_002471_jpg.jpg,train,a,a:002471_jpg,3
b_ppe_0510_jpg.jpg,val,b,b:ppe_0510_jpg,4
a_006655_jpg.jpg,train,a,a:006655_jpg,1
c_mo-justin-mask-NoMask_mov-34_jpg.jpg,train,c,c:mo-justin-mask-NoMask_mov-34_jpg,2
b_00048_jpg.jpg,val,b,b:00048_jpg,2
b_ppe_0507_jpg.jpg,train,b,b:ppe_0507_jpg,2
a_002575_jpg.jpg,train,a,a:002575_jpg,10
c_nglov155_jpg.jpg,train,c,c:nglov155_jpg,3
c_frame601_jpg.jpg,test,c,c:frame601_jpg,2
a_001551_jpg.jpg,train,a,a:001551_jpg,1
c_frame1303--2-_jpg.jpg,val,c,c:frame1303--2-_jpg,0
c_PP02img980_jpg.jpg,train,c,c:PP02img980_jpg,2
c_frame985_jpg.jpg,train,c,c:frame985_jpg,1
c_packing1243_jpg.jpg,train,c,c:packing1243_jpg,1
a_003630_jpg.jpg,train,a,a:003630_jpg,1
c_kp1014_jpg.jpg,train,c,c:kp1014_jpg,1
c_NVR-09_Trim_new_Trim-0873_jpg.jpg,train,c,c:NVR-09_Trim_new_Trim-0873_jpg,1
c_nglov139_jpg.jpg,train,c,c:nglov139_jpg,7
b_image_915_jpg.jpg,train,b,b:image_915_jpg,3
a_000141_jpg.jpg,train,a,a:000141_jpg,13
b_Video1_185_jpg.jpg,train,b,b:Video1_185_jpg,4
c_kp1572_jpg.jpg,train,c,c:kp1572_jpg,2
c_kp1876_jpg.jpg,train,c,c:kp1876_jpg,1
c_PP02img800_jpg.jpg,val,c,c:PP02img800_jpg,2
a_002233_jpg.jpg,val,a,a:002233_jpg,1
a_000813_jpg.jpg,val,a,a:000813_jpg,4
c_mo-justin-mask-NoMask_mov-7_jpg.jpg,train,c,c:mo-justin-mask-NoMask_mov-7_jpg,2
b_image_724_jpg.jpg,train,b,b:image_724_jpg,6
a_002987_jpg.jpg,val,a,a:002987_jpg,4
c_frame1384_jpg.jpg,train,c,c:frame1384_jpg,0
b_images-2022-07-04T014003_jpg.jpg,test,b,b:images-2022-07-04T014003_jpg,2
c_kp1698_jpg.jpg,train,c,c:kp1698_jpg,1
b_Video4_24_jpg.jpg,test,b,b:Video4_24_jpg,4
a_000718_jpg.jpg,train,a,a:000718_jpg,5
c_p11333_jpg.jpg,val,c,c:p11333_jpg,1
a_002625_jpg.jpg,val,a,a:002625_jpg,2
c_frame102--2-_jpg.jpg,test,c,c:frame102--2-_jpg,1
c_kp964_jpg.jpg,train,c,c:kp964_jpg,1
c_IMG_4921-2_mp4-14_jpg.jpg,train,c,c:IMG_4921-2_mp4-14_jpg,1
b_ppe_1115_jpg.jpg,train,b,b:ppe_1115_jpg,4
c_mask-wearing-1632937595401_png_jpg.jpg,train,c,c:mask-wearing-1632937595401_png_jpg,1
c_PP02img771_jpg.jpg,train,c,c:PP02img771_jpg,6
c_img127_jpg.jpg,train,c,c:img127_jpg,4
a_005908_jpg.jpg,val,a,a:005908_jpg,2
b_Video2_0_jpg.jpg,val,b,b:Video2_0_jpg,4
c_nglovpp249_jpg.jpg,train,c,c:nglovpp249_jpg,3
a_004726_jpg.jpg,train,a,a:004726_jpg,11
c_helmet999930_jpg.jpg,train,c,c:helmet999930_jpg,1
b_Video4_247_jpg.jpg,train,b,b:Video4_247_jpg,4
c_packing1549_jpg.jpg,train,c,c:packing1549_jpg,2
a_002605_jpg.jpg,test,a,a:002605_jpg,3
b_ppe_0495_jpg.jpg,train,b,b:ppe_0495_jpg,5
c_frame1291_jpg.jpg,val,c,c:frame1291_jpg,1
c_p113173_jpg.jpg,test,c,c:p113173_jpg,1
c_p1138_jpg.jpg,val,c,c:p1138_jpg,3
c_PP02img1432_jpg.jpg,val,c,c:PP02img1432_jpg,5
c_frame80--3-_jpg.jpg,val,c,c:frame80--3-_jpg,2
c_PP02img1255_jpg.jpg,val,c,c:PP02img1255_jpg,4
b_ppe_0705_jpg.jpg,train,b,b:ppe_0705_jpg,4
c_MX_img_109_jpg.jpg,val,c,c:MX_img_109_jpg,1
a_001135_jpg.jpg,train,a,a:001135_jpg,11
c_frame986_jpg.jpg,val,c,c:frame986_jpg,1
c_helmet9991224_jpg.jpg,test,c,c:helmet9991224_jpg,1
c_IMG_4921-2_mp4-121_jpg.jpg,train,c,c:IMG_4921-2_mp4-121_jpg,1
c_PPE_Data_75_jpg.jpg,train,c,c:PPE_Data_75_jpg,0
c_packing1182_jpg.jpg,train,c,c:packing1182_jpg,2
c_frame1326_jpg.jpg,test,c,c:frame1326_jpg,2
c_Nhh_img_172_jpg.jpg,train,c,c:Nhh_img_172_jpg,1
c_kp1411_jpg.jpg,train,c,c:kp1411_jpg,1
a_005121_jpg.jpg,val,a,a:005121_jpg,11
a_006360_jpg.jpg,val,a,a:006360_jpg,3
c_p651324_jpg.jpg,train,c,c:p651324_jpg,1
c_packing743_jpg.jpg,train,c,c:packing743_jpg,1
a_005277_jpg.jpg,train,a,a:005277_jpg,1
a_001478_jpg.jpg,train,a,a:001478_jpg,15
c_IMG_4921-2_mp4-78_jpg.jpg,train,c,c:IMG_4921-2_mp4-78_jpg,1
a_004234_jpg.jpg,train,a,a:004234_jpg,12
c_PP02img1392_jpg.jpg,train,c,c:PP02img1392_jpg,6
c_img212_jpg.jpg,train,c,c:img212_jpg,4
c_PP02img6_jpg.jpg,train,c,c:PP02img6_jpg,5
c_IMG_4921-2_mp4-109_jpg.jpg,train,c,c:IMG_4921-2_mp4-109_jpg,1
b_image_393_jpg.jpg,train,b,b:image_393_jpg,3
c_img57_jpg.jpg,train,c,c:img57_jpg,5
b_Nein7025_jpg.jpg,train,b,b:Nein7025_jpg,1
c_kp930_jpg.jpg,train,c,c:kp930_jpg,1
b_Video4_222_jpg.jpg,train,b,b:Video4_222_jpg,4
c_kp1090_jpg.jpg,train,c,c:kp1090_jpg,2
b_ppe_0814_jpg.jpg,train,b,b:ppe_0814_jpg,10
c_helmet999539_jpg.jpg,train,c,c:helmet999539_jpg,1
c_PP02img208_jpg.jpg,test,c,c:PP02img208_jpg,4
c_kp767_jpg.jpg,test,c,c:kp767_jpg,1
a_001233_jpg.jpg,train,a,a:001233_jpg,3
c_helmet9991163_jpg.jpg,val,c,c:helmet9991163_jpg,1
c_kp726_jpg.jpg,train,c,c:kp726_jpg,1
c_frame88--2-_jpg.jpg,train,c,c:frame88--2-_jpg,2
a_003973_jpg.jpg,train,a,a:003973_jpg,7
c_15h_img_271_jpg.jpg,train,c,c:15h_img_271_jpg,1
c_15h_img_272_jpg.jpg,test,c,c:15h_img_272_jpg,1
c_packing1631_jpg.jpg,val,c,c:packing1631_jpg,1
c_PP02img318_jpg.jpg,val,c,c:PP02img318_jpg,3
c_packing617_jpg.jpg,train,c,c:packing617_jpg,2
c_NX_img_9_jpg.jpg,train,c,c:NX_img_9_jpg,1
b_ppe_0140_jpg.jpg,test,b,b:ppe_0140_jpg,2
c_PP02img1429_jpg.jpg,val,c,c:PP02img1429_jpg,6
c_PP02img308_jpg.jpg,test,c,c:PP02img308_jpg,5
c_PPE_Data_672_jpg.jpg,val,c,c:PPE_Data_672_jpg,1
c_packing1693_jpg.jpg,train,c,c:packing1693_jpg,2
c_frame24_jpg.jpg,train,c,c:frame24_jpg,2
a_001142_jpg.jpg,train,a,a:001142_jpg,3
c_kp702_jpg.jpg,train,c,c:kp702_jpg,1
b_ppe_1117_jpg.jpg,val,b,b:ppe_1117_jpg,3
b_ppe_0051_jpg.jpg,val,b,b:ppe_0051_jpg,2
b_image_1686_jpg.jpg,train,b,b:image_1686_jpg,6
b_thumb0333_jpg.jpg,val,b,b:thumb0333_jpg,2
c_NVR-09_Trim_3-575_jpg.jpg,val,c,c:NVR-09_Trim_3-575_jpg,0
c_kp618_jpg.jpg,test,c,c:kp618_jpg,1
c_p113116_jpg.jpg,train,c,c:p113116_jpg,1
c_img276_jpg.jpg,test,c,c:img276_jpg,3
c_kp253_jpg.jpg,train,c,c:kp253_jpg,1
c_packing1445_jpg.jpg,train,c,c:packing1445_jpg,2
c_kp39_jpg.jpg,val,c,c:kp39_jpg,1
b_images-2022-07-04T013820_jpg.jpg,val,b,b:images-2022-07-04T013820_jpg,1
c_helmet9991031_jpg.jpg,val,c,c:helmet9991031_jpg,1
c_Inside-merge_mov-29_jpg.jpg,train,c,c:Inside-merge_mov-29_jpg,0
a_002656_jpg.jpg,train,a,a:002656_jpg,2
c_PPE_Data_989_jpg.jpg,train,c,c:PPE_Data_989_jpg,0
c_packing1574_jpg.jpg,test,c,c:packing1574_jpg,2
c_NVR-09_Trim_3-590_jpg.jpg,train,c,c:NVR-09_Trim_3-590_jpg,0
b_Video3_241_jpg.jpg,train,b,b:Video3_241_jpg,6
a_005903_jpg.jpg,train,a,a:005903_jpg,1
c_frame2948_jpg.jpg,train,c,c:frame2948_jpg,2
b_image_712_jpg.jpg,train,b,b:image_712_jpg,5
a_003743_jpg.jpg,train,a,a:003743_jpg,1
c_Nhh_img_144_jpg.jpg,train,c,c:Nhh_img_144_jpg,1
a_000269_jpg.jpg,val,a,a:000269_jpg,6
c_kp739_jpg.jpg,train,c,c:kp739_jpg,1
c_packing1334_jpg.jpg,train,c,c:packing1334_jpg,2
c_packing801_jpg.jpg,train,c,c:packing801_jpg,1
a_006903_jpg.jpg,train,a,a:006903_jpg,1
c_Mask-detector1_mov-41_jpg.jpg,test,c,c:Mask-detector1_mov-41_jpg,1
c_img371_jpg.jpg,train,c,c:img371_jpg,2
c_kp532_jpg.jpg,train,c,c:kp532_jpg,2
c_mask-wearing-1632939959240_png_jpg.jpg,val,c,c:mask-wearing-1632939959240_png_jpg,1
c_helmet9991167_jpg.jpg,val,c,c:helmet9991167_jpg,1
a_004098_jpg.jpg,train,a,a:004098_jpg,8
c_frame2214_jpg.jpg,val,c,c:frame2214_jpg,0
c_p651350_jpg.jpg,train,c,c:p651350_jpg,1
c_helmet9991176_jpg.jpg,val,c,c:helmet9991176_jpg,1
a_005285_jpg.jpg,train,a,a:005285_jpg,1
b_Video4_223_jpg.jpg,train,b,b:Video4_223_jpg,4
a_005994_jpg.jpg,train,a,a:005994_jpg,4
c_r1400018548960op29s_jpg.jpg,test,c,c:r1400018548960op29s_jpg,1
c_packing1504_jpg.jpg,train,c,c:packing1504_jpg,3
c_frame1426_jpg.jpg,val,c,c:frame1426_jpg,1
b_00486_jpg.jpg,train,b,b:00486_jpg,3
c_PPE_Data_213_jpg.jpg,val,c,c:PPE_Data_213_jpg,2
b_Video4_9_jpg.jpg,val,b,b:Video4_9_jpg,4
b_Tan0757757_jpg.jpg,test,b,b:Tan0757757_jpg,1
a_005311_jpg.jpg,train,a,a:005311_jpg,3
c_frame1307_jpg.jpg,train,c,c:frame1307_jpg,1
c_PPE_Data_268_jpg.jpg,train,c,c:PPE_Data_268_jpg,2
a_003344_jpg.jpg,train,a,a:003344_jpg,8
c_PP02img1456_jpg.jpg,val,c,c:PP02img1456_jpg,4
c_img489_jpg.jpg,train,c,c:img489_jpg,4
c_IMG_4920_mov-9_jpg.jpg,val,c,c:IMG_4920_mov-9_jpg,1
c_packing790_jpg.jpg,train,c,c:packing790_jpg,1
a_000377_jpg.jpg,val,a,a:000377_jpg,2
c_frame2134_jpg.jpg,train,c,c:frame2134_jpg,1
c_packing1969_jpg.jpg,train,c,c:packing1969_jpg,1
b_ppe_1030_jpg.jpg,test,b,b:ppe_1030_jpg,1
a_002468_jpg.jpg,train,a,a:002468_jpg,3
a_004184_jpg.jpg,train,a,a:004184_jpg,2
c_packing1891_jpg.jpg,train,c,c:packing1891_jpg,1
c_012106_jpg_1140x855_jpg.jpg,train,c,c:012106_jpg_1140x855_jpg,1
b_ppe_0752_jpg.jpg,train,b,b:ppe_0752_jpg,5
a_001385_jpg.jpg,train,a,a:001385_jpg,9
c_frame1120_jpg.jpg,train,c,c:frame1120_jpg,1
b_IMG-20221020-WA0074_jpg.jpg,test,b,b:IMG-20221020-WA0074_jpg,1
a_005529_jpg.jpg,train,a,a:005529_jpg,2
c_N5h_img_33_jpg.jpg,train,c,c:N5h_img_33_jpg,1
a_002466_jpg.jpg,train,a,a:002466_jpg,11
a_006336_jpg.jpg,train,a,a:006336_jpg,5
c_frame1153--2-_jpg.jpg,train,c,c:frame1153--2-_jpg,0
a_000554_jpg.jpg,val,a,a:000554_jpg,2
a_006218_jpg.jpg,test,a,a:006218_jpg,1
b_ppe_1279_jpg.jpg,train,b,b:ppe_1279_jpg,7
b_image_944_jpg.jpg,train,b,b:image_944_jpg,10
a_005085_jpg.jpg,train,a,a:005085_jpg,6
c_packing774_jpg.jpg,train,c,c:packing774_jpg,1
c_NVR-09_Trim_new_Trim-0327_jpg.jpg,train,c,c:NVR-09_Trim_new_Trim-0327_jpg,0
c_helmet999514_jpg.jpg,test,c,c:helmet999514_jpg,3
c_p651321_jpg.jpg,train,c,c:p651321_jpg,1
b_Video3_33_jpg.jpg,train,b,b:Video3_33_jpg,6
b_image_848_jpg.jpg,test,b,b:image_848_jpg,3
a_004862_jpg.jpg,train,a,a:004862_jpg,2
b_Aitin0586_jpg.jpg,train,b,b:Aitin0586_jpg,2
c_packing1993_jpg.jpg,train,c,c:packing1993_jpg,1
c_kp312_jpg.jpg,train,c,c:kp312_jpg,1
c_Mask-detector1_mov-51_jpg.jpg,val,c,c:Mask-detector1_mov-51_jpg,1
b_image_5_jpg.jpg,train,b,b:image_5_jpg,14
b_image_705_jpg.jpg,train,b,b:image_705_jpg,3
c_helmet999950_jpg.jpg,train,c,c:helmet999950_jpg,1
c_p113140_jpg.jpg,val,c,c:p113140_jpg,1
c_packing1793_jpg.jpg,train,c,c:packing1793_jpg,2
a_004436_jpg.jpg,train,a,a:004436_jpg,1
a_003127_jpg.jpg,val,a,a:003127_jpg,11
c_PPE_Data_248_jpg.jpg,val,c,c:PPE_Data_248_jpg,2
c_kp2_jpg.jpg,train,c,c:kp2_jpg,2
b_image_199_jpg.jpg,train,b,b:image_199_jpg,6
c_frame119_jpg.jpg,val,c,c:frame119_jpg,2
c_mask-wearing-1632937724099_png_jpg.jpg,train,c,c:mask-wearing-1632937724099_png_jpg,1
a_000074_jpg.jpg,train,a,a:000074_jpg,1
a_003822_jpg.jpg,train,a,a:003822_jpg,1
c_MX_img_150_jpg.jpg,test,c,c:MX_img_150_jpg,1
a_005144_jpg.jpg,train,a,a:005144_jpg,8
c_kp1668_jpg.jpg,val,c,c:kp1668_jpg,1
c_kp441_jpg.jpg,train,c,c:kp441_jpg,1
c_helmet999892_jpg.jpg,train,c,c:helmet999892_jpg,1
c_packing579_jpg.jpg,train,c,c:packing579_jpg,2
c_p651346_jpg.jpg,train,c,c:p651346_jpg,1
b_ppe_0557_jpg.jpg,train,b,b:ppe_0557_jpg,8
a_001846_jpg.jpg,train,a,a:001846_jpg,1
c_PP02img362_jpg.jpg,train,c,c:PP02img362_jpg,5
b_Aitin1378_jpg.jpg,train,b,b:Aitin1378_jpg,12
c_kp1581_jpg.jpg,train,c,c:kp1581_jpg,2
a_002820_jpg.jpg,test,a,a:002820_jpg,4
c_PP02img1500_jpg.jpg,train,c,c:PP02img1500_jpg,3
c_kp1395_jpg.jpg,test,c,c:kp1395_jpg,1
c_helmet999509_jpg.jpg,train,c,c:helmet999509_jpg,1
c_Nhh_img_194_jpg.jpg,train,c,c:Nhh_img_194_jpg,1
c_frame1157_jpg.jpg,val,c,c:frame1157_jpg,1
a_002205_jpg.jpg,train,a,a:002205_jpg,3
c_packing931_jpg.jpg,train,c,c:packing931_jpg,2
a_000934_jpg.jpg,train,a,a:000934_jpg,10
b_Video3_167_jpg.jpg,train,b,b:Video3_167_jpg,6
b_image_526_jpg.jpg,train,b,b:image_526_jpg,2
c_NVR-09_Trim_new_Trim-1772_jpg.jpg,train,c,c:NVR-09_Trim_new_Trim-1772_jpg,0
c_frame2358_jpg.jpg,test,c,c:frame2358_jpg,0
a_005845_jpg.jpg,train,a,a:005845_jpg,3
c_kp457_jpg.jpg,train,c,c:kp457_jpg,1
a_006519_jpg.jpg,train,a,a:006519_jpg,4
c_nglovpp35_jpg.jpg,train,c,c:nglovpp35_jpg,1
b_image_1588_jpg.jpg,val,b,b:image_1588_jpg,3
b_00090_jpg.jpg,train,b,b:00090_jpg,4
c_packing1972_jpg.jpg,train,c,c:packing1972_jpg,1
a_000194_jpg.jpg,train,a,a:000194_jpg,5
c_IMG_4921-2_mp4-51_jpg.jpg,train,c,c:IMG_4921-2_mp4-51_jpg,1
c_packing736_jpg.jpg,train,c,c:packing736_jpg,3
a_006557_jpg.jpg,train,a,a:006557_jpg,2
c_fglov189_jpg.jpg,train,c,c:fglov189_jpg,2
c_img33_jpg.jpg,train,c,c:img33_jpg,5
b_ppe_0884_jpg.jpg,train,b,b:ppe_0884_jpg,1
c_packing552_jpg.jpg,train,c,c:packing552_jpg,1
c_nglovpp253_jpg.jpg,train,c,c:nglovpp253_jpg,2
a_007019_jpg.jpg,test,a,a:007019_jpg,5
a_006641_jpg.jpg,val,a,a:006641_jpg,2
a_001523_jpg.jpg,val,a,a:001523_jpg,2
a_000961_jpg.jpg,train,a,a:000961_jpg,12
a_000562_jpg.jpg,train,a,a:000562_jpg,9
c_helmet999712_jpg.jpg,train,c,c:helmet999712_jpg,1
c_nglov80_jpg.jpg,test,c,c:nglov80_jpg,1
c_PPE_Data_771_jpg.jpg,train,c,c:PPE_Data_771_jpg,0
c_mo-justin-mask-NoMask_mov-16_jpg.jpg,train,c,c:mo-justin-mask-NoMask_mov-16_jpg,2
c_kp136_jpg.jpg,train,c,c:kp136_jpg,1
b_Video2_9_jpg.jpg,train,b,b:Video2_9_jpg,4
a_006848_jpg.jpg,train,a,a:006848_jpg,4
c_helmet999709_jpg.jpg,train,c,c:helmet999709_jpg,1
c_packing1130_jpg.jpg,train,c,c:packing1130_jpg,2
c_mask-wearing-1632937777478_png_jpg.jpg,train,c,c:mask-wearing-1632937777478_png_jpg,1
c_kp558_jpg.jpg,val,c,c:kp558_jpg,2
c_kp1725_jpg.jpg,val,c,c:kp1725_jpg,1
b_ppe_1213_jpg.jpg,train,b,b:ppe_1213_jpg,2
c_helmet999923_jpg.jpg,train,c,c:helmet999923_jpg,2
c_PP02img1370_jpg.jpg,train,c,c:PP02img1370_jpg,5
c_packing90_jpg.jpg,val,c,c:packing90_jpg,1
c_kp1693_jpg.jpg,train,c,c:kp1693_jpg,1
b_image_32_jpg.jpg,train,b,b:image_32_jpg,6
c_IMG_4921-2_mp4-65_jpg.jpg,train,c,c:IMG_4921-2_mp4-65_jpg,1
b_Video2_16_jpg.jpg,train,b,b:Video2_16_jpg,6
c_fglov113_jpg.jpg,train,c,c:fglov113_jpg,3
c_frame62--2-_jpg.jpg,val,c,c:frame62--2-_jpg,2
a_003008_jpg.jpg,train,a,a:003008_jpg,5
c_mask-wearing-1632937768842_png_jpg.jpg,val,c,c:mask-wearing-1632937768842_png_jpg,1
c_frame70--2-_jpg.jpg,val,c,c:frame70--2-_jpg,2
c_005399_jpg.jpg,val,c,c:005399_jpg,2
a_006545_jpg.jpg,train,a,a:006545_jpg,1
b_image_472_jpg.jpg,val,b,b:image_472_jpg,3
c_kp1103_jpg.jpg,train,c,c:kp1103_jpg,1
c_p65621342_jpg.jpg,test,c,c:p65621342_jpg,1
a_003458_jpg.jpg,train,a,a:003458_jpg,1
a_006598_jpg.jpg,val,a,a:006598_jpg,2
c_packing1689_jpg.jpg,test,c,c:packing1689_jpg,2
c_packing536_jpg.jpg,train,c,c:packing536_jpg,1
a_006989_jpg.jpg,train,a,a:006989_jpg,6
c_helmet9991150_jpg.jpg,train,c,c:helmet9991150_jpg,1
c_PP02img686_jpg.jpg,train,c,c:PP02img686_jpg,2
a_003405_jpg.jpg,train,a,a:003405_jpg,4
c_PP02img228_jpg.jpg,train,c,c:PP02img228_jpg,2
a_003156_jpg.jpg,train,a,a:003156_jpg,2
a_006549_jpg.jpg,train,a,a:006549_jpg,10
a_003947_jpg.jpg,train,a,a:003947_jpg,9
c_PPE_Data_254_jpg.jpg,train,c,c:PPE_Data_254_jpg,1
a_002501_jpg.jpg,train,a,a:002501_jpg,4
c_helmet999899_jpg.jpg,train,c,c:helmet999899_jpg,1
b_image_1193_jpg.jpg,test,b,b:image_1193_jpg,5
c_frame446_jpg.jpg,val,c,c:frame446_jpg,0
c_nglovpp277_jpg.jpg,val,c,c:nglovpp277_jpg,4
c_nglovpp229_jpg.jpg,train,c,c:nglovpp229_jpg,2
a_002316_jpg.jpg,train,a,a:002316_jpg,8
a_001546_jpg.jpg,train,a,a:001546_jpg,3
c_packing1684_jpg.jpg,train,c,c:packing1684_jpg,3
c_helmet999821_jpg.jpg,train,c,c:helmet999821_jpg,2
c_packing1532_jpg.jpg,train,c,c:packing1532_jpg,1
a_004926_jpg.jpg,train,a,a:004926_jpg,1
b_Video3_113_jpg.jpg,train,b,b:Video3_113_jpg,4
c_PP02img804_jpg.jpg,val,c,c:PP02img804_jpg,3
c_nglov81_jpg.jpg,train,c,c:nglov81_jpg,1
c_frame2218_jpg.jpg,train,c,c:frame2218_jpg,0
b_Video1_9_jpg.jpg,train,b,b:Video1_9_jpg,4
c_nglovpp2147_jpg.jpg,test,c,c:nglovpp2147_jpg,4
c_Inside-merge_mov-50_jpg.jpg,train,c,c:Inside-merge_mov-50_jpg,0
c_goggle87656_jpg.jpg,test,c,c:goggle87656_jpg,2
c_p11325_jpg.jpg,val,c,c:p11325_jpg,2
c_kp95_jpg.jpg,train,c,c:kp95_jpg,1
c_kp1526_jpg.jpg,train,c,c:kp1526_jpg,2
c_N5h_img_78_jpg.jpg,test,c,c:N5h_img_78_jpg,2
b_image_296_jpg.jpg,train,b,b:image_296_jpg,2
a_006826_jpg.jpg,train,a,a:006826_jpg,1
a_000780_jpg.jpg,train,a,a:000780_jpg,3
c_packing1785_jpg.jpg,train,c,c:packing1785_jpg,2
c_packing1086_jpg.jpg,train,c,c:packing1086_jpg,3
c_frame50_jpg.jpg,train,c,c:frame50_jpg,2
c_goggle876580_jpg.jpg,train,c,c:goggle876580_jpg,4
c_kp821_jpg.jpg,test,c,c:kp821_jpg,1
a_006551_jpg.jpg,train,a,a:006551_jpg,3
c_kp162_jpg.jpg,train,c,c:kp162_jpg,1
c_kp1631_jpg.jpg,train,c,c:kp1631_jpg,2
b_Video4_58_jpg.jpg,test,b,b:Video4_58_jpg,4
b_TsirinTu0020_jpg.jpg,train,b,b:TsirinTu0020_jpg,7
c_kp427_jpg.jpg,train,c,c:kp427_jpg,1
a_005679_jpg.jpg,train,a,a:005679_jpg,2
a_001797_jpg.jpg,train,a,a:001797_jpg,1
b_image_579_jpg.jpg,test,b,b:image_579_jpg,3
b_image_696_jpg.jpg,val,b,b:image_696_jpg,3
c_helmet9991156_jpg.jpg,train,c,c:helmet9991156_jpg,1
c_img78_jpg.jpg,train,c,c:img78_jpg,5
c_nglovpp2193_jpg.jpg,train,c,c:nglovpp2193_jpg,3
c_packing1411_jpg.jpg,val,c,c:packing1411_jpg,1
c_packing236_jpg.jpg,train,c,c:packing236_jpg,2
c_img221_jpg.jpg,train,c,c:img221_jpg,3
b_ppe_0916_jpg.jpg,train,b,b:ppe_0916_jpg,4
c_helmet9991084_jpg.jpg,train,c,c:helmet9991084_jpg,1
c_PP02img693_jpg.jpg,val,c,c:PP02img693_jpg,4
c_packing215_jpg.jpg,test,c,c:packing215_jpg,2
c_15h_img_296_jpg.jpg,train,c,c:15h_img_296_jpg,1
c_helmet999848_jpg.jpg,train,c,c:helmet999848_jpg,1
c_005330_jpg.jpg,train,c,c:005330_jpg,2
c_NX_img_24_jpg.jpg,val,c,c:NX_img_24_jpg,1
a_005919_jpg.jpg,train,a,a:005919_jpg,13
c_PP02img207_jpg.jpg,val,c,c:PP02img207_jpg,7
c_packing1431_jpg.jpg,test,c,c:packing1431_jpg,1
c_PP02img569_jpg.jpg,val,c,c:PP02img569_jpg,7
a_000492_jpg.jpg,train,a,a:000492_jpg,1
c_PP02img1469_jpg.jpg,val,c,c:PP02img1469_jpg,3
c_PPE_Data_627_jpg.jpg,train,c,c:PPE_Data_627_jpg,2
c_Mask2_mov-25_jpg.jpg,train,c,c:Mask2_mov-25_jpg,1
c_PP02img548_jpg.jpg,val,c,c:PP02img548_jpg,6
a_006976_jpg.jpg,train,a,a:006976_jpg,3
c_Inside-merge_mov-12_jpg.jpg,train,c,c:Inside-merge_mov-12_jpg,0
c_goggle876523_jpg.jpg,train,c,c:goggle876523_jpg,4
a_005578_jpg.jpg,val,a,a:005578_jpg,3
c_packing776_jpg.jpg,train,c,c:packing776_jpg,2
c_N5h_img_58_jpg.jpg,train,c,c:N5h_img_58_jpg,1
c_15h_img_269_jpg.jpg,test,c,c:15h_img_269_jpg,1
c_frame455_jpg.jpg,test,c,c:frame455_jpg,2
c_kp714_jpg.jpg,train,c,c:kp714_jpg,1
c_NX_img_176_jpg.jpg,train,c,c:NX_img_176_jpg,1
a_002115_jpg.jpg,train,a,a:002115_jpg,1
c_packing839_jpg.jpg,train,c,c:packing839_jpg,2
a_005832_jpg.jpg,train,a,a:005832_jpg,9
c_kp1636_jpg.jpg,train,c,c:kp1636_jpg,1
c_kp1648_jpg.jpg,train,c,c:kp1648_jpg,1
c_p656213121_jpg.jpg,train,c,c:p656213121_jpg,1
c_goggle8765139_jpg.jpg,val,c,c:goggle8765139_jpg,3
c_frame270_jpg.jpg,train,c,c:frame270_jpg,1
b_ppe_0058_jpg.jpg,train,b,b:ppe_0058_jpg,5
a_002639_jpg.jpg,train,a,a:002639_jpg,2
c_PXL_20210930_152059714_jpg.jpg,test,c,c:PXL_20210930_152059714_jpg,1
c_frame120--2-_jpg.jpg,val,c,c:frame120--2-_jpg,1
c_goggle876521_jpg.jpg,train,c,c:goggle876521_jpg,4
b_image_1394_jpg.jpg,train,b,b:image_1394_jpg,1
a_001331_jpg.jpg,train,a,a:001331_jpg,2
b_Photin1153_jpg.jpg,test,b,b:Photin1153_jpg,1
b_Video4_69_jpg.jpg,val,b,b:Video4_69_jpg,4
c_frame1381_jpg.jpg,test,c,c:frame1381_jpg,0
c_packing65_jpg.jpg,train,c,c:packing65_jpg,2
a_002080_jpg.jpg,train,a,a:002080_jpg,3
c_PP02img157_jpg.jpg,val,c,c:PP02img157_jpg,2
a_005625_jpg.jpg,train,a,a:005625_jpg,1
c_IMG_4921-2_mp4-114_jpg.jpg,train,c,c:IMG_4921-2_mp4-114_jpg,1
c_nglovpp332_jpg.jpg,train,c,c:nglovpp332_jpg,2
b_image_1528_jpg.jpg,val,b,b:image_1528_jpg,3
a_004680_jpg.jpg,train,a,a:004680_jpg,1
b_ppe_0149_jpg.jpg,train,b,b:ppe_0149_jpg,13
c_packing1449_jpg.jpg,val,c,c:packing1449_jpg,1
c_PP02img150_jpg.jpg,train,c,c:PP02img150_jpg,2
b_ppe_0034_jpg.jpg,val,b,b:ppe_0034_jpg,27
a_005738_jpg.jpg,train,a,a:005738_jpg,3
c_kp991_jpg.jpg,train,c,c:kp991_jpg,1
c_kp1283_jpg.jpg,train,c,c:kp1283_jpg,1
a_002730_jpg.jpg,train,a,a:002730_jpg,1
b_image_682_jpg.jpg,test,b,b:image_682_jpg,3
b_image_490_jpg.jpg,train,b,b:image_490_jpg,3
b_ppe_1287_jpg.jpg,train,b,b:ppe_1287_jpg,4
c_img307_jpg.jpg,train,c,c:img307_jpg,4
a_000600_jpg.jpg,val,a,a:000600_jpg,2
c_packing1583_jpg.jpg,val,c,c:packing1583_jpg,1
a_000545_jpg.jpg,train,a,a:000545_jpg,8
b_TsirinOne0031_jpg.jpg,train,b,b:TsirinOne0031_jpg,8
c_005366_jpg.jpg,train,c,c:005366_jpg,1
c_kp1560_jpg.jpg,train,c,c:kp1560_jpg,2
c_img60_jpg.jpg,train,c,c:img60_jpg,4
c_N5h_img_22_jpg.jpg,train,c,c:N5h_img_22_jpg,1
c_img163_jpg.jpg,train,c,c:img163_jpg,4
c_frame91_jpg.jpg,val,c,c:frame91_jpg,2
c_frame2988_jpg.jpg,val,c,c:frame2988_jpg,2
a_000527_jpg.jpg,train,a,a:000527_jpg,4
a_004768_jpg.jpg,val,a,a:004768_jpg,2
c_p65213130_jpg.jpg,train,c,c:p65213130_jpg,1
c_packing592_jpg.jpg,train,c,c:packing592_jpg,1
c_kp1156_jpg.jpg,val,c,c:kp1156_jpg,1
a_001825_jpg.jpg,test,a,a:001825_jpg,12
c_packing19_jpg.jpg,train,c,c:packing19_jpg,3
c_kp1682_jpg.jpg,train,c,c:kp1682_jpg,1
c_nglov42_jpg.jpg,train,c,c:nglov42_jpg,1
a_006882_jpg.jpg,train,a,a:006882_jpg,8
a_006783_jpg.jpg,val,a,a:006783_jpg,3
c_frame786_jpg.jpg,train,c,c:frame786_jpg,3
c_img147_jpg.jpg,val,c,c:img147_jpg,6
b_ppe_0113_jpg.jpg,test,b,b:ppe_0113_jpg,3
c_frame2300_jpg.jpg,train,c,c:frame2300_jpg,2
c_kp658_jpg.jpg,val,c,c:kp658_jpg,1
c_kp1052_jpg.jpg,val,c,c:kp1052_jpg,1
c_goggle876537_jpg.jpg,train,c,c:goggle876537_jpg,4
c_kp1446_jpg.jpg,train,c,c:kp1446_jpg,1
b_ppe_0202_jpg.jpg,train,b,b:ppe_0202_jpg,5
c_PP02img1223_jpg.jpg,train,c,c:PP02img1223_jpg,3
b_ppe_0469_jpg.jpg,val,b,b:ppe_0469_jpg,2
c_p65213189_jpg.jpg,train,c,c:p65213189_jpg,1
c_kp997_jpg.jpg,val,c,c:kp997_jpg,1
a_001264_jpg.jpg,val,a,a:001264_jpg,2
a_000789_jpg.jpg,train,a,a:000789_jpg,2
c_helmet999580_jpg.jpg,val,c,c:helmet999580_jpg,1
c_frame474_jpg.jpg,train,c,c:frame474_jpg,2
c_kp1413_jpg.jpg,train,c,c:kp1413_jpg,1
b_ppe_0597_jpg.jpg,train,b,b:ppe_0597_jpg,6
c_packing1653_jpg.jpg,train,c,c:packing1653_jpg,2
c_nglov165_jpg.jpg,val,c,c:nglov165_jpg,2
c_packing1423_jpg.jpg,train,c,c:packing1423_jpg,2
b_image_607_jpg.jpg,train,b,b:image_607_jpg,8
a_001558_jpg.jpg,val,a,a:001558_jpg,12
c_img259_jpg.jpg,val,c,c:img259_jpg,3
a_004384_jpg.jpg,train,a,a:004384_jpg,1
c_PP02img1069_jpg.jpg,test,c,c:PP02img1069_jpg,2
c_Nhh_img_162_jpg.jpg,train,c,c:Nhh_img_162_jpg,2
c_PPE_Data_165_jpg.jpg,train,c,c:PPE_Data_165_jpg,1
c_fglov1104_jpg.jpg,test,c,c:fglov1104_jpg,5
c_packing174_jpg.jpg,val,c,c:packing174_jpg,3
a_003086_jpg.jpg,train,a,a:003086_jpg,3
c_kp582_jpg.jpg,train,c,c:kp582_jpg,2
b_image_373_jpg.jpg,test,b,b:image_373_jpg,4
c_helmet999611_jpg.jpg,val,c,c:helmet999611_jpg,1
c_kp283_jpg.jpg,train,c,c:kp283_jpg,1
c_1196686205_jpg_14_jpg.jpg,train,c,c:1196686205_jpg_14_jpg,3
c_PP02img1395_jpg.jpg,train,c,c:PP02img1395_jpg,5
c_nglovpp3186_jpg.jpg,train,c,c:nglovpp3186_jpg,1
c_packing1269_jpg.jpg,train,c,c:packing1269_jpg,2
c_fglov1168_jpg.jpg,train,c,c:fglov1168_jpg,2
c_p65621343_jpg.jpg,train,c,c:p65621343_jpg,1
c_rally-against-an-anti-mask-law-meant-to-deter-anti-government-protesters-in-ho.jpg,train,c,c:rally-against-an-anti-mask-law-meant-to-deter-anti-government-protesters-in-hong-kong-china-shutterstock-editorial-10435716z_jpg,12
a_000995_jpg.jpg,val,a,a:000995_jpg,1
c_kp275_jpg.jpg,train,c,c:kp275_jpg,1
c_MX_img_128_jpg.jpg,test,c,c:MX_img_128_jpg,1
c_packing1258_jpg.jpg,train,c,c:packing1258_jpg,2
b_image_428_jpg.jpg,train,b,b:image_428_jpg,3
c_Mask-detector1_mov-22_jpg.jpg,val,c,c:Mask-detector1_mov-22_jpg,1
b_Video3_276_jpg.jpg,val,b,b:Video3_276_jpg,4
c_kp58_jpg.jpg,train,c,c:kp58_jpg,1
c_1125506397_15801322207531n_jpg.jpg,val,c,c:1125506397_15801322207531n_jpg,3
c_kp504_jpg.jpg,train,c,c:kp504_jpg,1
a_000474_jpg.jpg,train,a,a:000474_jpg,1
c_nglov77_jpg.jpg,train,c,c:nglov77_jpg,3
c_goggle876577_jpg.jpg,train,c,c:goggle876577_jpg,3
c_kp543_jpg.jpg,test,c,c:kp543_jpg,2
c_packing1048_jpg.jpg,val,c,c:packing1048_jpg,1
b_Aitin4257_jpg.jpg,train,b,b:Aitin4257_jpg,7
c_kp995_jpg.jpg,val,c,c:kp995_jpg,1
c_PP02img1366_jpg.jpg,train,c,c:PP02img1366_jpg,5
c_PP02img180_jpg.jpg,val,c,c:PP02img180_jpg,5
c_mo-justin-mask-NoMask_mov-20_jpg.jpg,train,c,c:mo-justin-mask-NoMask_mov-20_jpg,2
c_img487_jpg.jpg,val,c,c:img487_jpg,5
c_packing1940_jpg.jpg,test,c,c:packing1940_jpg,1
c_packing1695_jpg.jpg,train,c,c:packing1695_jpg,1
c_helmet999800_jpg.jpg,train,c,c:helmet999800_jpg,1
c_frame1213_jpg.jpg,test,c,c:frame1213_jpg,0
c_PPE_Data_39_jpg.jpg,test,c,c:PPE_Data_39_jpg,2
b_image_169_jpg.jpg,train,b,b:image_169_jpg,6
c_kp110_jpg.jpg,train,c,c:kp110_jpg,1
b_image_824_jpg.jpg,test,b,b:image_824_jpg,3
c_p11367_jpg.jpg,val,c,c:p11367_jpg,1
a_005009_jpg.jpg,train,a,a:005009_jpg,1
a_000743_jpg.jpg,train,a,a:000743_jpg,1
c_helmet999654_jpg.jpg,train,c,c:helmet999654_jpg,1
c_nglov19_jpg.jpg,val,c,c:nglov19_jpg,5
a_001467_jpg.jpg,train,a,a:001467_jpg,1
c_kp1174_jpg.jpg,train,c,c:kp1174_jpg,1
c_frame86_jpg.jpg,train,c,c:frame86_jpg,3
c_nglovpp283_jpg.jpg,train,c,c:nglovpp283_jpg,2
a_006387_jpg.jpg,train,a,a:006387_jpg,2
c_frame140--3-_jpg.jpg,test,c,c:frame140--3-_jpg,2
c_PP02img1348_jpg.jpg,test,c,c:PP02img1348_jpg,4
c_kp1604_jpg.jpg,test,c,c:kp1604_jpg,1
c_kp1675_jpg.jpg,val,c,c:kp1675_jpg,1
c_packing1554_jpg.jpg,train,c,c:packing1554_jpg,3
c_frame1330_jpg.jpg,train,c,c:frame1330_jpg,2
a_004137_jpg.jpg,train,a,a:004137_jpg,1
b_Video3_141_jpg.jpg,train,b,b:Video3_141_jpg,4
c_PP02img466_jpg.jpg,train,c,c:PP02img466_jpg,4
c_PP02img1242_jpg.jpg,train,c,c:PP02img1242_jpg,4
c_mo-justin-mask-NoMask_mov-14_jpg.jpg,train,c,c:mo-justin-mask-NoMask_mov-14_jpg,2
c_PP02img1066_jpg.jpg,train,c,c:PP02img1066_jpg,2
b_ppe_0689_jpg.jpg,test,b,b:ppe_0689_jpg,16
c_p113197_jpg.jpg,train,c,c:p113197_jpg,1
b_Video2_12_jpg.jpg,train,b,b:Video2_12_jpg,4
b_Video3_12_jpg.jpg,train,b,b:Video3_12_jpg,4
c_PP02img205_jpg.jpg,val,c,c:PP02img205_jpg,3
c_005441_jpg.jpg,train,c,c:005441_jpg,2
a_006452_jpg.jpg,train,a,a:006452_jpg,8
a_003470_jpg.jpg,train,a,a:003470_jpg,3
b_ppe_1144_jpg.jpg,test,b,b:ppe_1144_jpg,2
c_kp501_jpg.jpg,train,c,c:kp501_jpg,1
b_ppe_0125_jpg.jpg,test,b,b:ppe_0125_jpg,2
c_mask-wearing-1632937722261_png_jpg.jpg,test,c,c:mask-wearing-1632937722261_png_jpg,1
b_ppe_0907_jpg.jpg,train,b,b:ppe_0907_jpg,4
a_001802_jpg.jpg,train,a,a:001802_jpg,3
a_004735_jpg.jpg,train,a,a:004735_jpg,1
a_002861_jpg.jpg,train,a,a:002861_jpg,5
c_helmet9991012_jpg.jpg,train,c,c:helmet9991012_jpg,1
c_packing1386_jpg.jpg,train,c,c:packing1386_jpg,2
a_004022_jpg.jpg,train,a,a:004022_jpg,3
a_003363_jpg.jpg,train,a,a:003363_jpg,2
c_Nhh_img_192_jpg.jpg,train,c,c:Nhh_img_192_jpg,1
c_PP02img701_jpg.jpg,val,c,c:PP02img701_jpg,3
c_IMG_4921-2_mp4-35_jpg.jpg,test,c,c:IMG_4921-2_mp4-35_jpg,1
b_ppe_0221_jpg.jpg,val,b,b:ppe_0221_jpg,3
c_PPE_Data_641_jpg.jpg,train,c,c:PPE_Data_641_jpg,2
c_no-mask_mov-4_jpg.jpg,train,c,c:no-mask_mov-4_jpg,1
c_IMG_4921-2_mp4-43_jpg.jpg,train,c,c:IMG_4921-2_mp4-43_jpg,1
c_PPE_Data_547_jpg.jpg,train,c,c:PPE_Data_547_jpg,2
b_ppe_1017_jpg.jpg,train,b,b:ppe_1017_jpg,12
c_kp1370_jpg.jpg,train,c,c:kp1370_jpg,1
c_helmet999790_jpg.jpg,train,c,c:helmet999790_jpg,1
a_005274_jpg.jpg,train,a,a:005274_jpg,4
c_005521_jpg.jpg,train,c,c:005521_jpg,6
b_image_1111_jpg.jpg,val,b,b:image_1111_jpg,3
b_image_126_jpg.jpg,test,b,b:image_126_jpg,3
c_fglov1106_jpg.jpg,test,c,c:fglov1106_jpg,3
c_packing166_jpg.jpg,train,c,c:packing166_jpg,2
c_packing184_jpg.jpg,train,c,c:packing184_jpg,2
b_image_350_jpg.jpg,train,b,b:image_350_jpg,2
c_N5h_img_145_jpg.jpg,train,c,c:N5h_img_145_jpg,1
c_kp121_jpg.jpg,train,c,c:kp121_jpg,1
c_PP02img426_jpg.jpg,train,c,c:PP02img426_jpg,5
a_003269_jpg.jpg,train,a,a:003269_jpg,1
c_PP02img1445_jpg.jpg,train,c,c:PP02img1445_jpg,5
c_helmet999883_jpg.jpg,train,c,c:helmet999883_jpg,1
a_002268_jpg.jpg,val,a,a:002268_jpg,11
c_nglov57_jpg.jpg,train,c,c:nglov57_jpg,3
c_nglovpp360_jpg.jpg,train,c,c:nglovpp360_jpg,1
c_kp1701_jpg.jpg,train,c,c:kp1701_jpg,1
c_PP02img65_jpg.jpg,test,c,c:PP02img65_jpg,5
c_PP02img921_jpg.jpg,train,c,c:PP02img921_jpg,2
c_frame2313_jpg.jpg,train,c,c:frame2313_jpg,0
c_kp636_jpg.jpg,train,c,c:kp636_jpg,2
a_003113_jpg.jpg,train,a,a:003113_jpg,4
c_NVR-09_Trim_new_Trim-2500_jpg.jpg,train,c,c:NVR-09_Trim_new_Trim-2500_jpg,3
a_003490_jpg.jpg,train,a,a:003490_jpg,6
b_image_422_jpg.jpg,train,b,b:image_422_jpg,3
c_goggle876531_jpg.jpg,train,c,c:goggle876531_jpg,4
b_image_1434_jpg.jpg,test,b,b:image_1434_jpg,2
c_kp615_jpg.jpg,val,c,c:kp615_jpg,2
c_PP02img526_jpg.jpg,train,c,c:PP02img526_jpg,6
a_005952_jpg.jpg,val,a,a:005952_jpg,2
c_helmet999668_jpg.jpg,train,c,c:helmet999668_jpg,1
c_helmet9991076_jpg.jpg,train,c,c:helmet9991076_jpg,1
c_kp1592_jpg.jpg,val,c,c:kp1592_jpg,1
a_005058_jpg.jpg,train,a,a:005058_jpg,4
c_kp1119_jpg.jpg,train,c,c:kp1119_jpg,1
c_IMG_4921-2_mp4-68_jpg.jpg,train,c,c:IMG_4921-2_mp4-68_jpg,1
a_005179_jpg.jpg,train,a,a:005179_jpg,1
b_ppe_0988_jpg.jpg,train,b,b:ppe_0988_jpg,9
c_PP02img1044_jpg.jpg,test,c,c:PP02img1044_jpg,3
c_nglovpp284_jpg.jpg,train,c,c:nglovpp284_jpg,3
a_005943_jpg.jpg,val,a,a:005943_jpg,2
a_002756_jpg.jpg,train,a,a:002756_jpg,1
c_kp757_jpg.jpg,test,c,c:kp757_jpg,2
c_mask-wearing-1632933663065_png_jpg.jpg,train,c,c:mask-wearing-1632933663065_png_jpg,9
a_004818_jpg.jpg,train,a,a:004818_jpg,1
b_Video3_34_jpg.jpg,train,b,b:Video3_34_jpg,5
a_005354_jpg.jpg,train,a,a:005354_jpg,1
c_frame2638_jpg.jpg,train,c,c:frame2638_jpg,2
c_helmet9991110_jpg.jpg,train,c,c:helmet9991110_jpg,1
a_000373_jpg.jpg,train,a,a:000373_jpg,11
a_002774_jpg.jpg,train,a,a:002774_jpg,7
a_001899_jpg.jpg,train,a,a:001899_jpg,7
c_PP02img334_jpg.jpg,val,c,c:PP02img334_jpg,7
a_006707_jpg.jpg,train,a,a:006707_jpg,1
c_img51_jpg.jpg,train,c,c:img51_jpg,5
a_004511_jpg.jpg,test,a,a:004511_jpg,11
c_fglov162_jpg.jpg,train,c,c:fglov162_jpg,5
b_ppe_0430_jpg.jpg,train,b,b:ppe_0430_jpg,2
b_Video2_82_jpg.jpg,train,b,b:Video2_82_jpg,4
c_kp1076_jpg.jpg,train,c,c:kp1076_jpg,1
a_002512_jpg.jpg,train,a,a:002512_jpg,9
a_000824_jpg.jpg,train,a,a:000824_jpg,2
c_kp1059_jpg.jpg,val,c,c:kp1059_jpg,1
c_helmet999540_jpg.jpg,val,c,c:helmet999540_jpg,1
a_005573_jpg.jpg,train,a,a:005573_jpg,8
c_kp631_jpg.jpg,val,c,c:kp631_jpg,2
a_003494_jpg.jpg,train,a,a:003494_jpg,5
a_002698_jpg.jpg,train,a,a:002698_jpg,3
a_000267_jpg.jpg,train,a,a:000267_jpg,2
c_packing68_jpg.jpg,train,c,c:packing68_jpg,1
a_001844_jpg.jpg,train,a,a:001844_jpg,4
c_frame981_jpg.jpg,train,c,c:frame981_jpg,1
a_007023_jpg.jpg,train,a,a:007023_jpg,1
a_003353_jpg.jpg,train,a,a:003353_jpg,4
c_Nhh_img_148_jpg.jpg,train,c,c:Nhh_img_148_jpg,1
c_packing975_jpg.jpg,train,c,c:packing975_jpg,1
c_packing1895_jpg.jpg,train,c,c:packing1895_jpg,1
a_000906_jpg.jpg,train,a,a:000906_jpg,1
a_003036_jpg.jpg,train,a,a:003036_jpg,1
a_005481_jpg.jpg,val,a,a:005481_jpg,2
a_001185_jpg.jpg,train,a,a:001185_jpg,3
c_packing1626_jpg.jpg,train,c,c:packing1626_jpg,3
c_PP02img1238_jpg.jpg,train,c,c:PP02img1238_jpg,2
a_000497_jpg.jpg,train,a,a:000497_jpg,1
a_002144_jpg.jpg,train,a,a:002144_jpg,4
a_003153_jpg.jpg,train,a,a:003153_jpg,7
c_005445_jpg.jpg,val,c,c:005445_jpg,10
a_002166_jpg.jpg,train,a,a:002166_jpg,3
a_003663_jpg.jpg,val,a,a:003663_jpg,14
c_img97_jpg.jpg,train,c,c:img97_jpg,6
c_packing116_jpg.jpg,train,c,c:packing116_jpg,3
b_image_232_jpg.jpg,train,b,b:image_232_jpg,6
a_006280_jpg.jpg,train,a,a:006280_jpg,1
c_packing214_jpg.jpg,test,c,c:packing214_jpg,3
c_mask-wearing-1632937934178_png_jpg.jpg,train,c,c:mask-wearing-1632937934178_png_jpg,1
c_frame734_jpg.jpg,train,c,c:frame734_jpg,3
c_packing700_jpg.jpg,train,c,c:packing700_jpg,1
a_000803_jpg.jpg,train,a,a:000803_jpg,2
c_PP02img1447_jpg.jpg,train,c,c:PP02img1447_jpg,5
c_packing1990_jpg.jpg,train,c,c:packing1990_jpg,1
b_ppe_0225_jpg.jpg,train,b,b:ppe_0225_jpg,3
c_goggle8765145_jpg.jpg,train,c,c:goggle8765145_jpg,1
c_MX_img_118_jpg.jpg,test,c,c:MX_img_118_jpg,1
a_003908_jpg.jpg,train,a,a:003908_jpg,11
b_ppe_0878_jpg.jpg,train,b,b:ppe_0878_jpg,2
c_kp1731_jpg.jpg,train,c,c:kp1731_jpg,1
b_ppe_0443_jpg.jpg,train,b,b:ppe_0443_jpg,10
c_PP02img113_jpg.jpg,val,c,c:PP02img113_jpg,6
a_000467_jpg.jpg,train,a,a:000467_jpg,2
c_kp192_jpg.jpg,train,c,c:kp192_jpg,1
a_003293_jpg.jpg,val,a,a:003293_jpg,10
a_002105_jpg.jpg,train,a,a:002105_jpg,4
c_N5h_img_221_jpg.jpg,train,c,c:N5h_img_221_jpg,1
c_kp1112_jpg.jpg,train,c,c:kp1112_jpg,1
c_p651325_jpg.jpg,train,c,c:p651325_jpg,1
c_PXL_20210930_151849553_jpg.jpg,val,c,c:PXL_20210930_151849553_jpg,1
c_PP02img893_jpg.jpg,train,c,c:PP02img893_jpg,1
c_packing1213_jpg.jpg,train,c,c:packing1213_jpg,2
c_fglov1200_jpg.jpg,train,c,c:fglov1200_jpg,1
c_p65213169_jpg.jpg,train,c,c:p65213169_jpg,1
a_006132_jpg.jpg,train,a,a:006132_jpg,7
c_PP02img29_jpg.jpg,val,c,c:PP02img29_jpg,5
a_004330_jpg.jpg,val,a,a:004330_jpg,2
a_006055_jpg.jpg,train,a,a:006055_jpg,1
c_packing77_jpg.jpg,train,c,c:packing77_jpg,2
a_004577_jpg.jpg,val,a,a:004577_jpg,11
b_ppe_0175_jpg.jpg,test,b,b:ppe_0175_jpg,2
c_goggle8765142_jpg.jpg,train,c,c:goggle8765142_jpg,3
c_helmet999520_jpg.jpg,test,c,c:helmet999520_jpg,2
b_ppe_1165_jpg.jpg,train,b,b:ppe_1165_jpg,1
b_Video3_288_jpg.jpg,train,b,b:Video3_288_jpg,4
c_frame1194_jpg.jpg,train,c,c:frame1194_jpg,0
c_kp62_jpg.jpg,train,c,c:kp62_jpg,1
a_000347_jpg.jpg,train,a,a:000347_jpg,1
c_helmet999906_jpg.jpg,val,c,c:helmet999906_jpg,1
c_packing1705_jpg.jpg,train,c,c:packing1705_jpg,1
c_frame1174_jpg.jpg,test,c,c:frame1174_jpg,0
a_002672_jpg.jpg,test,a,a:002672_jpg,4
c_kp396_jpg.jpg,train,c,c:kp396_jpg,1
b_Video1_33_jpg.jpg,test,b,b:Video1_33_jpg,6
b_image_15_jpg.jpg,test,b,b:image_15_jpg,8
b_image_491_jpg.jpg,test,b,b:image_491_jpg,3
c_kp1540_jpg.jpg,train,c,c:kp1540_jpg,2
c_helmet9991130_jpg.jpg,train,c,c:helmet9991130_jpg,1
c_packing1369_jpg.jpg,val,c,c:packing1369_jpg,1
a_002634_jpg.jpg,val,a,a:002634_jpg,2
a_005129_jpg.jpg,train,a,a:005129_jpg,14
a_005407_jpg.jpg,val,a,a:005407_jpg,5
c_img13_jpg.jpg,train,c,c:img13_jpg,6
a_002118_jpg.jpg,test,a,a:002118_jpg,6
c_PP02img844_jpg.jpg,train,c,c:PP02img844_jpg,2
c_packing1978_jpg.jpg,train,c,c:packing1978_jpg,1
b_image_1070_jpg.jpg,train,b,b:image_1070_jpg,4
a_001361_jpg.jpg,val,a,a:001361_jpg,2
b_ppe_0685_jpg.jpg,val,b,b:ppe_0685_jpg,3
c_005334_jpg.jpg,train,c,c:005334_jpg,2
b_ppe_0830_jpg.jpg,train,b,b:ppe_0830_jpg,3
c_helmet999990_jpg.jpg,train,c,c:helmet999990_jpg,1
a_001469_jpg.jpg,val,a,a:001469_jpg,2
c_NVR-09_Trim_new_Trim-2316_jpg.jpg,train,c,c:NVR-09_Trim_new_Trim-2316_jpg,0
c_packing1855_jpg.jpg,train,c,c:packing1855_jpg,1
c_PP02img1460_jpg.jpg,val,c,c:PP02img1460_jpg,6
c_N5h_img_235_jpg.jpg,train,c,c:N5h_img_235_jpg,1
b_image_604_jpg.jpg,test,b,b:image_604_jpg,3
a_004102_jpg.jpg,train,a,a:004102_jpg,2
a_001645_jpg.jpg,train,a,a:001645_jpg,1
a_004573_jpg.jpg,train,a,a:004573_jpg,6
b_AightOne0167_jpg.jpg,train,b,b:AightOne0167_jpg,4
a_000470_jpg.jpg,train,a,a:000470_jpg,2
c_frame1155_jpg.jpg,train,c,c:frame1155_jpg,1
c_mask-wearing-1632932316350_png_jpg.jpg,test,c,c:mask-wearing-1632932316350_png_jpg,1
c_download--7-_jpeg_jpg.jpg,train,c,c:download--7-_jpeg_jpg,1
a_003373_jpg.jpg,train,a,a:003373_jpg,2
c_PP02img1070_jpg.jpg,val,c,c:PP02img1070_jpg,3
c_packing1348_jpg.jpg,train,c,c:packing1348_jpg,2
c_img463_jpg.jpg,train,c,c:img463_jpg,4
c_kp973_jpg.jpg,train,c,c:kp973_jpg,1
c_PP02img1158_jpg.jpg,train,c,c:PP02img1158_jpg,4
c_helmet999975_jpg.jpg,train,c,c:helmet999975_jpg,1
c_img203_jpg.jpg,train,c,c:img203_jpg,4
c_packing1543_jpg.jpg,train,c,c:packing1543_jpg,3
b_Video2_5_jpg.jpg,train,b,b:Video2_5_jpg,4
c_nglov59_jpg.jpg,test,c,c:nglov59_jpg,3
a_000798_jpg.jpg,train,a,a:000798_jpg,1
c_nglov156_jpg.jpg,train,c,c:nglov156_jpg,5
c_p113147_jpg.jpg,test,c,c:p113147_jpg,1
c_packing291_jpg.jpg,train,c,c:packing291_jpg,1
b_ppe_1252_jpg.jpg,train,b,b:ppe_1252_jpg,5
c_kp1235_jpg.jpg,train,c,c:kp1235_jpg,1
c_packing1024_jpg.jpg,train,c,c:packing1024_jpg,2
c_PP02img413_jpg.jpg,val,c,c:PP02img413_jpg,6
b_image_1557_jpg.jpg,test,b,b:image_1557_jpg,3
b_KakaoTalk_20221018_001425789_07_jpg.jpg,train,b,b:KakaoTalk_20221018_001425789_07_jpg,6
a_004313_jpg.jpg,val,a,a:004313_jpg,2
c_goggle8765166_jpg.jpg,train,c,c:goggle8765166_jpg,2
c_packing694_jpg.jpg,val,c,c:packing694_jpg,1
c_packing30_jpg.jpg,test,c,c:packing30_jpg,1
c_N5h_img_60_jpg.jpg,train,c,c:N5h_img_60_jpg,1
c_kp1298_jpg.jpg,train,c,c:kp1298_jpg,1
c_packing1355_jpg.jpg,train,c,c:packing1355_jpg,1
c_kp1483_jpg.jpg,train,c,c:kp1483_jpg,1
c_img359_jpg.jpg,train,c,c:img359_jpg,1
c_kp1679_jpg.jpg,val,c,c:kp1679_jpg,1
c_kp1954_jpg.jpg,train,c,c:kp1954_jpg,1
c_fglov1105_jpg.jpg,val,c,c:fglov1105_jpg,6
c_kp1139_jpg.jpg,train,c,c:kp1139_jpg,1
b_00097_jpg.jpg,val,b,b:00097_jpg,1
a_005199_jpg.jpg,test,a,a:005199_jpg,1
a_005550_jpg.jpg,train,a,a:005550_jpg,3
a_003848_jpg.jpg,train,a,a:003848_jpg,6
c_frame1302_jpg.jpg,train,c,c:frame1302_jpg,1
c_N5h_img_25_jpg.jpg,train,c,c:N5h_img_25_jpg,1
c_fglov1149_jpg.jpg,train,c,c:fglov1149_jpg,4
a_004897_jpg.jpg,train,a,a:004897_jpg,1
b_ppe_0683_jpg.jpg,test,b,b:ppe_0683_jpg,27
c_PP02img570_jpg.jpg,train,c,c:PP02img570_jpg,7
c_packing1195_jpg.jpg,train,c,c:packing1195_jpg,2
c_kp37_jpg.jpg,train,c,c:kp37_jpg,2
c_helmet999722_jpg.jpg,train,c,c:helmet999722_jpg,1
b_ppe_1241_jpg.jpg,train,b,b:ppe_1241_jpg,3
c_kp101_jpg.jpg,train,c,c:kp101_jpg,1
b_ppe_0020_jpg.jpg,train,b,b:ppe_0020_jpg,2
c_PP02img753_jpg.jpg,test,c,c:PP02img753_jpg,4
c_PP02img1042_jpg.jpg,train,c,c:PP02img1042_jpg,4
b_image_1723_jpg.jpg,train,b,b:image_1723_jpg,3
a_005786_jpg.jpg,train,a,a:005786_jpg,8
c_no-mask_mov-26_jpg.jpg,train,c,c:no-mask_mov-26_jpg,1
c_packing1231_jpg.jpg,train,c,c:packing1231_jpg,1
a_003918_jpg.jpg,train,a,a:003918_jpg,1
c_packing939_jpg.jpg,train,c,c:packing939_jpg,2
c_005422_jpg.jpg,train,c,c:005422_jpg,1
c_p656213190_jpg.jpg,train,c,c:p656213190_jpg,1
c_nglov100_jpg.jpg,val,c,c:nglov100_jpg,4
c_MX_img_127_jpg.jpg,val,c,c:MX_img_127_jpg,1
c_kp281_jpg.jpg,train,c,c:kp281_jpg,1
c_MX_img_168_jpg.jpg,train,c,c:MX_img_168_jpg,1
a_005996_jpg.jpg,train,a,a:005996_jpg,1
c_packing1103_jpg.jpg,train,c,c:packing1103_jpg,2
c_fglov174_jpg.jpg,train,c,c:fglov174_jpg,4
c_kp1332_jpg.jpg,train,c,c:kp1332_jpg,1
c_frame3734_jpg.jpg,train,c,c:frame3734_jpg,2
b_ppe_0547_jpg.jpg,test,b,b:ppe_0547_jpg,9
c_N5h_img_40_jpg.jpg,train,c,c:N5h_img_40_jpg,1
c_kp233_jpg.jpg,train,c,c:kp233_jpg,1
a_000326_jpg.jpg,val,a,a:000326_jpg,2
c_frame453_jpg.jpg,train,c,c:frame453_jpg,2
b_image_143_jpg.jpg,train,b,b:image_143_jpg,3
c_frame3782_jpg.jpg,val,c,c:frame3782_jpg,3
c_005512_jpg.jpg,val,c,c:005512_jpg,6
c_frame3772_jpg.jpg,val,c,c:frame3772_jpg,3
b_ppe_0342_jpg.jpg,train,b,b:ppe_0342_jpg,8
b_ppe_0828_jpg.jpg,train,b,b:ppe_0828_jpg,6
c_goggle876568_jpg.jpg,val,c,c:goggle876568_jpg,3
c_p651330_jpg.jpg,train,c,c:p651330_jpg,1
c_PXL_20210930_152056720_jpg.jpg,val,c,c:PXL_20210930_152056720_jpg,1
c_packing1690_jpg.jpg,val,c,c:packing1690_jpg,2
a_005426_jpg.jpg,train,a,a:005426_jpg,7
b_ppe_0026_jpg.jpg,test,b,b:ppe_0026_jpg,3
c_PP02img477_jpg.jpg,train,c,c:PP02img477_jpg,5
c_N5h_img_170_jpg.jpg,train,c,c:N5h_img_170_jpg,1
c_helmet999809_jpg.jpg,train,c,c:helmet999809_jpg,1
c_kp235_jpg.jpg,val,c,c:kp235_jpg,1
c_packing586_jpg.jpg,train,c,c:packing586_jpg,3
a_000607_jpg.jpg,train,a,a:000607_jpg,4
a_005466_jpg.jpg,train,a,a:005466_jpg,3
b_Video3_117_jpg.jpg,train,b,b:Video3_117_jpg,4
a_006164_jpg.jpg,train,a,a:006164_jpg,1
c_packing1682_jpg.jpg,val,c,c:packing1682_jpg,2
a_005449_jpg.jpg,train,a,a:005449_jpg,1
c_packing973_jpg.jpg,train,c,c:packing973_jpg,1
c_Mask2_mov-27_jpg.jpg,train,c,c:Mask2_mov-27_jpg,1
a_002570_jpg.jpg,train,a,a:002570_jpg,5
b_ppe_0725_jpg.jpg,train,b,b:ppe_0725_jpg,2
c_kp1016_jpg.jpg,val,c,c:kp1016_jpg,1
c_kp431_jpg.jpg,train,c,c:kp431_jpg,1
b_ppe_0845_jpg.jpg,train,b,b:ppe_0845_jpg,1
a_000676_jpg.jpg,test,a,a:000676_jpg,7
c_PP02img1362_jpg.jpg,train,c,c:PP02img1362_jpg,6
c_PP02img927_jpg.jpg,train,c,c:PP02img927_jpg,2
c_PXL_20210930_151819993_jpg.jpg,test,c,c:PXL_20210930_151819993_jpg,1
a_003916_jpg.jpg,train,a,a:003916_jpg,1
c_frame104_jpg.jpg,train,c,c:frame104_jpg,2
c_PP02img1129_jpg.jpg,train,c,c:PP02img1129_jpg,3
c_PP02img172_jpg.jpg,test,c,c:PP02img172_jpg,5
c_helmet999957_jpg.jpg,train,c,c:helmet999957_jpg,1
c_MX_img_121_jpg.jpg,train,c,c:MX_img_121_jpg,1
c_frame1154_jpg.jpg,train,c,c:frame1154_jpg,1
a_004132_jpg.jpg,test,a,a:004132_jpg,17
c_img119_jpg.jpg,train,c,c:img119_jpg,5
c_mask-wearing-1632938135933_png_jpg.jpg,train,c,c:mask-wearing-1632938135933_png_jpg,1
c_frame3915_jpg.jpg,train,c,c:frame3915_jpg,1
c_packing665_jpg.jpg,train,c,c:packing665_jpg,1
c_PP02img920_jpg.jpg,train,c,c:PP02img920_jpg,2
c_PP02img383_jpg.jpg,train,c,c:PP02img383_jpg,6
c_img438_jpg.jpg,train,c,c:img438_jpg,3
c_frame451_jpg.jpg,train,c,c:frame451_jpg,0
a_004376_jpg.jpg,train,a,a:004376_jpg,2
c_frame1313_jpg.jpg,test,c,c:frame1313_jpg,1
c_N5h_img_166_jpg.jpg,test,c,c:N5h_img_166_jpg,1
c_img385_jpg.jpg,val,c,c:img385_jpg,3
c_PP02img210_jpg.jpg,train,c,c:PP02img210_jpg,5
c_packing1066_jpg.jpg,train,c,c:packing1066_jpg,1
c_img159_jpg.jpg,train,c,c:img159_jpg,5
a_003440_jpg.jpg,train,a,a:003440_jpg,1
b_image_1627_jpg.jpg,train,b,b:image_1627_jpg,2
c_packing1729_jpg.jpg,train,c,c:packing1729_jpg,1
a_004566_jpg.jpg,val,a,a:004566_jpg,5
c_frame2203_jpg.jpg,train,c,c:frame2203_jpg,0
c_Inside-merge_mov-59_jpg.jpg,train,c,c:Inside-merge_mov-59_jpg,0
b_ppe_1162_jpg.jpg,val,b,b:ppe_1162_jpg,3
a_004151_jpg.jpg,train,a,a:004151_jpg,4
c_mask-wearing-1632933572733_png_jpg.jpg,train,c,c:mask-wearing-1632933572733_png_jpg,1
b_image_519_jpg.jpg,val,b,b:image_519_jpg,3
c_frame1265_jpg.jpg,val,c,c:frame1265_jpg,0
c_frame101--2-_jpg.jpg,train,c,c:frame101--2-_jpg,1
c_frame433_jpg.jpg,train,c,c:frame433_jpg,0
c_PPE_Data_95_jpg.jpg,train,c,c:PPE_Data_95_jpg,0
b_ppe_1081_jpg.jpg,train,b,b:ppe_1081_jpg,5
b_AightSird0542_jpg.jpg,train,b,b:AightSird0542_jpg,2
c_frame1376_jpg.jpg,train,c,c:frame1376_jpg,0
a_003565_jpg.jpg,train,a,a:003565_jpg,2
c_frame19_jpg.jpg,val,c,c:frame19_jpg,1
c_helmet999758_jpg.jpg,train,c,c:helmet999758_jpg,1
c_fglov155_jpg.jpg,train,c,c:fglov155_jpg,3
a_003306_jpg.jpg,train,a,a:003306_jpg,11
c_img412_jpg.jpg,train,c,c:img412_jpg,5
c_nglov107_jpg.jpg,val,c,c:nglov107_jpg,4
c_frame2359_jpg.jpg,train,c,c:frame2359_jpg,0
c_helmet999523_jpg.jpg,train,c,c:helmet999523_jpg,2
a_005092_jpg.jpg,train,a,a:005092_jpg,2
b_Video4_272_jpg.jpg,train,b,b:Video4_272_jpg,4
c_helmet999747_jpg.jpg,train,c,c:helmet999747_jpg,1
a_004518_jpg.jpg,train,a,a:004518_jpg,1
c_kp753_jpg.jpg,train,c,c:kp753_jpg,1
c_p65213186_jpg.jpg,train,c,c:p65213186_jpg,1
c_img156_jpg.jpg,train,c,c:img156_jpg,3
c_kp1265_jpg.jpg,train,c,c:kp1265_jpg,1
c_packing1900_jpg.jpg,train,c,c:packing1900_jpg,1
c_frame1239_jpg.jpg,val,c,c:frame1239_jpg,0
b_download-1-_jpeg_jpg.jpg,val,b,b:download-1-_jpeg_jpg,6
b_ppe_1141_jpg.jpg,train,b,b:ppe_1141_jpg,2
c_PP02img169_jpg.jpg,val,c,c:PP02img169_jpg,5
a_006287_jpg.jpg,test,a,a:006287_jpg,9
c_goggle8765138_jpg.jpg,test,c,c:goggle8765138_jpg,2
a_004817_jpg.jpg,train,a,a:004817_jpg,1
b_image_217_jpg.jpg,train,b,b:image_217_jpg,9
c_packing845_jpg.jpg,val,c,c:packing845_jpg,1
c_helmet9991020_jpg.jpg,val,c,c:helmet9991020_jpg,1
c_packing1014_jpg.jpg,train,c,c:packing1014_jpg,2
c_IMG_4920_mov-8_jpg.jpg,test,c,c:IMG_4920_mov-8_jpg,1
c_MX_img_193_jpg.jpg,val,c,c:MX_img_193_jpg,1
c_PPE_Data_651_jpg.jpg,train,c,c:PPE_Data_651_jpg,2
c_goggle8765120_jpg.jpg,train,c,c:goggle8765120_jpg,1
c_PP02img127_jpg.jpg,train,c,c:PP02img127_jpg,6
b_image_810_jpg.jpg,train,b,b:image_810_jpg,6
b_ppe_0255_jpg.jpg,train,b,b:ppe_0255_jpg,3
c_frame268_jpg.jpg,train,c,c:frame268_jpg,1
c_nglov37_jpg.jpg,train,c,c:nglov37_jpg,1
c_frame783_jpg.jpg,train,c,c:frame783_jpg,3
c_PP02img638_jpg.jpg,train,c,c:PP02img638_jpg,4
a_006436_jpg.jpg,train,a,a:006436_jpg,4
a_000591_jpg.jpg,val,a,a:000591_jpg,2
a_001755_jpg.jpg,train,a,a:001755_jpg,7
a_005280_jpg.jpg,val,a,a:005280_jpg,3
b_image_1150_jpg.jpg,train,b,b:image_1150_jpg,4
a_000577_jpg.jpg,val,a,a:000577_jpg,2
c_005488_jpg.jpg,train,c,c:005488_jpg,5
c_frame1279_jpg.jpg,val,c,c:frame1279_jpg,0
c_packing534_jpg.jpg,train,c,c:packing534_jpg,1
c_PP02img1031_jpg.jpg,val,c,c:PP02img1031_jpg,3
a_003710_jpg.jpg,train,a,a:003710_jpg,2
c_PPE_Data_218_jpg.jpg,train,c,c:PPE_Data_218_jpg,1
c_mask-wearing-1632938117970_png_jpg.jpg,train,c,c:mask-wearing-1632938117970_png_jpg,1
b_image_1211_jpg.jpg,train,b,b:image_1211_jpg,1
a_000615_jpg.jpg,val,a,a:000615_jpg,6
c_p113123_jpg.jpg,test,c,c:p113123_jpg,1
a_005695_jpg.jpg,train,a,a:005695_jpg,2
c_frame1298--2-_jpg.jpg,val,c,c:frame1298--2-_jpg,0
c_frame1254_jpg.jpg,test,c,c:frame1254_jpg,0
a_004152_jpg.jpg,train,a,a:004152_jpg,2
a_003161_jpg.jpg,train,a,a:003161_jpg,4
c_kp1401_jpg.jpg,train,c,c:kp1401_jpg,1
a_004623_jpg.jpg,train,a,a:004623_jpg,9
c_PPE_Data_279_jpg.jpg,train,c,c:PPE_Data_279_jpg,2
c_PP02img167_jpg.jpg,train,c,c:PP02img167_jpg,3
b_gettyimages-1036354066-612x612_jpg.jpg,train,b,b:gettyimages-1036354066-612x612_jpg,2
a_005001_jpg.jpg,train,a,a:005001_jpg,2
b_image_516_jpg.jpg,train,b,b:image_516_jpg,3
a_002206_jpg.jpg,train,a,a:002206_jpg,1
c_PP02img354_jpg.jpg,val,c,c:PP02img354_jpg,4
c_MX_img_141_jpg.jpg,val,c,c:MX_img_141_jpg,2
a_005264_jpg.jpg,train,a,a:005264_jpg,6
c_packing122_jpg.jpg,train,c,c:packing122_jpg,3
b_ppe_1033_jpg.jpg,train,b,b:ppe_1033_jpg,5
c_packing936_jpg.jpg,train,c,c:packing936_jpg,1
b_image_1183_jpg.jpg,val,b,b:image_1183_jpg,3
c_PP02img90_jpg.jpg,train,c,c:PP02img90_jpg,4
c_PP02img88_jpg.jpg,train,c,c:PP02img88_jpg,3
c_Nhh_img_171_jpg.jpg,train,c,c:Nhh_img_171_jpg,1
a_003469_jpg.jpg,val,a,a:003469_jpg,2
c_PP02img785_jpg.jpg,train,c,c:PP02img785_jpg,3
c_PP02img255_jpg.jpg,test,c,c:PP02img255_jpg,5
c_PP02img1281_jpg.jpg,train,c,c:PP02img1281_jpg,4
c_goggle876529_jpg.jpg,train,c,c:goggle876529_jpg,2
b_ppe_0343_jpg.jpg,train,b,b:ppe_0343_jpg,2
c_PP02img824_jpg.jpg,train,c,c:PP02img824_jpg,2
a_001769_jpg.jpg,train,a,a:001769_jpg,7
a_001517_jpg.jpg,val,a,a:001517_jpg,11
b_Video2_51_jpg.jpg,train,b,b:Video2_51_jpg,5
c_005402_jpg.jpg,train,c,c:005402_jpg,2
c_PP02img304_jpg.jpg,train,c,c:PP02img304_jpg,3
c_packing991_jpg.jpg,train,c,c:packing991_jpg,2
b_ppe_0593_jpg.jpg,train,b,b:ppe_0593_jpg,6
b_image_623_jpg.jpg,test,b,b:image_623_jpg,2
a_006245_jpg.jpg,train,a,a:006245_jpg,1
a_005834_jpg.jpg,train,a,a:005834_jpg,6
c_frame2868_jpg.jpg,val,c,c:frame2868_jpg,4
c_PPE_Data_694_jpg.jpg,train,c,c:PPE_Data_694_jpg,0
a_003197_jpg.jpg,train,a,a:003197_jpg,9
c_kp361_jpg.jpg,train,c,c:kp361_jpg,1
c_packing564_jpg.jpg,train,c,c:packing564_jpg,1
b_ppe_0009_jpg.jpg,train,b,b:ppe_0009_jpg,6
c_kp138_jpg.jpg,val,c,c:kp138_jpg,1
a_005705_jpg.jpg,train,a,a:005705_jpg,15
c_fglov167_jpg.jpg,train,c,c:fglov167_jpg,3
c_packing1342_jpg.jpg,train,c,c:packing1342_jpg,2
c_helmet999749_jpg.jpg,train,c,c:helmet999749_jpg,1
c_packing1608_jpg.jpg,train,c,c:packing1608_jpg,2
b_ppe_0987_jpg.jpg,val,b,b:ppe_0987_jpg,3
c_frame546_jpg.jpg,val,c,c:frame546_jpg,4
a_001137_jpg.jpg,train,a,a:001137_jpg,2
c_NVR-09_Trim_new_Trim-0665_jpg.jpg,train,c,c:NVR-09_Trim_new_Trim-0665_jpg,2
b_ppe_0953_jpg.jpg,train,b,b:ppe_0953_jpg,4
c_frame1193_jpg.jpg,train,c,c:frame1193_jpg,0
a_003131_jpg.jpg,train,a,a:003131_jpg,7
c_frame2990_jpg.jpg,train,c,c:frame2990_jpg,2
c_PP02img289_jpg.jpg,val,c,c:PP02img289_jpg,5
c_nglovpp2136_jpg.jpg,train,c,c:nglovpp2136_jpg,2
a_001529_jpg.jpg,train,a,a:001529_jpg,3
c_packing1566_jpg.jpg,train,c,c:packing1566_jpg,3
a_002228_jpg.jpg,train,a,a:002228_jpg,5
a_005773_jpg.jpg,train,a,a:005773_jpg,1
c_kp132_jpg.jpg,train,c,c:kp132_jpg,2
c_PPE_Data_265_jpg.jpg,train,c,c:PPE_Data_265_jpg,2
b_Video1_200_jpg.jpg,train,b,b:Video1_200_jpg,6
c_005476_jpg.jpg,train,c,c:005476_jpg,1
b_image_1356_jpg.jpg,val,b,b:image_1356_jpg,3
c_005453_jpg.jpg,train,c,c:005453_jpg,1
c_frame1215_jpg.jpg,val,c,c:frame1215_jpg,0
b_images-2022-07-04T013828_jpg.jpg,val,b,b:images-2022-07-04T013828_jpg,1
c_p113114_jpg.jpg,train,c,c:p113114_jpg,1
a_001968_jpg.jpg,train,a,a:001968_jpg,6
a_000033_jpg.jpg,train,a,a:000033_jpg,1
c_N5h_img_80_jpg.jpg,val,c,c:N5h_img_80_jpg,2
c_kp875_jpg.jpg,train,c,c:kp875_jpg,1
a_005174_jpg.jpg,train,a,a:005174_jpg,3
b_ppe_1234_jpg.jpg,train,b,b:ppe_1234_jpg,2
a_003896_jpg.jpg,train,a,a:003896_jpg,3
c_kp536_jpg.jpg,test,c,c:kp536_jpg,2
c_Mask2_mov-7_jpg.jpg,train,c,c:Mask2_mov-7_jpg,1
a_000663_jpg.jpg,val,a,a:000663_jpg,2
c_frame3754_jpg.jpg,val,c,c:frame3754_jpg,3
c_frame140_jpg.jpg,train,c,c:frame140_jpg,1
c_N5h_img_195_jpg.jpg,test,c,c:N5h_img_195_jpg,2
c_kp585_jpg.jpg,val,c,c:kp585_jpg,2
c_nglovpp2126_jpg.jpg,test,c,c:nglovpp2126_jpg,3
c_PP02img1145_jpg.jpg,train,c,c:PP02img1145_jpg,2
a_000427_jpg.jpg,train,a,a:000427_jpg,11
a_002511_jpg.jpg,train,a,a:002511_jpg,1
a_006627_jpg.jpg,train,a,a:006627_jpg,11
b_image_1333_jpg.jpg,train,b,b:image_1333_jpg,3
b_ppe_0755_jpg.jpg,train,b,b:ppe_0755_jpg,6
c_packing1132_jpg.jpg,train,c,c:packing1132_jpg,2
a_006057_jpg.jpg,train,a,a:006057_jpg,7
b_image_1114_jpg.jpg,val,b,b:image_1114_jpg,3
a_000334_jpg.jpg,train,a,a:000334_jpg,1
c_fglov1199_jpg.jpg,train,c,c:fglov1199_jpg,1
a_002294_jpg.jpg,train,a,a:002294_jpg,4
a_006667_jpg.jpg,train,a,a:006667_jpg,10
c_PP02img1479_jpg.jpg,test,c,c:PP02img1479_jpg,3
c_PPE_Data_143_jpg.jpg,train,c,c:PPE_Data_143_jpg,2
a_002740_jpg.jpg,val,a,a:002740_jpg,2
c_PP02img1136_jpg.jpg,train,c,c:PP02img1136_jpg,6
c_kp1321_jpg.jpg,train,c,c:kp1321_jpg,1
c_PP02img875_jpg.jpg,train,c,c:PP02img875_jpg,1
c_helmet999676_jpg.jpg,train,c,c:helmet999676_jpg,1
c_kp528_jpg.jpg,train,c,c:kp528_jpg,2
c_kp1031_jpg.jpg,val,c,c:kp1031_jpg,1
c_Nhh_img_182_jpg.jpg,train,c,c:Nhh_img_182_jpg,1
a_001115_jpg.jpg,train,a,a:001115_jpg,4
c_frame95_jpg.jpg,train,c,c:frame95_jpg,2
c_0009S6815V3PEU1N-C123-F4_jpg.jpg,val,c,c:0009S6815V3PEU1N-C123-F4_jpg,4
a_000121_jpg.jpg,val,a,a:000121_jpg,6
c_kp406_jpg.jpg,train,c,c:kp406_jpg,1
c_goggle876556_jpg.jpg,val,c,c:goggle876556_jpg,2
c_helmet999528_jpg.jpg,test,c,c:helmet999528_jpg,1
c_packing1052_jpg.jpg,train,c,c:packing1052_jpg,2
c_frame282_jpg.jpg,train,c,c:frame282_jpg,1
c_IMG_4920_mov-0_jpg.jpg,val,c,c:IMG_4920_mov-0_jpg,1
c_helmet9991138_jpg.jpg,train,c,c:helmet9991138_jpg,1
c_packing1732_jpg.jpg,train,c,c:packing1732_jpg,2
a_006858_jpg.jpg,train,a,a:006858_jpg,5
c_005526_jpg.jpg,train,c,c:005526_jpg,2
a_000386_jpg.jpg,val,a,a:000386_jpg,2
b_Video3_145_jpg.jpg,val,b,b:Video3_145_jpg,4
c_N5h_img_43_jpg.jpg,train,c,c:N5h_img_43_jpg,1
c_frame1269_jpg.jpg,train,c,c:frame1269_jpg,0
c_frame764_jpg.jpg,val,c,c:frame764_jpg,3
c_frame1101_jpg.jpg,val,c,c:frame1101_jpg,1
c_goggle87657_jpg.jpg,train,c,c:goggle87657_jpg,7
c_PP02img682_jpg.jpg,val,c,c:PP02img682_jpg,5
c_kp1849_jpg.jpg,val,c,c:kp1849_jpg,1
a_002393_jpg.jpg,train,a,a:002393_jpg,3
a_006357_jpg.jpg,val,a,a:006357_jpg,2
c_Smog-Mask-PM2-5-Carbon-Filter-Face-Masks-Fog-Dust-Air-Cleaner-anti-pollution-F.jpg,train,c,c:Smog-Mask-PM2-5-Carbon-Filter-Face-Masks-Fog-Dust-Air-Cleaner-anti-pollution-Face-Protector_jpg,6
c_img383_jpg.jpg,train,c,c:img383_jpg,2
a_004771_jpg.jpg,train,a,a:004771_jpg,5
a_004404_jpg.jpg,train,a,a:004404_jpg,5
c_kp1915_jpg.jpg,train,c,c:kp1915_jpg,1
c_mask-wearing-1632937827436_png_jpg.jpg,train,c,c:mask-wearing-1632937827436_png_jpg,1
c_kp1_jpg.jpg,train,c,c:kp1_jpg,1
c_p65213167_jpg.jpg,train,c,c:p65213167_jpg,1
c_Nhh_img_83_jpg.jpg,train,c,c:Nhh_img_83_jpg,1
c_N5h_img_180_jpg.jpg,train,c,c:N5h_img_180_jpg,1
c_NVR-09_Trim_new_Trim-0868_jpg.jpg,train,c,c:NVR-09_Trim_new_Trim-0868_jpg,1
a_003134_jpg.jpg,train,a,a:003134_jpg,4
c_005542_jpg.jpg,train,c,c:005542_jpg,2
c_IMG_4921-2_mp4-2_jpg.jpg,val,c,c:IMG_4921-2_mp4-2_jpg,1
a_001671_jpg.jpg,train,a,a:001671_jpg,1
c_packing1222_jpg.jpg,train,c,c:packing1222_jpg,1
a_000891_jpg.jpg,val,a,a:000891_jpg,5
a_003582_jpg.jpg,val,a,a:003582_jpg,6
b_ppe_0033_jpg.jpg,val,b,b:ppe_0033_jpg,16
a_005638_jpg.jpg,train,a,a:005638_jpg,2
c_packing770_jpg.jpg,train,c,c:packing770_jpg,1
c_p113167_jpg.jpg,val,c,c:p113167_jpg,1
a_005420_jpg.jpg,train,a,a:005420_jpg,10
c_N5h_img_159_jpg.jpg,train,c,c:N5h_img_159_jpg,1
c_p656213122_jpg.jpg,train,c,c:p656213122_jpg,2
b_ppe_1182_jpg.jpg,val,b,b:ppe_1182_jpg,3
b_image_1638_jpg.jpg,train,b,b:image_1638_jpg,3
a_004979_jpg.jpg,train,a,a:004979_jpg,1
c_img216_jpg.jpg,train,c,c:img216_jpg,4
c_frame3828_jpg.jpg,train,c,c:frame3828_jpg,3
a_004071_jpg.jpg,train,a,a:004071_jpg,7
c_IMG_4921-2_mp4-111_jpg.jpg,train,c,c:IMG_4921-2_mp4-111_jpg,1
c_PP02img109_jpg.jpg,train,c,c:PP02img109_jpg,5
c_PP02img1240_jpg.jpg,train,c,c:PP02img1240_jpg,5
c_nglovpp275_jpg.jpg,train,c,c:nglovpp275_jpg,3
c_Nhh_img_190_jpg.jpg,train,c,c:Nhh_img_190_jpg,1
c_frame1284_jpg.jpg,val,c,c:frame1284_jpg,0
a_006119_jpg.jpg,test,a,a:006119_jpg,3
b_ppe_1233_jpg.jpg,train,b,b:ppe_1233_jpg,4
c_frame2177_jpg.jpg,train,c,c:frame2177_jpg,0
b_ppe_0235_jpg.jpg,train,b,b:ppe_0235_jpg,2
a_006573_jpg.jpg,train,a,a:006573_jpg,2
a_002742_jpg.jpg,val,a,a:002742_jpg,2
a_006310_jpg.jpg,train,a,a:006310_jpg,9
c_packing1337_jpg.jpg,train,c,c:packing1337_jpg,3
a_003108_jpg.jpg,val,a,a:003108_jpg,10
a_006363_jpg.jpg,train,a,a:006363_jpg,1
b_image_792_jpg.jpg,val,b,b:image_792_jpg,3
a_005540_jpg.jpg,train,a,a:005540_jpg,1
c_frame631_jpg.jpg,train,c,c:frame631_jpg,0
c_MX_img_23_jpg.jpg,val,c,c:MX_img_23_jpg,1
c_frame2837_jpg.jpg,train,c,c:frame2837_jpg,4
c_frame56--2-_jpg.jpg,test,c,c:frame56--2-_jpg,2
c_MX_img_181_jpg.jpg,test,c,c:MX_img_181_jpg,1
a_006517_jpg.jpg,train,a,a:006517_jpg,3
c_packing787_jpg.jpg,train,c,c:packing787_jpg,1
c_N5h_img_30_jpg.jpg,train,c,c:N5h_img_30_jpg,1
c_PP02img540_jpg.jpg,train,c,c:PP02img540_jpg,7
c_PP02img1253_jpg.jpg,val,c,c:PP02img1253_jpg,2
a_000818_jpg.jpg,test,a,a:000818_jpg,5
c_kp1085_jpg.jpg,train,c,c:kp1085_jpg,1
a_004921_jpg.jpg,train,a,a:004921_jpg,3
c_p656213193_jpg.jpg,train,c,c:p656213193_jpg,2
a_001452_jpg.jpg,val,a,a:001452_jpg,6
a_002946_jpg.jpg,train,a,a:002946_jpg,1
a_001206_jpg.jpg,train,a,a:001206_jpg,7
c_Mask2_mov-24_jpg.jpg,train,c,c:Mask2_mov-24_jpg,1
b_images49_jpg.jpg,train,b,b:images49_jpg,3
a_006980_jpg.jpg,train,a,a:006980_jpg,2
c_packing1737_jpg.jpg,val,c,c:packing1737_jpg,1
a_005827_jpg.jpg,train,a,a:005827_jpg,5
c_MX_img_12_jpg.jpg,test,c,c:MX_img_12_jpg,1
b_ppe_0914_jpg.jpg,train,b,b:ppe_0914_jpg,3
c_p65621373_jpg.jpg,val,c,c:p65621373_jpg,2
c_helmet9991204_jpg.jpg,train,c,c:helmet9991204_jpg,1
a_004493_jpg.jpg,train,a,a:004493_jpg,8
a_004936_jpg.jpg,train,a,a:004936_jpg,2
c_kp1546_jpg.jpg,train,c,c:kp1546_jpg,1
c_p651357_jpg.jpg,train,c,c:p651357_jpg,1
c_helmet999770_jpg.jpg,val,c,c:helmet999770_jpg,1
a_003175_jpg.jpg,test,a,a:003175_jpg,15
a_005404_jpg.jpg,train,a,a:005404_jpg,8
c_NVR-09_Trim_new_Trim-1526_jpg.jpg,train,c,c:NVR-09_Trim_new_Trim-1526_jpg,0
c_kp673_jpg.jpg,val,c,c:kp673_jpg,1
a_005791_jpg.jpg,val,a,a:005791_jpg,2
c_packing980_jpg.jpg,val,c,c:packing980_jpg,1
c_frame11_jpg.jpg,train,c,c:frame11_jpg,0
c_PP02img386_jpg.jpg,train,c,c:PP02img386_jpg,3
c_kp391_jpg.jpg,train,c,c:kp391_jpg,1
b_ppe_0854_jpg.jpg,val,b,b:ppe_0854_jpg,6
a_002667_jpg.jpg,train,a,a:002667_jpg,3
c_PP02img857_jpg.jpg,train,c,c:PP02img857_jpg,1
c_packing1064_jpg.jpg,train,c,c:packing1064_jpg,1
c_PPE_Data_334_jpg.jpg,train,c,c:PPE_Data_334_jpg,1
c_packing1392_jpg.jpg,val,c,c:packing1392_jpg,1
c_kp78_jpg.jpg,train,c,c:kp78_jpg,1
a_000109_jpg.jpg,train,a,a:000109_jpg,1
c_NVR-09_Trim_new_Trim-0211_jpg.jpg,test,c,c:NVR-09_Trim_new_Trim-0211_jpg,0
b_ppe_0431_jpg.jpg,train,b,b:ppe_0431_jpg,2
c_nglov31_jpg.jpg,train,c,c:nglov31_jpg,1
c_kp1167_jpg.jpg,train,c,c:kp1167_jpg,1
c_kp163_jpg.jpg,train,c,c:kp163_jpg,1
c_kp751_jpg.jpg,val,c,c:kp751_jpg,1
c_frame745_jpg.jpg,test,c,c:frame745_jpg,1
a_001047_jpg.jpg,train,a,a:001047_jpg,3
c_packing600_jpg.jpg,train,c,c:packing600_jpg,2
c_kp515_jpg.jpg,train,c,c:kp515_jpg,2
c_packing1790_jpg.jpg,train,c,c:packing1790_jpg,1
c_Mask-detector1_mov-2_jpg.jpg,train,c,c:Mask-detector1_mov-2_jpg,1
c_kp1429_jpg.jpg,train,c,c:kp1429_jpg,1
b_Video1_232_jpg.jpg,val,b,b:Video1_232_jpg,4
a_004015_jpg.jpg,val,a,a:004015_jpg,5
a_005743_jpg.jpg,train,a,a:005743_jpg,4
c_packing523_jpg.jpg,train,c,c:packing523_jpg,1
c_PP02img983_jpg.jpg,train,c,c:PP02img983_jpg,1
c_packing305_jpg.jpg,train,c,c:packing305_jpg,1
c_fglov1145_jpg.jpg,train,c,c:fglov1145_jpg,6
c_kp88_jpg.jpg,train,c,c:kp88_jpg,1
a_002470_jpg.jpg,train,a,a:002470_jpg,5
a_005017_jpg.jpg,train,a,a:005017_jpg,1
c_packing998_jpg.jpg,train,c,c:packing998_jpg,2
c_packing244_jpg.jpg,train,c,c:packing244_jpg,2
a_002221_jpg.jpg,val,a,a:002221_jpg,1
c_kp944_jpg.jpg,train,c,c:kp944_jpg,1
c_PP02img797_jpg.jpg,train,c,c:PP02img797_jpg,3
a_004434_jpg.jpg,train,a,a:004434_jpg,9
b_ppe_1249_jpg.jpg,train,b,b:ppe_1249_jpg,1
a_002805_jpg.jpg,train,a,a:002805_jpg,2
c_nglovpp240_jpg.jpg,train,c,c:nglovpp240_jpg,2
c_kp1486_jpg.jpg,train,c,c:kp1486_jpg,1
c_frame302_jpg.jpg,train,c,c:frame302_jpg,1
a_006760_jpg.jpg,train,a,a:006760_jpg,10
c_kp1614_jpg.jpg,train,c,c:kp1614_jpg,1
c_kp622_jpg.jpg,train,c,c:kp622_jpg,2
c_download--6-_jpeg_jpg.jpg,train,c,c:download--6-_jpeg_jpg,5
b_ppe_1086_jpg.jpg,val,b,b:ppe_1086_jpg,2
a_004716_jpg.jpg,train,a,a:004716_jpg,4
b_ppe_0817_jpg.jpg,train,b,b:ppe_0817_jpg,4
a_003964_jpg.jpg,val,a,a:003964_jpg,1
b_Video2_148_jpg.jpg,train,b,b:Video2_148_jpg,6
c_nglovpp313_jpg.jpg,train,c,c:nglovpp313_jpg,1
a_001766_jpg.jpg,val,a,a:001766_jpg,10
b_ppe_0022_jpg.jpg,val,b,b:ppe_0022_jpg,2
c_kp167_jpg.jpg,train,c,c:kp167_jpg,2
c_frame60--2-_jpg.jpg,train,c,c:frame60--2-_jpg,2
a_001279_jpg.jpg,train,a,a:001279_jpg,2
a_005925_jpg.jpg,train,a,a:005925_jpg,1
b_image_652_jpg.jpg,val,b,b:image_652_jpg,26
c_p65621371_jpg.jpg,val,c,c:p65621371_jpg,1
c_NVR-09_Trim_new_Trim-1768_jpg.jpg,train,c,c:NVR-09_Trim_new_Trim-1768_jpg,0
c_frame2344_jpg.jpg,train,c,c:frame2344_jpg,2
a_003410_jpg.jpg,val,a,a:003410_jpg,10
b_image_754_jpg.jpg,train,b,b:image_754_jpg,3
b_ppe_0872_jpg.jpg,train,b,b:ppe_0872_jpg,11
c_kp544_jpg.jpg,val,c,c:kp544_jpg,2
c_005485_jpg.jpg,train,c,c:005485_jpg,1
a_005648_jpg.jpg,val,a,a:005648_jpg,2
a_001759_jpg.jpg,train,a,a:001759_jpg,9
c_005455_jpg.jpg,train,c,c:005455_jpg,5
c_frame713_jpg.jpg,val,c,c:frame713_jpg,3
c_PP02img162_jpg.jpg,train,c,c:PP02img162_jpg,3
c_frame1210_jpg.jpg,train,c,c:frame1210_jpg,0
a_002994_jpg.jpg,train,a,a:002994_jpg,9
a_001787_jpg.jpg,train,a,a:001787_jpg,1
c_frame47_jpg.jpg,val,c,c:frame47_jpg,2
a_004788_jpg.jpg,train,a,a:004788_jpg,3
c_packing1762_jpg.jpg,train,c,c:packing1762_jpg,1
a_002719_jpg.jpg,train,a,a:002719_jpg,1
b_image_231_jpg.jpg,val,b,b:image_231_jpg,6
a_001389_jpg.jpg,train,a,a:001389_jpg,2
a_004833_jpg.jpg,train,a,a:004833_jpg,4
c_frame690_jpg.jpg,val,c,c:frame690_jpg,0
a_003672_jpg.jpg,val,a,a:003672_jpg,10
c_frame1073_jpg.jpg,val,c,c:frame1073_jpg,0
c_p11371_jpg.jpg,train,c,c:p11371_jpg,1
c_Nhh_img_196_jpg.jpg,train,c,c:Nhh_img_196_jpg,1
c_kp1181_jpg.jpg,train,c,c:kp1181_jpg,1
c_PP02img1339_jpg.jpg,val,c,c:PP02img1339_jpg,5
c_kp1894_jpg.jpg,train,c,c:kp1894_jpg,1
a_001024_jpg.jpg,train,a,a:001024_jpg,5
c_frame1294--2-_jpg.jpg,train,c,c:frame1294--2-_jpg,0
c_kp1384_jpg.jpg,train,c,c:kp1384_jpg,1
c_frame2827_jpg.jpg,val,c,c:frame2827_jpg,4
c_mask-wearing-1632931941238_png_jpg.jpg,train,c,c:mask-wearing-1632931941238_png_jpg,2
c_packing591_jpg.jpg,val,c,c:packing591_jpg,1
c_N5h_img_173_jpg.jpg,train,c,c:N5h_img_173_jpg,1
c_PP02img1279_jpg.jpg,test,c,c:PP02img1279_jpg,1
c_PP02img533_jpg.jpg,val,c,c:PP02img533_jpg,7
c_img286_jpg.jpg,train,c,c:img286_jpg,5
c_frame66_jpg.jpg,val,c,c:frame66_jpg,0
c_PP02img1459_jpg.jpg,val,c,c:PP02img1459_jpg,5
c_packing876_jpg.jpg,train,c,c:packing876_jpg,2
c_kp1715_jpg.jpg,val,c,c:kp1715_jpg,1
b_ppe_0141_jpg.jpg,val,b,b:ppe_0141_jpg,2
a_001028_jpg.jpg,train,a,a:001028_jpg,1
a_000439_jpg.jpg,train,a,a:000439_jpg,3
c_frame1133_jpg.jpg,val,c,c:frame1133_jpg,0
c_kp278_jpg.jpg,test,c,c:kp278_jpg,1
c_PP02img215_jpg.jpg,val,c,c:PP02img215_jpg,5
b_image_237_jpg.jpg,train,b,b:image_237_jpg,5
c_packing1635_jpg.jpg,val,c,c:packing1635_jpg,1
a_001757_jpg.jpg,train,a,a:001757_jpg,5
b_image_352_jpg.jpg,val,b,b:image_352_jpg,3
c_PP02img1346_jpg.jpg,val,c,c:PP02img1346_jpg,6
a_006610_jpg.jpg,train,a,a:006610_jpg,7
c_frame59--2-_jpg.jpg,train,c,c:frame59--2-_jpg,2
a_000691_jpg.jpg,val,a,a:000691_jpg,12
c_helmet9991139_jpg.jpg,train,c,c:helmet9991139_jpg,1
a_000984_jpg.jpg,train,a,a:000984_jpg,2
c_packing1074_jpg.jpg,val,c,c:packing1074_jpg,1
c_packing1396_jpg.jpg,train,c,c:packing1396_jpg,2
c_IMG_4921-2_mp4-32_jpg.jpg,train,c,c:IMG_4921-2_mp4-32_jpg,1
a_002341_jpg.jpg,train,a,a:002341_jpg,3
c_PP02img1288_jpg.jpg,train,c,c:PP02img1288_jpg,2
c_kp1048_jpg.jpg,train,c,c:kp1048_jpg,1
c_kp1064_jpg.jpg,train,c,c:kp1064_jpg,1
b_image_481_jpg.jpg,train,b,b:image_481_jpg,3
c_packing884_jpg.jpg,train,c,c:packing884_jpg,2
a_005329_jpg.jpg,train,a,a:005329_jpg,1
b_image_1056_jpg.jpg,test,b,b:image_1056_jpg,3
a_001088_jpg.jpg,val,a,a:001088_jpg,8
c_fglov1117_jpg.jpg,train,c,c:fglov1117_jpg,2
c_kp286_jpg.jpg,val,c,c:kp286_jpg,1
c_nglov91_jpg.jpg,train,c,c:nglov91_jpg,3
b_image_1071_jpg.jpg,train,b,b:image_1071_jpg,6
c_N5h_img_202_jpg.jpg,val,c,c:N5h_img_202_jpg,2
c_nglov128_jpg.jpg,train,c,c:nglov128_jpg,1
b_ppe_0171_jpg.jpg,train,b,b:ppe_0171_jpg,6
c_packing1049_jpg.jpg,train,c,c:packing1049_jpg,2
c_kp832_jpg.jpg,train,c,c:kp832_jpg,1
c_helmet999715_jpg.jpg,train,c,c:helmet999715_jpg,1
c_frame1221_jpg.jpg,train,c,c:frame1221_jpg,0
c_kp306_jpg.jpg,train,c,c:kp306_jpg,1
c_kp128_jpg.jpg,train,c,c:kp128_jpg,1
b_images-2022-07-04T013948_jpg.jpg,train,b,b:images-2022-07-04T013948_jpg,4
b_ppe_0765_jpg.jpg,train,b,b:ppe_0765_jpg,4
c_PP02img95_jpg.jpg,test,c,c:PP02img95_jpg,3
c_helmet999814_jpg.jpg,train,c,c:helmet999814_jpg,1
a_003432_jpg.jpg,train,a,a:003432_jpg,3
c_kp814_jpg.jpg,train,c,c:kp814_jpg,1
b_image_1098_jpg.jpg,train,b,b:image_1098_jpg,3
a_000084_jpg.jpg,train,a,a:000084_jpg,8
c_PP02img1450_jpg.jpg,val,c,c:PP02img1450_jpg,6
c_packing1488_jpg.jpg,train,c,c:packing1488_jpg,1
a_001952_jpg.jpg,val,a,a:001952_jpg,2
b_ppe_1112_jpg.jpg,val,b,b:ppe_1112_jpg,2
c_IMG_4921-2_mp4-115_jpg.jpg,train,c,c:IMG_4921-2_mp4-115_jpg,1
c_PP02img1110_jpg.jpg,train,c,c:PP02img1110_jpg,2
c_PP02img1378_jpg.jpg,test,c,c:PP02img1378_jpg,3
c_PP02img549_jpg.jpg,val,c,c:PP02img549_jpg,7
a_000090_jpg.jpg,val,a,a:000090_jpg,11
c_frame1_jpg.jpg,train,c,c:frame1_jpg,2
b_image_601_jpg.jpg,test,b,b:image_601_jpg,3
b_image_928_jpg.jpg,val,b,b:image_928_jpg,3
a_004242_jpg.jpg,train,a,a:004242_jpg,4
b_Tan0972972_jpg.jpg,test,b,b:Tan0972972_jpg,2
b_image_508_jpg.jpg,val,b,b:image_508_jpg,3
a_001053_jpg.jpg,train,a,a:001053_jpg,1
a_000022_jpg.jpg,train,a,a:000022_jpg,7
a_004172_jpg.jpg,train,a,a:004172_jpg,4
c_nglovpp218_jpg.jpg,train,c,c:nglovpp218_jpg,3
c_kp1067_jpg.jpg,val,c,c:kp1067_jpg,1
c_MX_img_26_jpg.jpg,val,c,c:MX_img_26_jpg,1
c_nglovpp2142_jpg.jpg,train,c,c:nglovpp2142_jpg,2
c_PP02img727_jpg.jpg,train,c,c:PP02img727_jpg,4
c_N5h_img_89_jpg.jpg,train,c,c:N5h_img_89_jpg,1
c_nglov24_jpg.jpg,test,c,c:nglov24_jpg,2
a_000962_jpg.jpg,train,a,a:000962_jpg,1
c_PP02img326_jpg.jpg,val,c,c:PP02img326_jpg,4
b_59_JPG_jpg.jpg,train,b,b:59_JPG_jpg,1
c_MX_img_110_jpg.jpg,train,c,c:MX_img_110_jpg,1
a_002990_jpg.jpg,train,a,a:002990_jpg,4
c_img141_jpg.jpg,train,c,c:img141_jpg,4
c_1303078448-China-Coronavirus-Death-Toll-Hits-304_jpg.jpg,train,c,c:1303078448-China-Coronavirus-Death-Toll-Hits-304_jpg,1
c_PPE_Data_193_jpg.jpg,train,c,c:PPE_Data_193_jpg,2
a_004040_jpg.jpg,train,a,a:004040_jpg,1
c_kp926_jpg.jpg,train,c,c:kp926_jpg,1
c_packing216_jpg.jpg,train,c,c:packing216_jpg,2
a_004992_jpg.jpg,train,a,a:004992_jpg,1
b_image_800_jpg.jpg,val,b,b:image_800_jpg,3
c_packing755_jpg.jpg,train,c,c:packing755_jpg,2
c_packing269_jpg.jpg,train,c,c:packing269_jpg,4
c_kp979_jpg.jpg,train,c,c:kp979_jpg,1
a_001928_jpg.jpg,train,a,a:001928_jpg,2
c_IMG_4921-2_mp4-96_jpg.jpg,test,c,c:IMG_4921-2_mp4-96_jpg,1
a_004976_jpg.jpg,val,a,a:004976_jpg,4
c_p11381_jpg.jpg,train,c,c:p11381_jpg,2
b_20220721_161942_jpg.jpg,train,b,b:20220721_161942_jpg,1
c_kp1202_jpg.jpg,train,c,c:kp1202_jpg,1
b_images-2022-07-04T013745_jpg.jpg,val,b,b:images-2022-07-04T013745_jpg,2
c_kp1518_jpg.jpg,train,c,c:kp1518_jpg,2
c_frame62_jpg.jpg,train,c,c:frame62_jpg,0
c_helmet999742_jpg.jpg,train,c,c:helmet999742_jpg,1
c_packing974_jpg.jpg,train,c,c:packing974_jpg,1
a_002047_jpg.jpg,train,a,a:002047_jpg,7
c_packing1000_jpg.jpg,train,c,c:packing1000_jpg,2
c_frame106_jpg.jpg,train,c,c:frame106_jpg,2
c_kp1277_jpg.jpg,train,c,c:kp1277_jpg,1
c_005499_jpg.jpg,val,c,c:005499_jpg,4
b_Video2_39_jpg.jpg,train,b,b:Video2_39_jpg,6
c_kp712_jpg.jpg,val,c,c:kp712_jpg,1
a_002086_jpg.jpg,train,a,a:002086_jpg,1
c_NX_img_177_jpg.jpg,train,c,c:NX_img_177_jpg,1
b_image_1275_jpg.jpg,test,b,b:image_1275_jpg,2
c_kp1674_jpg.jpg,val,c,c:kp1674_jpg,1
a_005155_jpg.jpg,test,a,a:005155_jpg,8
a_003128_jpg.jpg,train,a,a:003128_jpg,6
c_packing1005_jpg.jpg,train,c,c:packing1005_jpg,1
c_frame120_jpg.jpg,train,c,c:frame120_jpg,2
b_ppe_1245_jpg.jpg,train,b,b:ppe_1245_jpg,3
a_003652_jpg.jpg,train,a,a:003652_jpg,11
c_kp1043_jpg.jpg,val,c,c:kp1043_jpg,1
c_packing278_jpg.jpg,train,c,c:packing278_jpg,3
c_frame1318_jpg.jpg,train,c,c:frame1318_jpg,2
a_003447_jpg.jpg,train,a,a:003447_jpg,1
c_frame89_jpg.jpg,val,c,c:frame89_jpg,1
c_frame1212_jpg.jpg,train,c,c:frame1212_jpg,0
c_frame66--2-_jpg.jpg,train,c,c:frame66--2-_jpg,2
a_001597_jpg.jpg,train,a,a:001597_jpg,5
c_nglov192_jpg.jpg,train,c,c:nglov192_jpg,2
a_000641_jpg.jpg,train,a,a:000641_jpg,2
a_000938_jpg.jpg,test,a,a:000938_jpg,8
a_005391_jpg.jpg,train,a,a:005391_jpg,8
c_mo-justin-mask-NoMask_mov-33_jpg.jpg,val,c,c:mo-justin-mask-NoMask_mov-33_jpg,2
c_helmet999964_jpg.jpg,train,c,c:helmet999964_jpg,1
c_kp730_jpg.jpg,train,c,c:kp730_jpg,1
c_packing83_jpg.jpg,test,c,c:packing83_jpg,1
c_MX_img_27_jpg.jpg,test,c,c:MX_img_27_jpg,1
c_frame61_jpg.jpg,train,c,c:frame61_jpg,0
c_goggle8765175_jpg.jpg,val,c,c:goggle8765175_jpg,2
c_frame68--2-_jpg.jpg,test,c,c:frame68--2-_jpg,2
c_kp1071_jpg.jpg,train,c,c:kp1071_jpg,1
c_PP02img802_jpg.jpg,train,c,c:PP02img802_jpg,2
c_kp1430_jpg.jpg,train,c,c:kp1430_jpg,1
c_packing1140_jpg.jpg,train,c,c:packing1140_jpg,2
c_kp1626_jpg.jpg,train,c,c:kp1626_jpg,2
c_helmet999928_jpg.jpg,train,c,c:helmet999928_jpg,1
b_image_398_jpg.jpg,train,b,b:image_398_jpg,3
c_packing754_jpg.jpg,val,c,c:packing754_jpg,1
b_ppe_0093_jpg.jpg,val,b,b:ppe_0093_jpg,2
c_PP02img645_jpg.jpg,train,c,c:PP02img645_jpg,5
a_005445_jpg.jpg,val,a,a:005445_jpg,15
c_frame3927_jpg.jpg,test,c,c:frame3927_jpg,1
a_006706_jpg.jpg,train,a,a:006706_jpg,4
c_Inside-merge_mov-28_jpg.jpg,train,c,c:Inside-merge_mov-28_jpg,0
c_N5h_img_62_jpg.jpg,train,c,c:N5h_img_62_jpg,1
c_kp977_jpg.jpg,train,c,c:kp977_jpg,1
b_00060_jpg.jpg,train,b,b:00060_jpg,11
a_002747_jpg.jpg,val,a,a:002747_jpg,5
b_TsirinTu0048_jpg.jpg,train,b,b:TsirinTu0048_jpg,12
b_Video1_215_jpg.jpg,val,b,b:Video1_215_jpg,6
c_packing990_jpg.jpg,train,c,c:packing990_jpg,2
b_Video1_59_jpg.jpg,test,b,b:Video1_59_jpg,5
c_goggle876597_jpg.jpg,train,c,c:goggle876597_jpg,2
c_15391513321824spp815on8_jpg.jpg,train,c,c:15391513321824spp815on8_jpg,3
c_p65213147_jpg.jpg,train,c,c:p65213147_jpg,1
c_img295_jpg.jpg,train,c,c:img295_jpg,3
a_002721_jpg.jpg,train,a,a:002721_jpg,7
a_001141_jpg.jpg,train,a,a:001141_jpg,9
c_PP02img858_jpg.jpg,train,c,c:PP02img858_jpg,1
c_kp276_jpg.jpg,train,c,c:kp276_jpg,1
b_00422_jpg.jpg,val,b,b:00422_jpg,5
c_frame1112_jpg.jpg,train,c,c:frame1112_jpg,0
c_img43_jpg.jpg,val,c,c:img43_jpg,3
c_PPE_Data_652_jpg.jpg,train,c,c:PPE_Data_652_jpg,2
c_helmet999753_jpg.jpg,train,c,c:helmet999753_jpg,1
c_frame2148_jpg.jpg,val,c,c:frame2148_jpg,0
c_kp1089_jpg.jpg,train,c,c:kp1089_jpg,2
b_KakaoTalk_20221018_001425789_06_jpg.jpg,train,b,b:KakaoTalk_20221018_001425789_06_jpg,4
c_packing1188_jpg.jpg,val,c,c:packing1188_jpg,1
b_image_478_jpg.jpg,val,b,b:image_478_jpg,3
c_frame41_jpg.jpg,train,c,c:frame41_jpg,0
a_006472_jpg.jpg,train,a,a:006472_jpg,3
c_PP02img901_jpg.jpg,train,c,c:PP02img901_jpg,1
c_packing1391_jpg.jpg,train,c,c:packing1391_jpg,1
c_mask-wearing-1632938112706_png_jpg.jpg,train,c,c:mask-wearing-1632938112706_png_jpg,1
c_PP02img1074_jpg.jpg,train,c,c:PP02img1074_jpg,3
b_ppe_0506_jpg.jpg,train,b,b:ppe_0506_jpg,11
c_N5h_img_76_jpg.jpg,train,c,c:N5h_img_76_jpg,2
c_PP02img456_jpg.jpg,train,c,c:PP02img456_jpg,3
c_kp1489_jpg.jpg,train,c,c:kp1489_jpg,1
c_packing558_jpg.jpg,train,c,c:packing558_jpg,2
c_kp865_jpg.jpg,val,c,c:kp865_jpg,1
a_001514_jpg.jpg,val,a,a:001514_jpg,6
c_kp817_jpg.jpg,train,c,c:kp817_jpg,1
c_frame261_jpg.jpg,train,c,c:frame261_jpg,1
a_005861_jpg.jpg,train,a,a:005861_jpg,1
c_005475_jpg.jpg,val,c,c:005475_jpg,2
c_IMG_4921-2_mp4-82_jpg.jpg,train,c,c:IMG_4921-2_mp4-82_jpg,1
a_006596_jpg.jpg,train,a,a:006596_jpg,2
b_Video3_152_jpg.jpg,train,b,b:Video3_152_jpg,4
c_kp179_jpg.jpg,train,c,c:kp179_jpg,1
c_PP02img1490_jpg.jpg,train,c,c:PP02img1490_jpg,4
c_kp1544_jpg.jpg,train,c,c:kp1544_jpg,1
c_frame727_jpg.jpg,train,c,c:frame727_jpg,3
a_004073_jpg.jpg,val,a,a:004073_jpg,3
a_002327_jpg.jpg,train,a,a:002327_jpg,8
c_nglovpp243_jpg.jpg,train,c,c:nglovpp243_jpg,2
a_000912_jpg.jpg,train,a,a:000912_jpg,1
c_PP02img796_jpg.jpg,val,c,c:PP02img796_jpg,2
a_005056_jpg.jpg,train,a,a:005056_jpg,1
c_PP02img1248_jpg.jpg,train,c,c:PP02img1248_jpg,4
c_helmet999811_jpg.jpg,test,c,c:helmet999811_jpg,2
b_Aitin2429_jpg.jpg,train,b,b:Aitin2429_jpg,1
a_004908_jpg.jpg,train,a,a:004908_jpg,4
b_ppe_1084_jpg.jpg,test,b,b:ppe_1084_jpg,4
c_kp588_jpg.jpg,train,c,c:kp588_jpg,1
c_packing1417_jpg.jpg,train,c,c:packing1417_jpg,2
c_img415_jpg.jpg,train,c,c:img415_jpg,4
a_004890_jpg.jpg,train,a,a:004890_jpg,2
c_goggle8765147_jpg.jpg,train,c,c:goggle8765147_jpg,5
a_003149_jpg.jpg,train,a,a:003149_jpg,1
a_000378_jpg.jpg,train,a,a:000378_jpg,2
b_00254_jpg.jpg,train,b,b:00254_jpg,3
b_Video2_182_jpg.jpg,train,b,b:Video2_182_jpg,4
b_Video3_270_jpg.jpg,val,b,b:Video3_270_jpg,4
c_helmet9991118_jpg.jpg,train,c,c:helmet9991118_jpg,1
c_p113186_jpg.jpg,test,c,c:p113186_jpg,1
a_006997_jpg.jpg,train,a,a:006997_jpg,7
b_Video3_115_jpg.jpg,train,b,b:Video3_115_jpg,6
c_packing1837_jpg.jpg,train,c,c:packing1837_jpg,1
c_packing264_jpg.jpg,train,c,c:packing264_jpg,3
a_003573_jpg.jpg,train,a,a:003573_jpg,10
a_002273_jpg.jpg,train,a,a:002273_jpg,6
c_PP02img1246_jpg.jpg,train,c,c:PP02img1246_jpg,4
b_Video4_54_jpg.jpg,train,b,b:Video4_54_jpg,6
a_000764_jpg.jpg,train,a,a:000764_jpg,1
b_image_1162_jpg.jpg,test,b,b:image_1162_jpg,3
a_001428_jpg.jpg,train,a,a:001428_jpg,2
c_packing1604_jpg.jpg,train,c,c:packing1604_jpg,3
a_004745_jpg.jpg,val,a,a:004745_jpg,6
c_frame2645_jpg.jpg,train,c,c:frame2645_jpg,2
c_kp1955_jpg.jpg,train,c,c:kp1955_jpg,1
a_001716_jpg.jpg,val,a,a:001716_jpg,13
b_Aitin0001_jpg.jpg,val,b,b:Aitin0001_jpg,1
c_frame1092_jpg.jpg,train,c,c:frame1092_jpg,1
b_image_177_jpg.jpg,val,b,b:image_177_jpg,4
c_frame774_jpg.jpg,train,c,c:frame774_jpg,3
c_packing1063_jpg.jpg,train,c,c:packing1063_jpg,2
a_004703_jpg.jpg,train,a,a:004703_jpg,1
b_image_1045_jpg.jpg,train,b,b:image_1045_jpg,2
b_image_1276_jpg.jpg,val,b,b:image_1276_jpg,2
b_ppe_0601_jpg.jpg,val,b,b:ppe_0601_jpg,6
c_005363_jpg.jpg,train,c,c:005363_jpg,4
c_packing1282_jpg.jpg,train,c,c:packing1282_jpg,2
c_packing1834_jpg.jpg,train,c,c:packing1834_jpg,1
c_kp1867_jpg.jpg,train,c,c:kp1867_jpg,1
c_packing547_jpg.jpg,train,c,c:packing547_jpg,1
c_Mask2_mov-53_jpg.jpg,train,c,c:Mask2_mov-53_jpg,1
c_Nhh_img_143_jpg.jpg,train,c,c:Nhh_img_143_jpg,1
a_000281_jpg.jpg,train,a,a:000281_jpg,2
c_PP02img955_jpg.jpg,train,c,c:PP02img955_jpg,2
b_ppe_0275_jpg.jpg,train,b,b:ppe_0275_jpg,2
a_001461_jpg.jpg,train,a,a:001461_jpg,8
c_kp1543_jpg.jpg,val,c,c:kp1543_jpg,1
c_kp1569_jpg.jpg,train,c,c:kp1569_jpg,2
c_frame2832_jpg.jpg,train,c,c:frame2832_jpg,4
c_PPE_Data_162_jpg.jpg,train,c,c:PPE_Data_162_jpg,2
c_frame753_jpg.jpg,train,c,c:frame753_jpg,1
c_PP02img1003_jpg.jpg,train,c,c:PP02img1003_jpg,3
a_006813_jpg.jpg,train,a,a:006813_jpg,2
a_002456_jpg.jpg,train,a,a:002456_jpg,3
c_kp1990_jpg.jpg,train,c,c:kp1990_jpg,2
c_kp1874_jpg.jpg,train,c,c:kp1874_jpg,1
a_002156_jpg.jpg,train,a,a:002156_jpg,6
c_PP02img587_jpg.jpg,train,c,c:PP02img587_jpg,6
c_kp1198_jpg.jpg,test,c,c:kp1198_jpg,1
b_Video3_153_jpg.jpg,train,b,b:Video3_153_jpg,6
c_PP02img778_jpg.jpg,train,c,c:PP02img778_jpg,6
a_003978_jpg.jpg,val,a,a:003978_jpg,2
c_kp1966_jpg.jpg,train,c,c:kp1966_jpg,1
c_kp783_jpg.jpg,train,c,c:kp783_jpg,1
c_packing28_jpg.jpg,val,c,c:packing28_jpg,1
c_kp1271_jpg.jpg,train,c,c:kp1271_jpg,1
c_img349_jpg.jpg,train,c,c:img349_jpg,3
c_PP02img1215_jpg.jpg,train,c,c:PP02img1215_jpg,3
c_frame1308_jpg.jpg,test,c,c:frame1308_jpg,1
c_kp1602_jpg.jpg,train,c,c:kp1602_jpg,1
a_000922_jpg.jpg,train,a,a:000922_jpg,7
c_packing1820_jpg.jpg,test,c,c:packing1820_jpg,1
c_frame23_jpg.jpg,val,c,c:frame23_jpg,2
c_PPE_Data_563_jpg.jpg,test,c,c:PPE_Data_563_jpg,2
b_image_876_jpg.jpg,train,b,b:image_876_jpg,3
b_Video1_183_jpg.jpg,train,b,b:Video1_183_jpg,6
c_PP02img260_jpg.jpg,train,c,c:PP02img260_jpg,4
c_packing1346_jpg.jpg,train,c,c:packing1346_jpg,3
c_PP02img188_jpg.jpg,train,c,c:PP02img188_jpg,2
c_kp920_jpg.jpg,train,c,c:kp920_jpg,1
a_000181_jpg.jpg,train,a,a:000181_jpg,10
c_goggle8765161_jpg.jpg,train,c,c:goggle8765161_jpg,3
c_005442_jpg.jpg,test,c,c:005442_jpg,10
a_005195_jpg.jpg,train,a,a:005195_jpg,3
a_006254_jpg.jpg,train,a,a:006254_jpg,2
b_ppe_0663_jpg.jpg,train,b,b:ppe_0663_jpg,4
b_image_1178_jpg.jpg,val,b,b:image_1178_jpg,3
c_kp518_jpg.jpg,train,c,c:kp518_jpg,2
c_packing1338_jpg.jpg,val,c,c:packing1338_jpg,1
c_helmet9991029_jpg.jpg,val,c,c:helmet9991029_jpg,1
c_frame1203_jpg.jpg,train,c,c:frame1203_jpg,0
c_kp108_jpg.jpg,test,c,c:kp108_jpg,1
c_img500_jpg.jpg,train,c,c:img500_jpg,5
c_img301_jpg.jpg,train,c,c:img301_jpg,5
c_005467_jpg.jpg,train,c,c:005467_jpg,4
c_frame178_jpg.jpg,val,c,c:frame178_jpg,1
c_fglov1100_jpg.jpg,train,c,c:fglov1100_jpg,5
c_PPE_Data_107_jpg.jpg,train,c,c:PPE_Data_107_jpg,0
c_kp860_jpg.jpg,train,c,c:kp860_jpg,1
c_packing1013_jpg.jpg,val,c,c:packing1013_jpg,1
c_img231_jpg.jpg,train,c,c:img231_jpg,3
c_IMG_4921-2_mp4-126_jpg.jpg,test,c,c:IMG_4921-2_mp4-126_jpg,1
c_PP02img1292_jpg.jpg,train,c,c:PP02img1292_jpg,3
a_004042_jpg.jpg,val,a,a:004042_jpg,1
c_PXL_20210930_151814022_jpg.jpg,test,c,c:PXL_20210930_151814022_jpg,2
a_001988_jpg.jpg,val,a,a:001988_jpg,11
c_p113109_jpg.jpg,val,c,c:p113109_jpg,1
c_kp956_jpg.jpg,train,c,c:kp956_jpg,1
a_003539_jpg.jpg,val,a,a:003539_jpg,2
b_gettyimages-650169013-612x612_jpg.jpg,train,b,b:gettyimages-650169013-612x612_jpg,2
c_PP02img449_jpg.jpg,val,c,c:PP02img449_jpg,5
b_ppe_1272_jpg.jpg,test,b,b:ppe_1272_jpg,2
b_ppe_0800_jpg.jpg,val,b,b:ppe_0800_jpg,2
b_image_1163_jpg.jpg,val,b,b:image_1163_jpg,3
c_fglov1140_jpg.jpg,train,c,c:fglov1140_jpg,3
a_005256_jpg.jpg,train,a,a:005256_jpg,1
a_003909_jpg.jpg,val,a,a:003909_jpg,6
c_packing1724_jpg.jpg,val,c,c:packing1724_jpg,2
a_004861_jpg.jpg,train,a,a:004861_jpg,4
c_p65213157_jpg.jpg,train,c,c:p65213157_jpg,1
c_PPE_Data_43_jpg.jpg,test,c,c:PPE_Data_43_jpg,1
c_nglovpp321_jpg.jpg,train,c,c:nglovpp321_jpg,2
c_kp974_jpg.jpg,train,c,c:kp974_jpg,1
c_PPE_Data_22_jpg.jpg,val,c,c:PPE_Data_22_jpg,2
b_Video1_191_jpg.jpg,train,b,b:Video1_191_jpg,4
b_image_557_jpg.jpg,val,b,b:image_557_jpg,3
c_packing1345_jpg.jpg,train,c,c:packing1345_jpg,2
b_images-30-_jpg.jpg,train,b,b:images-30-_jpg,1
c_IMG_4921-2_mp4-97_jpg.jpg,test,c,c:IMG_4921-2_mp4-97_jpg,1
c_15150794626913_jpg.jpg,val,c,c:15150794626913_jpg,5
a_006516_jpg.jpg,train,a,a:006516_jpg,2
c_img197_jpg.jpg,train,c,c:img197_jpg,6
b_Video3_43_jpg.jpg,train,b,b:Video3_43_jpg,4
a_003093_jpg.jpg,train,a,a:003093_jpg,4
c_p65213172_jpg.jpg,train,c,c:p65213172_jpg,1
c_fglov150_jpg.jpg,train,c,c:fglov150_jpg,5
c_frame1167_jpg.jpg,train,c,c:frame1167_jpg,0
a_001476_jpg.jpg,train,a,a:001476_jpg,1
c_mask-wearing-1632932157870_png_jpg.jpg,val,c,c:mask-wearing-1632932157870_png_jpg,1
b_ppe_1064_jpg.jpg,train,b,b:ppe_1064_jpg,2
a_001738_jpg.jpg,train,a,a:001738_jpg,1
c_nglov71_jpg.jpg,train,c,c:nglov71_jpg,2
a_003589_jpg.jpg,train,a,a:003589_jpg,8
b_ppe_1140_jpg.jpg,train,b,b:ppe_1140_jpg,11
c_kp898_jpg.jpg,train,c,c:kp898_jpg,1
c_packing164_jpg.jpg,test,c,c:packing164_jpg,2
c_packing72_jpg.jpg,train,c,c:packing72_jpg,3
c_frame3736_jpg.jpg,train,c,c:frame3736_jpg,2
c_packing1270_jpg.jpg,val,c,c:packing1270_jpg,1
c_frame635_jpg.jpg,test,c,c:frame635_jpg,0
c_IMG_4920_mov-20_jpg.jpg,train,c,c:IMG_4920_mov-20_jpg,1
c_packing1077_jpg.jpg,train,c,c:packing1077_jpg,1
c_nglov121_jpg.jpg,train,c,c:nglov121_jpg,5
b_image_1531_jpg.jpg,train,b,b:image_1531_jpg,1
b_image_50_jpg.jpg,val,b,b:image_50_jpg,3
a_005731_jpg.jpg,train,a,a:005731_jpg,2
a_005465_jpg.jpg,train,a,a:005465_jpg,3
c_MX_img_51_jpg.jpg,train,c,c:MX_img_51_jpg,1
c_packing873_jpg.jpg,val,c,c:packing873_jpg,3
c_helmet9991111_jpg.jpg,train,c,c:helmet9991111_jpg,1
b_image_477_jpg.jpg,val,b,b:image_477_jpg,3
c_PP02img1336_jpg.jpg,train,c,c:PP02img1336_jpg,6
c_nglovpp273_jpg.jpg,train,c,c:nglovpp273_jpg,2
c_Mask2_mov-21_jpg.jpg,test,c,c:Mask2_mov-21_jpg,1
c_frame456_jpg.jpg,train,c,c:frame456_jpg,2
a_004124_jpg.jpg,train,a,a:004124_jpg,3
c_kp1415_jpg.jpg,train,c,c:kp1415_jpg,1
c_img475_jpg.jpg,train,c,c:img475_jpg,3
c_kp808_jpg.jpg,train,c,c:kp808_jpg,1
a_006049_jpg.jpg,val,a,a:006049_jpg,4
c_kp897_jpg.jpg,train,c,c:kp897_jpg,1
a_001718_jpg.jpg,test,a,a:001718_jpg,13
c_PP02img1458_jpg.jpg,train,c,c:PP02img1458_jpg,5
c_nglovpp2185_jpg.jpg,val,c,c:nglovpp2185_jpg,5
c_img348_jpg.jpg,train,c,c:img348_jpg,2
c_IMG_4921-2_mp4-3_jpg.jpg,train,c,c:IMG_4921-2_mp4-3_jpg,1
a_003068_jpg.jpg,train,a,a:003068_jpg,1
c_frame78_jpg.jpg,val,c,c:frame78_jpg,1
c_packing207_jpg.jpg,val,c,c:packing207_jpg,3
b_ppe_1285_jpg.jpg,train,b,b:ppe_1285_jpg,8
b_image_241_jpg.jpg,train,b,b:image_241_jpg,4
a_004931_jpg.jpg,val,a,a:004931_jpg,2
c_MX_img_192_jpg.jpg,test,c,c:MX_img_192_jpg,1
c_packing1034_jpg.jpg,train,c,c:packing1034_jpg,2
c_mask-wearing-1632937587369_png_jpg.jpg,train,c,c:mask-wearing-1632937587369_png_jpg,1
b_image_781_jpg.jpg,train,b,b:image_781_jpg,3
c_N5h_img_47_jpg.jpg,train,c,c:N5h_img_47_jpg,1
c_helmet999938_jpg.jpg,train,c,c:helmet999938_jpg,1
c_Mask-detector1_mov-12_jpg.jpg,train,c,c:Mask-detector1_mov-12_jpg,1
c_frame29_jpg.jpg,train,c,c:frame29_jpg,0
c_kp273_jpg.jpg,train,c,c:kp273_jpg,1
c_frame179_jpg.jpg,train,c,c:frame179_jpg,1
c_packing1547_jpg.jpg,train,c,c:packing1547_jpg,1
a_004853_jpg.jpg,val,a,a:004853_jpg,2
c_kp1144_jpg.jpg,val,c,c:kp1144_jpg,2
c_packing1764_jpg.jpg,train,c,c:packing1764_jpg,1
b_ppe_0229_jpg.jpg,train,b,b:ppe_0229_jpg,6
c_packing1937_jpg.jpg,train,c,c:packing1937_jpg,1
c_IMG_4921-2_mp4-101_jpg.jpg,train,c,c:IMG_4921-2_mp4-101_jpg,1
c_PPE_Data_322_jpg.jpg,train,c,c:PPE_Data_322_jpg,2
c_frame476_jpg.jpg,train,c,c:frame476_jpg,2
a_005793_jpg.jpg,train,a,a:005793_jpg,4
c_packing1674_jpg.jpg,train,c,c:packing1674_jpg,1
a_001841_jpg.jpg,train,a,a:001841_jpg,6
c_frame1245_jpg.jpg,val,c,c:frame1245_jpg,0
c_PP02img1197_jpg.jpg,val,c,c:PP02img1197_jpg,3
a_004470_jpg.jpg,train,a,a:004470_jpg,4
c_PPE_Data_636_jpg.jpg,train,c,c:PPE_Data_636_jpg,2
c_packing805_jpg.jpg,train,c,c:packing805_jpg,1
c_helmet999508_jpg.jpg,val,c,c:helmet999508_jpg,1
c_IMG_4921-2_mp4-85_jpg.jpg,train,c,c:IMG_4921-2_mp4-85_jpg,1
b_ppe_0412_jpg.jpg,test,b,b:ppe_0412_jpg,9
c_frame465_jpg.jpg,train,c,c:frame465_jpg,2
c_packing606_jpg.jpg,train,c,c:packing606_jpg,2
c_packing1829_jpg.jpg,val,c,c:packing1829_jpg,1
c_PP02img908_jpg.jpg,train,c,c:PP02img908_jpg,1
c_p11317_jpg.jpg,test,c,c:p11317_jpg,2
a_001973_jpg.jpg,train,a,a:001973_jpg,12
c_fglov1155_jpg.jpg,test,c,c:fglov1155_jpg,2
c_PP02img1303_jpg.jpg,train,c,c:PP02img1303_jpg,4
c_nglovpp314_jpg.jpg,train,c,c:nglovpp314_jpg,2
b_ppe_1274_jpg.jpg,train,b,b:ppe_1274_jpg,10
a_002898_jpg.jpg,train,a,a:002898_jpg,3
c_kp1120_jpg.jpg,train,c,c:kp1120_jpg,1
a_003587_jpg.jpg,train,a,a:003587_jpg,7
c_frame20--2-_jpg.jpg,val,c,c:frame20--2-_jpg,2
c_goggle876515_jpg.jpg,train,c,c:goggle876515_jpg,5
c_stsciRq_png_jpg.jpg,val,c,c:stsciRq_png_jpg,2
b_Video3_45_jpg.jpg,test,b,b:Video3_45_jpg,4
c_packing1455_jpg.jpg,train,c,c:packing1455_jpg,2
c_N5h_img_238_jpg.jpg,train,c,c:N5h_img_238_jpg,1
c_packing1217_jpg.jpg,train,c,c:packing1217_jpg,1
b_ppe_0549_jpg.jpg,train,b,b:ppe_0549_jpg,2
a_003180_jpg.jpg,train,a,a:003180_jpg,5
c_PP02img1055_jpg.jpg,train,c,c:PP02img1055_jpg,2
a_001814_jpg.jpg,train,a,a:001814_jpg,4
a_000844_jpg.jpg,train,a,a:000844_jpg,1
c_kp228_jpg.jpg,train,c,c:kp228_jpg,1
c_Mask2_mov-29_jpg.jpg,train,c,c:Mask2_mov-29_jpg,1
b_image_768_jpg.jpg,train,b,b:image_768_jpg,3
b_image_95_jpg.jpg,train,b,b:image_95_jpg,4
a_005132_jpg.jpg,train,a,a:005132_jpg,1
b_image_731_jpg.jpg,train,b,b:image_731_jpg,3
c_NVR-09_Trim_new_Trim-0202_jpg.jpg,train,c,c:NVR-09_Trim_new_Trim-0202_jpg,0
b_20220721_161927_jpg.jpg,val,b,b:20220721_161927_jpg,2
c_frame1156--2-_jpg.jpg,train,c,c:frame1156--2-_jpg,0
a_004035_jpg.jpg,train,a,a:004035_jpg,1
c_packing113_jpg.jpg,train,c,c:packing113_jpg,3
c_kp869_jpg.jpg,train,c,c:kp869_jpg,1
c_kp1726_jpg.jpg,val,c,c:kp1726_jpg,1
c_img318_jpg.jpg,train,c,c:img318_jpg,3
b_image_293_jpg.jpg,val,b,b:image_293_jpg,2
c_N5h_img_112_jpg.jpg,train,c,c:N5h_img_112_jpg,2
a_002718_jpg.jpg,train,a,a:002718_jpg,2
c_Nhh_img_131_jpg.jpg,train,c,c:Nhh_img_131_jpg,1
c_p11327_jpg.jpg,train,c,c:p11327_jpg,2
c_PP02img1249_jpg.jpg,val,c,c:PP02img1249_jpg,3
c_img495_jpg.jpg,train,c,c:img495_jpg,4
c_NVR-09_Trim_new_Trim-1533_jpg.jpg,train,c,c:NVR-09_Trim_new_Trim-1533_jpg,2
a_002165_jpg.jpg,train,a,a:002165_jpg,11
c_mask-wearing-1632937831241_png_jpg.jpg,train,c,c:mask-wearing-1632937831241_png_jpg,1
c_packing1866_jpg.jpg,train,c,c:packing1866_jpg,1
b_images-2022-07-04T013646-1-_jpg.jpg,val,b,b:images-2022-07-04T013646-1-_jpg,2
c_fglov192_jpg.jpg,train,c,c:fglov192_jpg,1
b_ppe_0669_jpg.jpg,val,b,b:ppe_0669_jpg,8
c_helmet9991126_jpg.jpg,train,c,c:helmet9991126_jpg,1
c_frame1240_jpg.jpg,train,c,c:frame1240_jpg,0
c_frame458_jpg.jpg,train,c,c:frame458_jpg,0
c_frame56_jpg.jpg,train,c,c:frame56_jpg,1
c_frame73_jpg.jpg,train,c,c:frame73_jpg,3
c_packing322_jpg.jpg,train,c,c:packing322_jpg,2
b_image_693_jpg.jpg,train,b,b:image_693_jpg,6
c_kp1108_jpg.jpg,train,c,c:kp1108_jpg,1
a_002373_jpg.jpg,train,a,a:002373_jpg,3
c_kp1951_jpg.jpg,train,c,c:kp1951_jpg,1
c_p65213199_jpg.jpg,train,c,c:p65213199_jpg,1
c_NX_img_18_jpg.jpg,test,c,c:NX_img_18_jpg,1
a_001401_jpg.jpg,val,a,a:001401_jpg,2
c_Nhh_img_183_jpg.jpg,train,c,c:Nhh_img_183_jpg,1
a_000816_jpg.jpg,train,a,a:000816_jpg,10
c_nglov50_jpg.jpg,train,c,c:nglov50_jpg,2
c_kp621_jpg.jpg,train,c,c:kp621_jpg,2
c_MX_img_156_jpg.jpg,test,c,c:MX_img_156_jpg,1
c_kp1914_jpg.jpg,train,c,c:kp1914_jpg,1
b_ppe_0127_jpg.jpg,train,b,b:ppe_0127_jpg,1
c_packing1468_jpg.jpg,train,c,c:packing1468_jpg,2
b_image_328_jpg.jpg,test,b,b:image_328_jpg,4
a_001979_jpg.jpg,train,a,a:001979_jpg,2
c_NVR-09_Trim_new_Trim-0326_jpg.jpg,train,c,c:NVR-09_Trim_new_Trim-0326_jpg,0
a_006800_jpg.jpg,train,a,a:006800_jpg,1
c_frame176_jpg.jpg,train,c,c:frame176_jpg,1
c_kp649_jpg.jpg,val,c,c:kp649_jpg,2
a_003969_jpg.jpg,train,a,a:003969_jpg,2
b_Video1_25_jpg.jpg,train,b,b:Video1_25_jpg,6
c_kp945_jpg.jpg,train,c,c:kp945_jpg,1
c_PP02img206_jpg.jpg,train,c,c:PP02img206_jpg,5
b_ppe_0520_jpg.jpg,train,b,b:ppe_0520_jpg,6
c_p6562132_jpg.jpg,val,c,c:p6562132_jpg,1
a_005758_jpg.jpg,train,a,a:005758_jpg,2
c_w1240-p16x9-5f8aa310737f8e0e6c43d95a68a82b03b6f60106_jpg.jpg,val,c,c:w1240-p16x9-5f8aa310737f8e0e6c43d95a68a82b03b6f60106_jpg,17
c_PP02img523_jpg.jpg,train,c,c:PP02img523_jpg,6
c_fglov142_jpg.jpg,test,c,c:fglov142_jpg,3
c_helmet999567_jpg.jpg,train,c,c:helmet999567_jpg,1
a_000412_jpg.jpg,train,a,a:000412_jpg,2
a_003222_jpg.jpg,val,a,a:003222_jpg,10
b_Video2_144_jpg.jpg,train,b,b:Video2_144_jpg,4
c_packing1639_jpg.jpg,val,c,c:packing1639_jpg,2
c_img19_jpg.jpg,val,c,c:img19_jpg,4
b_Video1_7_jpg.jpg,val,b,b:Video1_7_jpg,4
a_003323_jpg.jpg,train,a,a:003323_jpg,8
c_MX_img_100_jpg.jpg,val,c,c:MX_img_100_jpg,1
c_kp216_jpg.jpg,train,c,c:kp216_jpg,1
c_pic_list_out_2285_jpg.jpg,train,c,c:pic_list_out_2285_jpg,2
c_frame1228_jpg.jpg,train,c,c:frame1228_jpg,0
c_nglovpp2144_jpg.jpg,test,c,c:nglovpp2144_jpg,4
c_nglov134_jpg.jpg,train,c,c:nglov134_jpg,2
a_005593_jpg.jpg,train,a,a:005593_jpg,8
c_packing1254_jpg.jpg,train,c,c:packing1254_jpg,2
c_img327_jpg.jpg,train,c,c:img327_jpg,6
c_helmet999945_jpg.jpg,train,c,c:helmet999945_jpg,1
b_image_356_jpg.jpg,val,b,b:image_356_jpg,3
c_frame259_jpg.jpg,test,c,c:frame259_jpg,1
a_000606_jpg.jpg,train,a,a:000606_jpg,1
b_image_366_jpg.jpg,val,b,b:image_366_jpg,3
c_nglov1_jpg.jpg,val,c,c:nglov1_jpg,5
a_002904_jpg.jpg,train,a,a:002904_jpg,8
a_001298_jpg.jpg,val,a,a:001298_jpg,3
c_NX_img_16_jpg.jpg,test,c,c:NX_img_16_jpg,1
c_mask-wearing-1632937720410_png_jpg.jpg,val,c,c:mask-wearing-1632937720410_png_jpg,1
c_packing86_jpg.jpg,train,c,c:packing86_jpg,1
c_frame67--3-_jpg.jpg,train,c,c:frame67--3-_jpg,2
c_packing33_jpg.jpg,train,c,c:packing33_jpg,1
c_img264_jpg.jpg,train,c,c:img264_jpg,3
c_N5h_img_131_jpg.jpg,train,c,c:N5h_img_131_jpg,1
c_packing249_jpg.jpg,val,c,c:packing249_jpg,1
c_PP02img696_jpg.jpg,train,c,c:PP02img696_jpg,3
b_image_1681_jpg.jpg,val,b,b:image_1681_jpg,3
c_N5h_img_198_jpg.jpg,val,c,c:N5h_img_198_jpg,2
a_001013_jpg.jpg,test,a,a:001013_jpg,2
c_packing221_jpg.jpg,train,c,c:packing221_jpg,3
c_packing807_jpg.jpg,train,c,c:packing807_jpg,2
c_img80_jpg.jpg,train,c,c:img80_jpg,5
c_packing1261_jpg.jpg,train,c,c:packing1261_jpg,2
c_packing210_jpg.jpg,val,c,c:packing210_jpg,2
b_image_832_jpg.jpg,test,b,b:image_832_jpg,3
b_image_292_jpg.jpg,train,b,b:image_292_jpg,3
c_PP02img719_jpg.jpg,train,c,c:PP02img719_jpg,3
c_kp873_jpg.jpg,test,c,c:kp873_jpg,1
b_ppe_0172_jpg.jpg,train,b,b:ppe_0172_jpg,6
a_005303_jpg.jpg,train,a,a:005303_jpg,4
a_004315_jpg.jpg,train,a,a:004315_jpg,3
c_MX_img_60_jpg.jpg,test,c,c:MX_img_60_jpg,1
c_PP02img1203_jpg.jpg,train,c,c:PP02img1203_jpg,4
c_img492_jpg.jpg,train,c,c:img492_jpg,5
c_PP02img357_jpg.jpg,train,c,c:PP02img357_jpg,5
c_MX_img_159_jpg.jpg,val,c,c:MX_img_159_jpg,1
a_002576_jpg.jpg,train,a,a:002576_jpg,2
a_005633_jpg.jpg,test,a,a:005633_jpg,12
c_kp1365_jpg.jpg,val,c,c:kp1365_jpg,1
c_packing1698_jpg.jpg,train,c,c:packing1698_jpg,2
c_helmet999968_jpg.jpg,train,c,c:helmet999968_jpg,1
c_kp476_jpg.jpg,train,c,c:kp476_jpg,1
c_kp1145_jpg.jpg,train,c,c:kp1145_jpg,1
c_PP02img74_jpg.jpg,train,c,c:PP02img74_jpg,3
a_006010_jpg.jpg,train,a,a:006010_jpg,1
b_image_1692_jpg.jpg,train,b,b:image_1692_jpg,11
c_packing1925_jpg.jpg,val,c,c:packing1925_jpg,1
b_ppe_1133_jpg.jpg,train,b,b:ppe_1133_jpg,4
a_006589_jpg.jpg,train,a,a:006589_jpg,4
c_PP02img159_jpg.jpg,train,c,c:PP02img159_jpg,1
c_kp511_jpg.jpg,train,c,c:kp511_jpg,1
b_ppe_0466_jpg.jpg,val,b,b:ppe_0466_jpg,9
b_Video1_34_jpg.jpg,val,b,b:Video1_34_jpg,6
a_000880_jpg.jpg,train,a,a:000880_jpg,4
c_packing718_jpg.jpg,train,c,c:packing718_jpg,1
c_PP02img394_jpg.jpg,train,c,c:PP02img394_jpg,2
a_003303_jpg.jpg,train,a,a:003303_jpg,9
c_frame71_jpg.jpg,train,c,c:frame71_jpg,1
c_PP02img351_jpg.jpg,train,c,c:PP02img351_jpg,6
b_image_42_jpg.jpg,val,b,b:image_42_jpg,2
c_goggle8765187_jpg.jpg,train,c,c:goggle8765187_jpg,4
c_frame1424_jpg.jpg,train,c,c:frame1424_jpg,1
c_rawImage_jpg.jpg,train,c,c:rawImage_jpg,5
c_PP02img939_jpg.jpg,train,c,c:PP02img939_jpg,1
c_kp1931_jpg.jpg,train,c,c:kp1931_jpg,2
c_frame1237_jpg.jpg,train,c,c:frame1237_jpg,0
b_ppe_0139_jpg.jpg,test,b,b:ppe_0139_jpg,3
a_000870_jpg.jpg,train,a,a:000870_jpg,1
b_Video3_234_jpg.jpg,test,b,b:Video3_234_jpg,6
a_004185_jpg.jpg,val,a,a:004185_jpg,2
a_001843_jpg.jpg,train,a,a:001843_jpg,3
b_ppe_0625_jpg.jpg,train,b,b:ppe_0625_jpg,4
c_mo-justin-mask-NoMask_mov-39_jpg.jpg,train,c,c:mo-justin-mask-NoMask_mov-39_jpg,2
c_packing943_jpg.jpg,train,c,c:packing943_jpg,2
a_005794_jpg.jpg,val,a,a:005794_jpg,12
c_nglovpp26_jpg.jpg,test,c,c:nglovpp26_jpg,3
c_PP02img969_jpg.jpg,train,c,c:PP02img969_jpg,2
c_fglov1134_jpg.jpg,train,c,c:fglov1134_jpg,2
c_frame17_jpg.jpg,train,c,c:frame17_jpg,0
c_PPE_Data_20_jpg.jpg,val,c,c:PPE_Data_20_jpg,1
b_image_1519_jpg.jpg,train,b,b:image_1519_jpg,3
c_N5h_img_1_jpg.jpg,test,c,c:N5h_img_1_jpg,3
a_001574_jpg.jpg,train,a,a:001574_jpg,1
c_kp1980_jpg.jpg,test,c,c:kp1980_jpg,1
c_PPE_Data_53_jpg.jpg,train,c,c:PPE_Data_53_jpg,0
b_ppe_0013_jpg.jpg,val,b,b:ppe_0013_jpg,3
c_PP02img98_jpg.jpg,train,c,c:PP02img98_jpg,4
c_nglovpp255_jpg.jpg,train,c,c:nglovpp255_jpg,3
c_packing1351_jpg.jpg,train,c,c:packing1351_jpg,2
c_packing580_jpg.jpg,train,c,c:packing580_jpg,2
c_PP02img1178_jpg.jpg,test,c,c:PP02img1178_jpg,3
a_003812_jpg.jpg,train,a,a:003812_jpg,4
c_img198_jpg.jpg,train,c,c:img198_jpg,3
a_000980_jpg.jpg,train,a,a:000980_jpg,2
c_PP02img1040_jpg.jpg,train,c,c:PP02img1040_jpg,4
c_kp1621_jpg.jpg,test,c,c:kp1621_jpg,1
c_nglovpp310_jpg.jpg,train,c,c:nglovpp310_jpg,1
c_nglov45_jpg.jpg,train,c,c:nglov45_jpg,1
a_005414_jpg.jpg,train,a,a:005414_jpg,4
c_packing546_jpg.jpg,train,c,c:packing546_jpg,1
a_000819_jpg.jpg,train,a,a:000819_jpg,1
c_kp1290_jpg.jpg,train,c,c:kp1290_jpg,1
c_NVR-09_Trim_new_Trim-0277_jpg.jpg,train,c,c:NVR-09_Trim_new_Trim-0277_jpg,0
b_ppe_0159_jpg.jpg,test,b,b:ppe_0159_jpg,6
c_nglovpp322_jpg.jpg,train,c,c:nglovpp322_jpg,2
c_packing31_jpg.jpg,train,c,c:packing31_jpg,2
c_p113200_jpg.jpg,val,c,c:p113200_jpg,1
a_000149_jpg.jpg,train,a,a:000149_jpg,1
b_image_743_jpg.jpg,val,b,b:image_743_jpg,3
c_packing1471_jpg.jpg,train,c,c:packing1471_jpg,2
c_PP02img36_jpg.jpg,train,c,c:PP02img36_jpg,6
c_N5h_img_172_jpg.jpg,train,c,c:N5h_img_172_jpg,1
b_image_238_jpg.jpg,train,b,b:image_238_jpg,4
c_kp1082_jpg.jpg,val,c,c:kp1082_jpg,1
a_007059_jpg.jpg,train,a,a:007059_jpg,1
b_Video3_31_jpg.jpg,train,b,b:Video3_31_jpg,4
a_005609_jpg.jpg,train,a,a:005609_jpg,5
c_packing213_jpg.jpg,train,c,c:packing213_jpg,2
c_packing538_jpg.jpg,train,c,c:packing538_jpg,1
a_005906_jpg.jpg,train,a,a:005906_jpg,3
c_helmet999915_jpg.jpg,train,c,c:helmet999915_jpg,2
c_fglov160_jpg.jpg,val,c,c:fglov160_jpg,3
b_ppe_0497_jpg.jpg,train,b,b:ppe_0497_jpg,2
b_images-2022-07-04T014035_jpg.jpg,train,b,b:images-2022-07-04T014035_jpg,1
c_mask-wearing-1632939827557_png_jpg.jpg,train,c,c:mask-wearing-1632939827557_png_jpg,1
c_img75_jpg.jpg,train,c,c:img75_jpg,5
c_kp788_jpg.jpg,train,c,c:kp788_jpg,1
c_helmet9991106_jpg.jpg,train,c,c:helmet9991106_jpg,1
c_packing1352_jpg.jpg,train,c,c:packing1352_jpg,1
a_003331_jpg.jpg,train,a,a:003331_jpg,3
c_helmet999630_jpg.jpg,val,c,c:helmet999630_jpg,1
c_N5h_img_91_jpg.jpg,train,c,c:N5h_img_91_jpg,1
a_000652_jpg.jpg,train,a,a:000652_jpg,2
c_img325_jpg.jpg,train,c,c:img325_jpg,4
a_000039_jpg.jpg,train,a,a:000039_jpg,1
a_005402_jpg.jpg,train,a,a:005402_jpg,2
b_image_1104_jpg.jpg,train,b,b:image_1104_jpg,2
c_kp1619_jpg.jpg,val,c,c:kp1619_jpg,1
c_goggle876579_jpg.jpg,train,c,c:goggle876579_jpg,1
c_kp302_jpg.jpg,train,c,c:kp302_jpg,1
c_PP02img1421_jpg.jpg,train,c,c:PP02img1421_jpg,2
c_packing1877_jpg.jpg,test,c,c:packing1877_jpg,1
c_helmet999768_jpg.jpg,train,c,c:helmet999768_jpg,2
c_frame602_jpg.jpg,train,c,c:frame602_jpg,0
c_p11395_jpg.jpg,train,c,c:p11395_jpg,1
c_frame102--3-_jpg.jpg,val,c,c:frame102--3-_jpg,3
c_helmet9991085_jpg.jpg,train,c,c:helmet9991085_jpg,1
a_003647_jpg.jpg,train,a,a:003647_jpg,1
b_ppe_0632_jpg.jpg,val,b,b:ppe_0632_jpg,2
c_mask-wearing-1632939812920_png_jpg.jpg,test,c,c:mask-wearing-1632939812920_png_jpg,1
c_frame216_jpg.jpg,train,c,c:frame216_jpg,1
c_nglov21_jpg.jpg,val,c,c:nglov21_jpg,4
c_kp326_jpg.jpg,train,c,c:kp326_jpg,1
c_packing62_jpg.jpg,train,c,c:packing62_jpg,1
c_packing555_jpg.jpg,train,c,c:packing555_jpg,1
c_005500_jpg.jpg,train,c,c:005500_jpg,1
b_Video4_62_jpg.jpg,train,b,b:Video4_62_jpg,6
c_goggle8765164_jpg.jpg,train,c,c:goggle8765164_jpg,2
c_PP02img1224_jpg.jpg,train,c,c:PP02img1224_jpg,5
c_img37_jpg.jpg,train,c,c:img37_jpg,5
c_frame1383_jpg.jpg,train,c,c:frame1383_jpg,0
c_kp559_jpg.jpg,train,c,c:kp559_jpg,2
c_kp301_jpg.jpg,train,c,c:kp301_jpg,1
a_003082_jpg.jpg,train,a,a:003082_jpg,9
a_001638_jpg.jpg,train,a,a:001638_jpg,2
c_helmet9991032_jpg.jpg,val,c,c:helmet9991032_jpg,1
a_005812_jpg.jpg,test,a,a:005812_jpg,14
c_packing1561_jpg.jpg,train,c,c:packing1561_jpg,2
c_PP02img737_jpg.jpg,train,c,c:PP02img737_jpg,4
c_PP02img274_jpg.jpg,test,c,c:PP02img274_jpg,4
c_PP02img790_jpg.jpg,train,c,c:PP02img790_jpg,2
b_image_908_jpg.jpg,val,b,b:image_908_jpg,3
c_p656213131_jpg.jpg,val,c,c:p656213131_jpg,1
a_003452_jpg.jpg,test,a,a:003452_jpg,4
a_003779_jpg.jpg,train,a,a:003779_jpg,3
c_packing1712_jpg.jpg,train,c,c:packing1712_jpg,2
b_image_11_jpg.jpg,train,b,b:image_11_jpg,1
c_packing1486_jpg.jpg,train,c,c:packing1486_jpg,1
c_PPE_Data_786_jpg.jpg,train,c,c:PPE_Data_786_jpg,2
c_005506_jpg.jpg,val,c,c:005506_jpg,2
a_001883_jpg.jpg,test,a,a:001883_jpg,11
b_ppe_1322_jpg.jpg,train,b,b:ppe_1322_jpg,5
b_ppe_1044_jpg.jpg,val,b,b:ppe_1044_jpg,2
c_nglov61_jpg.jpg,train,c,c:nglov61_jpg,2
c_PP02img755_jpg.jpg,train,c,c:PP02img755_jpg,5
c_packing1510_jpg.jpg,train,c,c:packing1510_jpg,3
c_nglovpp361_jpg.jpg,train,c,c:nglovpp361_jpg,1
c_p11386_jpg.jpg,train,c,c:p11386_jpg,1
c_frame273_jpg.jpg,train,c,c:frame273_jpg,1
c_p651356_jpg.jpg,train,c,c:p651356_jpg,1
c_helmet999900_jpg.jpg,train,c,c:helmet999900_jpg,1
c_kp270_jpg.jpg,train,c,c:kp270_jpg,1
c_N5h_img_119_jpg.jpg,val,c,c:N5h_img_119_jpg,2
c_frame712_jpg.jpg,val,c,c:frame712_jpg,3
c_helmet9991010_jpg.jpg,val,c,c:helmet9991010_jpg,1
b_Video4_252_jpg.jpg,train,b,b:Video4_252_jpg,4
a_004535_jpg.jpg,train,a,a:004535_jpg,9
a_004985_jpg.jpg,train,a,a:004985_jpg,11
b_ppe_1221_jpg.jpg,train,b,b:ppe_1221_jpg,2
a_003072_jpg.jpg,train,a,a:003072_jpg,4
a_001366_jpg.jpg,train,a,a:001366_jpg,6
a_002427_jpg.jpg,train,a,a:002427_jpg,3
c_p656213194_jpg.jpg,train,c,c:p656213194_jpg,1
b_image_1467_jpg.jpg,train,b,b:image_1467_jpg,1
c_packing1906_jpg.jpg,val,c,c:packing1906_jpg,1
c_frame2643_jpg.jpg,train,c,c:frame2643_jpg,2
a_000900_jpg.jpg,val,a,a:000900_jpg,4
c_kp566_jpg.jpg,test,c,c:kp566_jpg,2
a_001018_jpg.jpg,train,a,a:001018_jpg,5
b_ppe_0476_jpg.jpg,train,b,b:ppe_0476_jpg,2
c_img368_jpg.jpg,test,c,c:img368_jpg,2
a_001537_jpg.jpg,train,a,a:001537_jpg,1
a_004159_jpg.jpg,test,a,a:004159_jpg,2
a_005172_jpg.jpg,train,a,a:005172_jpg,1
a_001364_jpg.jpg,train,a,a:001364_jpg,3
c_packing1926_jpg.jpg,train,c,c:packing1926_jpg,1
c_fglov1183_jpg.jpg,train,c,c:fglov1183_jpg,4
c_helmet999694_jpg.jpg,train,c,c:helmet999694_jpg,1
c_packing877_jpg.jpg,train,c,c:packing877_jpg,1
b_Video3_122_jpg.jpg,train,b,b:Video3_122_jpg,4
c_packing875_jpg.jpg,test,c,c:packing875_jpg,3
c_frame983_jpg.jpg,val,c,c:frame983_jpg,1
c_packing516_jpg.jpg,train,c,c:packing516_jpg,2
c_frame94--2-_jpg.jpg,train,c,c:frame94--2-_jpg,2
c_frame987_jpg.jpg,val,c,c:frame987_jpg,1
a_002190_jpg.jpg,train,a,a:002190_jpg,9
c_kp1885_jpg.jpg,val,c,c:kp1885_jpg,1
b_image_638_jpg.jpg,val,b,b:image_638_jpg,2
c_Mask2_mov-47_jpg.jpg,val,c,c:Mask2_mov-47_jpg,1
c_packing1046_jpg.jpg,train,c,c:packing1046_jpg,2
c_nglovpp295_jpg.jpg,train,c,c:nglovpp295_jpg,1
a_006033_jpg.jpg,train,a,a:006033_jpg,1
a_006595_jpg.jpg,train,a,a:006595_jpg,8
c_PP02img1440_jpg.jpg,test,c,c:PP02img1440_jpg,5
c_goggle876549_jpg.jpg,train,c,c:goggle876549_jpg,3
a_000138_jpg.jpg,train,a,a:000138_jpg,1
c_kp90_jpg.jpg,test,c,c:kp90_jpg,1
c_PP02img196_jpg.jpg,train,c,c:PP02img196_jpg,4
c_PP02img175_jpg.jpg,val,c,c:PP02img175_jpg,4
c_N5h_img_181_jpg.jpg,train,c,c:N5h_img_181_jpg,1
c_fglov131_jpg.jpg,train,c,c:fglov131_jpg,2
a_007026_jpg.jpg,val,a,a:007026_jpg,2
c_helmet999545_jpg.jpg,test,c,c:helmet999545_jpg,1
a_000087_jpg.jpg,train,a,a:000087_jpg,1
c_kp1021_jpg.jpg,train,c,c:kp1021_jpg,1
c_kp1063_jpg.jpg,train,c,c:kp1063_jpg,1
a_003321_jpg.jpg,val,a,a:003321_jpg,2
a_005051_jpg.jpg,train,a,a:005051_jpg,3
c_helmet999649_jpg.jpg,train,c,c:helmet999649_jpg,1
b_image_1015_jpg.jpg,val,b,b:image_1015_jpg,3
c_packing1681_jpg.jpg,train,c,c:packing1681_jpg,2
b_image_266_jpg.jpg,train,b,b:image_266_jpg,6
b_image_242-1-_jpg.jpg,train,b,b:image_242-1-_jpg,3
c_frame131--2-_jpg.jpg,train,c,c:frame131--2-_jpg,2
a_001421_jpg.jpg,train,a,a:001421_jpg,2
c_img491_jpg.jpg,train,c,c:img491_jpg,4
a_004058_jpg.jpg,test,a,a:004058_jpg,11
a_004558_jpg.jpg,val,a,a:004558_jpg,2
c_p113150_jpg.jpg,val,c,c:p113150_jpg,1
c_packing1590_jpg.jpg,train,c,c:packing1590_jpg,3
b_ppe_0015_jpg.jpg,test,b,b:ppe_0015_jpg,2
a_004792_jpg.jpg,val,a,a:004792_jpg,16
c_packing852_jpg.jpg,train,c,c:packing852_jpg,1
b_r15_jpg.jpg,train,b,b:r15_jpg,9
c_kp1431_jpg.jpg,train,c,c:kp1431_jpg,1
c_packing1541_jpg.jpg,train,c,c:packing1541_jpg,1
a_004497_jpg.jpg,val,a,a:004497_jpg,5
c_helmet9991033_jpg.jpg,train,c,c:helmet9991033_jpg,1
c_helmet999544_jpg.jpg,val,c,c:helmet999544_jpg,1
b_image_1052_jpg.jpg,test,b,b:image_1052_jpg,3
c_helmet9991017_jpg.jpg,train,c,c:helmet9991017_jpg,1
a_002349_jpg.jpg,train,a,a:002349_jpg,11
b_ppe_0886_jpg.jpg,train,b,b:ppe_0886_jpg,4
c_mask-wearing-1632937764824_png_jpg.jpg,val,c,c:mask-wearing-1632937764824_png_jpg,1
c_kp1577_jpg.jpg,train,c,c:kp1577_jpg,2
a_003211_jpg.jpg,train,a,a:003211_jpg,1
c_packing18_jpg.jpg,train,c,c:packing18_jpg,1
c_p65135_jpg.jpg,train,c,c:p65135_jpg,1
c_frame2219_jpg.jpg,train,c,c:frame2219_jpg,0
c_frame1373_jpg.jpg,train,c,c:frame1373_jpg,0
c_kp850_jpg.jpg,test,c,c:kp850_jpg,1
c_kp1703_jpg.jpg,val,c,c:kp1703_jpg,1
c_packing1706_jpg.jpg,train,c,c:packing1706_jpg,1
c_packing91_jpg.jpg,train,c,c:packing91_jpg,2
c_packing1356_jpg.jpg,train,c,c:packing1356_jpg,1
c_sdsdsff_jpg.jpg,train,c,c:sdsdsff_jpg,5
c_Mask2_mov-43_jpg.jpg,train,c,c:Mask2_mov-43_jpg,1
a_005002_jpg.jpg,train,a,a:005002_jpg,1
a_000679_jpg.jpg,train,a,a:000679_jpg,9
c_Mask-detector1_mov-3_jpg.jpg,train,c,c:Mask-detector1_mov-3_jpg,1
c_nglovpp2178_jpg.jpg,test,c,c:nglovpp2178_jpg,3
c_frame1248_jpg.jpg,train,c,c:frame1248_jpg,0
b_image_881_jpg.jpg,test,b,b:image_881_jpg,3
a_003799_jpg.jpg,train,a,a:003799_jpg,1
c_N5h_img_31_jpg.jpg,train,c,c:N5h_img_31_jpg,1
c_frame3793_jpg.jpg,test,c,c:frame3793_jpg,3
a_005027_jpg.jpg,train,a,a:005027_jpg,1
c_005377_jpg.jpg,train,c,c:005377_jpg,1
c_kp1164_jpg.jpg,train,c,c:kp1164_jpg,1
c_packing1918_jpg.jpg,train,c,c:packing1918_jpg,1
c_Mask-detector1_mov-54_jpg.jpg,val,c,c:Mask-detector1_mov-54_jpg,1
c_img20_jpg.jpg,val,c,c:img20_jpg,4
c_N5h_img_67_jpg.jpg,train,c,c:N5h_img_67_jpg,1
a_003982_jpg.jpg,val,a,a:003982_jpg,2
c_kp27_jpg.jpg,train,c,c:kp27_jpg,1
c_kp1239_jpg.jpg,train,c,c:kp1239_jpg,1
c_helmet9991053_jpg.jpg,val,c,c:helmet9991053_jpg,1
b_image_1264_jpg.jpg,train,b,b:image_1264_jpg,3
c_PP02img92_jpg.jpg,val,c,c:PP02img92_jpg,3
a_004670_jpg.jpg,train,a,a:004670_jpg,2
c_N5h_img_240_jpg.jpg,train,c,c:N5h_img_240_jpg,1
c_nglovpp2162_jpg.jpg,train,c,c:nglovpp2162_jpg,4
b_image_181_jpg.jpg,val,b,b:image_181_jpg,6
c_frame1289--2-_jpg.jpg,train,c,c:frame1289--2-_jpg,0
c_IMG_4921-2_mp4-66_jpg.jpg,train,c,c:IMG_4921-2_mp4-66_jpg,1
c_kp1289_jpg.jpg,train,c,c:kp1289_jpg,1
c_kp1550_jpg.jpg,val,c,c:kp1550_jpg,1
c_kp130_jpg.jpg,train,c,c:kp130_jpg,2
c_kp282_jpg.jpg,val,c,c:kp282_jpg,1
c_PP02img568_jpg.jpg,train,c,c:PP02img568_jpg,7
c_nglovpp262_jpg.jpg,train,c,c:nglovpp262_jpg,3
c_fglov1187_jpg.jpg,test,c,c:fglov1187_jpg,1
a_001086_jpg.jpg,train,a,a:001086_jpg,1
c_packing1649_jpg.jpg,test,c,c:packing1649_jpg,2
c_PPE_Data_118_jpg.jpg,val,c,c:PPE_Data_118_jpg,1
c_frame642_jpg.jpg,train,c,c:frame642_jpg,0
a_006828_jpg.jpg,train,a,a:006828_jpg,7
a_001181_jpg.jpg,val,a,a:001181_jpg,1
c_N5h_img_144_jpg.jpg,train,c,c:N5h_img_144_jpg,1
c_Mask-detector1_mov-53_jpg.jpg,train,c,c:Mask-detector1_mov-53_jpg,1
c_N5h_img_133_jpg.jpg,train,c,c:N5h_img_133_jpg,1
c_packing1122_jpg.jpg,train,c,c:packing1122_jpg,3
a_001066_jpg.jpg,train,a,a:001066_jpg,2
c_p113115_jpg.jpg,val,c,c:p113115_jpg,2
c_PP02img752_jpg.jpg,train,c,c:PP02img752_jpg,2
c_PP02img974_jpg.jpg,train,c,c:PP02img974_jpg,2
c_N5h_img_165_jpg.jpg,train,c,c:N5h_img_165_jpg,1
c_PP02img236_jpg.jpg,val,c,c:PP02img236_jpg,5
c_kp386_jpg.jpg,train,c,c:kp386_jpg,1
b_images-2022-07-04T013738_jpg.jpg,val,b,b:images-2022-07-04T013738_jpg,1
c_frame1293_jpg.jpg,train,c,c:frame1293_jpg,1
c_frame522_jpg.jpg,test,c,c:frame522_jpg,0
c_goggle876548_jpg.jpg,train,c,c:goggle876548_jpg,1
a_001160_jpg.jpg,train,a,a:001160_jpg,3
b_ppe_1196_jpg.jpg,val,b,b:ppe_1196_jpg,3
c_packing1470_jpg.jpg,train,c,c:packing1470_jpg,2
a_006862_jpg.jpg,train,a,a:006862_jpg,1
c_p65621355_jpg.jpg,val,c,c:p65621355_jpg,1
b_image_772_jpg.jpg,train,b,b:image_772_jpg,1
c_kp1154_jpg.jpg,test,c,c:kp1154_jpg,1
c_helmet9991147_jpg.jpg,test,c,c:helmet9991147_jpg,1
c_IMG_4921-2_mp4-60_jpg.jpg,train,c,c:IMG_4921-2_mp4-60_jpg,1
a_004957_jpg.jpg,val,a,a:004957_jpg,2
c_kp1501_jpg.jpg,train,c,c:kp1501_jpg,2
a_005702_jpg.jpg,val,a,a:005702_jpg,2
a_005652_jpg.jpg,train,a,a:005652_jpg,1
a_006173_jpg.jpg,val,a,a:006173_jpg,5
c_packing205_jpg.jpg,train,c,c:packing205_jpg,2
b_Video1_203_jpg.jpg,train,b,b:Video1_203_jpg,4
a_000406_jpg.jpg,train,a,a:000406_jpg,3
b_image_359_jpg.jpg,train,b,b:image_359_jpg,2
c_thumbnail-ba5c72edb320b49a69e86b05775c49b2-scaled-1_jpeg_jpg.jpg,train,c,c:thumbnail-ba5c72edb320b49a69e86b05775c49b2-scaled-1_jpeg_jpg,9
c_packing822_jpg.jpg,val,c,c:packing822_jpg,3
a_005395_jpg.jpg,train,a,a:005395_jpg,1
c_Inside-merge_mov-9_jpg.jpg,train,c,c:Inside-merge_mov-9_jpg,0
a_003867_jpg.jpg,train,a,a:003867_jpg,1
c_PP02img1030_jpg.jpg,train,c,c:PP02img1030_jpg,2
c_packing1611_jpg.jpg,train,c,c:packing1611_jpg,3
c_kp1551_jpg.jpg,val,c,c:kp1551_jpg,1
c_mask-wearing-1632932299748_png_jpg.jpg,test,c,c:mask-wearing-1632932299748_png_jpg,1
c_packing1236_jpg.jpg,train,c,c:packing1236_jpg,2
c_packing1800_jpg.jpg,train,c,c:packing1800_jpg,1
c_Nhh_img_141_jpg.jpg,train,c,c:Nhh_img_141_jpg,1
c_goggle8765163_jpg.jpg,train,c,c:goggle8765163_jpg,3
c_PP02img276_jpg.jpg,train,c,c:PP02img276_jpg,5
c_frame3802_jpg.jpg,val,c,c:frame3802_jpg,3
c_PP02img1081_jpg.jpg,val,c,c:PP02img1081_jpg,4
c_frame2220_jpg.jpg,train,c,c:frame2220_jpg,0
c_frame144--2-_jpg.jpg,train,c,c:frame144--2-_jpg,2
c_packing1751_jpg.jpg,train,c,c:packing1751_jpg,1
c_kp257_jpg.jpg,train,c,c:kp257_jpg,1
c_kp127_jpg.jpg,train,c,c:kp127_jpg,1
c_p65213183_jpg.jpg,train,c,c:p65213183_jpg,1
a_006391_jpg.jpg,train,a,a:006391_jpg,15
c_packing960_jpg.jpg,train,c,c:packing960_jpg,1
c_frame1291--2-_jpg.jpg,train,c,c:frame1291--2-_jpg,1
c_packing932_jpg.jpg,test,c,c:packing932_jpg,1
b_TsirinTu0019_jpg.jpg,train,b,b:TsirinTu0019_jpg,6
c_packing1798_jpg.jpg,train,c,c:packing1798_jpg,1
c_packing1266_jpg.jpg,val,c,c:packing1266_jpg,1
a_000725_jpg.jpg,train,a,a:000725_jpg,1
a_005168_jpg.jpg,train,a,a:005168_jpg,1
a_003699_jpg.jpg,train,a,a:003699_jpg,5
a_003007_jpg.jpg,train,a,a:003007_jpg,6
c_packing1245_jpg.jpg,train,c,c:packing1245_jpg,1
a_004255_jpg.jpg,train,a,a:004255_jpg,4
b_Video2_146_jpg.jpg,train,b,b:Video2_146_jpg,6
c_img191_jpg.jpg,train,c,c:img191_jpg,7
c_kp1440_jpg.jpg,train,c,c:kp1440_jpg,1
b_image_1729_jpg.jpg,train,b,b:image_1729_jpg,3
b_image_970_jpg.jpg,val,b,b:image_970_jpg,3
c_packing1545_jpg.jpg,test,c,c:packing1545_jpg,2
c_packing1520_jpg.jpg,train,c,c:packing1520_jpg,1
c_packing693_jpg.jpg,train,c,c:packing693_jpg,1
a_004087_jpg.jpg,train,a,a:004087_jpg,4
b_image_538_jpg.jpg,train,b,b:image_538_jpg,3
a_005153_jpg.jpg,train,a,a:005153_jpg,1
a_003339_jpg.jpg,val,a,a:003339_jpg,2
c_PP02img913_jpg.jpg,train,c,c:PP02img913_jpg,1
c_fglov117_jpg.jpg,val,c,c:fglov117_jpg,4
a_001887_jpg.jpg,train,a,a:001887_jpg,3
c_frame1184_jpg.jpg,train,c,c:frame1184_jpg,0
c_p113132_jpg.jpg,train,c,c:p113132_jpg,1
c_frame113--2-_jpg.jpg,val,c,c:frame113--2-_jpg,1
c_PP02img861_jpg.jpg,train,c,c:PP02img861_jpg,1
a_004075_jpg.jpg,train,a,a:004075_jpg,1
c_kp1278_jpg.jpg,train,c,c:kp1278_jpg,1
a_003798_jpg.jpg,train,a,a:003798_jpg,2
c_packing508_jpg.jpg,train,c,c:packing508_jpg,1
b_image_256_jpg.jpg,train,b,b:image_256_jpg,3
c_kp592_jpg.jpg,val,c,c:kp592_jpg,2
c_kp1717_jpg.jpg,train,c,c:kp1717_jpg,1
c_PPE_Data_216_jpg.jpg,test,c,c:PPE_Data_216_jpg,2
c_frame1162--2-_jpg.jpg,train,c,c:frame1162--2-_jpg,0
a_003893_jpg.jpg,val,a,a:003893_jpg,6
c_img347_jpg.jpg,train,c,c:img347_jpg,4
c_kp395_jpg.jpg,train,c,c:kp395_jpg,1
a_003704_jpg.jpg,train,a,a:003704_jpg,1
c_PPE_Data_251_jpg.jpg,val,c,c:PPE_Data_251_jpg,1
c_kp736_jpg.jpg,train,c,c:kp736_jpg,1
b_image_90_jpg.jpg,val,b,b:image_90_jpg,3
c_frame645_jpg.jpg,train,c,c:frame645_jpg,0
b_image_365_jpg.jpg,train,b,b:image_365_jpg,3
c_005490_jpg.jpg,train,c,c:005490_jpg,5
c_PP02img440_jpg.jpg,val,c,c:PP02img440_jpg,6
c_p656213160_jpg.jpg,test,c,c:p656213160_jpg,1
a_006664_jpg.jpg,val,a,a:006664_jpg,2
b_ppe_1308_jpg.jpg,val,b,b:ppe_1308_jpg,2
a_006302_jpg.jpg,train,a,a:006302_jpg,8
c_helmet999631_jpg.jpg,train,c,c:helmet999631_jpg,1
c_helmet9991040_jpg.jpg,val,c,c:helmet9991040_jpg,1
c_PP02img659_jpg.jpg,train,c,c:PP02img659_jpg,2
c_packing656_jpg.jpg,train,c,c:packing656_jpg,1
c_packing1587_jpg.jpg,train,c,c:packing1587_jpg,3
c_packing1781_jpg.jpg,val,c,c:packing1781_jpg,1
c_PP02img1029_jpg.jpg,val,c,c:PP02img1029_jpg,3
c_kp1333_jpg.jpg,train,c,c:kp1333_jpg,1
b_ppe_0213_jpg.jpg,train,b,b:ppe_0213_jpg,4
a_004246_jpg.jpg,val,a,a:004246_jpg,3
c_packing930_jpg.jpg,test,c,c:packing930_jpg,1
b_Video3_227_jpg.jpg,train,b,b:Video3_227_jpg,4
c_fglov1129_jpg.jpg,train,c,c:fglov1129_jpg,3
a_000831_jpg.jpg,train,a,a:000831_jpg,3
b_image_1589_jpg.jpg,train,b,b:image_1589_jpg,3
b_20220621_132901_jpg.jpg,val,b,b:20220621_132901_jpg,4
c_helmet999638_jpg.jpg,train,c,c:helmet999638_jpg,1
a_001729_jpg.jpg,train,a,a:001729_jpg,6
b_Video2_19_jpg.jpg,train,b,b:Video2_19_jpg,4
c_img24_jpg.jpg,train,c,c:img24_jpg,4
a_006552_jpg.jpg,train,a,a:006552_jpg,8
b_image_1673_jpg.jpg,test,b,b:image_1673_jpg,3
c_helmet999625_jpg.jpg,train,c,c:helmet999625_jpg,1
b_ppe_0664_jpg.jpg,train,b,b:ppe_0664_jpg,9
b_ppe_0559_jpg.jpg,train,b,b:ppe_0559_jpg,4
b_ppe_0391_jpg.jpg,train,b,b:ppe_0391_jpg,4
c_kp1212_jpg.jpg,train,c,c:kp1212_jpg,1
a_004412_jpg.jpg,train,a,a:004412_jpg,1
b_image_942_jpg.jpg,train,b,b:image_942_jpg,4
c_PP02img1359_jpg.jpg,train,c,c:PP02img1359_jpg,4
b_images-2022-07-04T013958_jpg.jpg,train,b,b:images-2022-07-04T013958_jpg,1
b_image_187_jpg.jpg,train,b,b:image_187_jpg,4
c_PPE_Data_638_jpg.jpg,train,c,c:PPE_Data_638_jpg,1
c_kp1935_jpg.jpg,train,c,c:kp1935_jpg,1
a_001107_jpg.jpg,train,a,a:001107_jpg,3
a_000578_jpg.jpg,train,a,a:000578_jpg,1
c_fglov166_jpg.jpg,train,c,c:fglov166_jpg,3
c_N5h_img_163_jpg.jpg,test,c,c:N5h_img_163_jpg,1
c_PP02img237_jpg.jpg,val,c,c:PP02img237_jpg,5
a_005542_jpg.jpg,train,a,a:005542_jpg,3
c_frame143--3-_jpg.jpg,train,c,c:frame143--3-_jpg,2
c_no-mask2_jpeg_jpg.jpg,train,c,c:no-mask2_jpeg_jpg,2
c_PP02img883_jpg.jpg,train,c,c:PP02img883_jpg,1
c_frame76--3-_jpg.jpg,val,c,c:frame76--3-_jpg,2
c_packing1761_jpg.jpg,train,c,c:packing1761_jpg,1
b_image_458_jpg.jpg,val,b,b:image_458_jpg,3
c_packing862_jpg.jpg,train,c,c:packing862_jpg,2
c_PP02img403_jpg.jpg,val,c,c:PP02img403_jpg,2
c_PP02img222_jpg.jpg,val,c,c:PP02img222_jpg,4
c_p11362_jpg.jpg,train,c,c:p11362_jpg,1
b_image_1461_jpg.jpg,val,b,b:image_1461_jpg,3
c_img280_jpg.jpg,train,c,c:img280_jpg,4
b_image_1194_jpg.jpg,train,b,b:image_1194_jpg,6
a_000503_jpg.jpg,train,a,a:000503_jpg,2
a_003038_jpg.jpg,train,a,a:003038_jpg,1
c_p11351_jpg.jpg,val,c,c:p11351_jpg,1
c_img58_jpg.jpg,train,c,c:img58_jpg,5
c_kp1018_jpg.jpg,train,c,c:kp1018_jpg,1
c_helmet999623_jpg.jpg,train,c,c:helmet999623_jpg,1
c_frame1190_jpg.jpg,val,c,c:frame1190_jpg,0
c_MX_img_160_jpg.jpg,val,c,c:MX_img_160_jpg,1
a_001850_jpg.jpg,train,a,a:001850_jpg,4
c_packing1661_jpg.jpg,train,c,c:packing1661_jpg,2
c_img396_jpg.jpg,train,c,c:img396_jpg,7
c_N5h_img_92_jpg.jpg,train,c,c:N5h_img_92_jpg,1
c_nglovpp2152_jpg.jpg,train,c,c:nglovpp2152_jpg,3
c_packing594_jpg.jpg,train,c,c:packing594_jpg,1
c_fglov158_jpg.jpg,test,c,c:fglov158_jpg,3
c_packing1218_jpg.jpg,val,c,c:packing1218_jpg,1
c_p656213174_jpg.jpg,test,c,c:p656213174_jpg,1
a_001687_jpg.jpg,train,a,a:001687_jpg,5
a_004778_jpg.jpg,val,a,a:004778_jpg,5
b_00087_jpg.jpg,val,b,b:00087_jpg,3
a_001210_jpg.jpg,train,a,a:001210_jpg,1
c_PP02img787_jpg.jpg,val,c,c:PP02img787_jpg,3
c_kp1920_jpg.jpg,train,c,c:kp1920_jpg,1
c_frame3741_jpg.jpg,train,c,c:frame3741_jpg,2
b_ppe_1261_jpg.jpg,train,b,b:ppe_1261_jpg,6
a_000488_jpg.jpg,val,a,a:000488_jpg,1
c_fglov115_jpg.jpg,test,c,c:fglov115_jpg,3
a_003965_jpg.jpg,train,a,a:003965_jpg,4
c_helmet999569_jpg.jpg,train,c,c:helmet999569_jpg,1
c_PP02img1210_jpg.jpg,val,c,c:PP02img1210_jpg,2
c_PPE_Data_669_jpg.jpg,train,c,c:PPE_Data_669_jpg,4
c_mo-justin-mask-NoMask_mov-28_jpg.jpg,test,c,c:mo-justin-mask-NoMask_mov-28_jpg,2
c_PP02img711_jpg.jpg,val,c,c:PP02img711_jpg,2
c_packing636_jpg.jpg,val,c,c:packing636_jpg,1
c_Inside-merge_mov-10_jpg.jpg,train,c,c:Inside-merge_mov-10_jpg,0
c_packing1368_jpg.jpg,test,c,c:packing1368_jpg,1
c_frame1327_jpg.jpg,train,c,c:frame1327_jpg,2
a_005811_jpg.jpg,train,a,a:005811_jpg,7
c_nglov188_jpg.jpg,val,c,c:nglov188_jpg,4
c_helmet9991066_jpg.jpg,train,c,c:helmet9991066_jpg,1
c_Nhh_img_195_jpg.jpg,train,c,c:Nhh_img_195_jpg,1
c_Mask-detector1_mov-21_jpg.jpg,train,c,c:Mask-detector1_mov-21_jpg,1
b_image_190_jpg.jpg,train,b,b:image_190_jpg,3
a_003141_jpg.jpg,train,a,a:003141_jpg,4
b_ppe_0270_jpg.jpg,train,b,b:ppe_0270_jpg,4
c_packing610_jpg.jpg,train,c,c:packing610_jpg,3
b_Video4_80_jpg.jpg,train,b,b:Video4_80_jpg,4
a_004143_jpg.jpg,train,a,a:004143_jpg,5
c_helmet999510_jpg.jpg,train,c,c:helmet999510_jpg,1
c_kp1652_jpg.jpg,train,c,c:kp1652_jpg,1
c_packing1475_jpg.jpg,train,c,c:packing1475_jpg,2
a_003170_jpg.jpg,train,a,a:003170_jpg,4
a_002360_jpg.jpg,train,a,a:002360_jpg,9
c_kp388_jpg.jpg,test,c,c:kp388_jpg,1
b_ppe_1188_jpg.jpg,val,b,b:ppe_1188_jpg,2
c_p113169_jpg.jpg,test,c,c:p113169_jpg,1
a_006468_jpg.jpg,train,a,a:006468_jpg,4
a_001257_jpg.jpg,val,a,a:001257_jpg,14
c_frame693_jpg.jpg,test,c,c:frame693_jpg,0
c_frame1281_jpg.jpg,train,c,c:frame1281_jpg,0
c_kp723_jpg.jpg,train,c,c:kp723_jpg,1
c_MX_img_123_jpg.jpg,val,c,c:MX_img_123_jpg,1
c_helmet9991125_jpg.jpg,train,c,c:helmet9991125_jpg,1
b_ppe_0498_jpg.jpg,train,b,b:ppe_0498_jpg,6
c_fglov156_jpg.jpg,val,c,c:fglov156_jpg,3
b_image_186_jpg.jpg,train,b,b:image_186_jpg,6
a_000657_jpg.jpg,train,a,a:000657_jpg,1
c_packing1071_jpg.jpg,train,c,c:packing1071_jpg,1
c_packing703_jpg.jpg,train,c,c:packing703_jpg,2
c_helmet999659_jpg.jpg,train,c,c:helmet999659_jpg,1
c_kp1558_jpg.jpg,train,c,c:kp1558_jpg,2
c_goggle876558_jpg.jpg,train,c,c:goggle876558_jpg,1
c_nglovpp219_jpg.jpg,train,c,c:nglovpp219_jpg,2
b_ppe_0941_jpg.jpg,train,b,b:ppe_0941_jpg,11
c_kp954_jpg.jpg,test,c,c:kp954_jpg,1
b_ppe_0433_jpg.jpg,train,b,b:ppe_0433_jpg,4
c_PPE_Data_611_jpg.jpg,train,c,c:PPE_Data_611_jpg,0
c_kp951_jpg.jpg,train,c,c:kp951_jpg,1
c_packing916_jpg.jpg,val,c,c:packing916_jpg,1
c_frame234_jpg.jpg,val,c,c:frame234_jpg,1
b_image_718_jpg.jpg,val,b,b:image_718_jpg,5
c_1042977068_jpg.jpg,val,c,c:1042977068_jpg,3
b_Tan0827827_jpg.jpg,val,b,b:Tan0827827_jpg,2
a_001986_jpg.jpg,train,a,a:001986_jpg,9
a_006723_jpg.jpg,train,a,a:006723_jpg,1
a_006842_jpg.jpg,train,a,a:006842_jpg,1
c_packing1223_jpg.jpg,train,c,c:packing1223_jpg,1
c_helmet9991121_jpg.jpg,train,c,c:helmet9991121_jpg,1
c_fglov178_jpg.jpg,val,c,c:fglov178_jpg,2
c_p65621351_jpg.jpg,train,c,c:p65621351_jpg,1
c_frame142_jpg.jpg,train,c,c:frame142_jpg,1
c_img343_jpg.jpg,train,c,c:img343_jpg,2
b_ppe_0085_jpg.jpg,train,b,b:ppe_0085_jpg,10
c_PXL_20210930_152000048_jpg.jpg,train,c,c:PXL_20210930_152000048_jpg,1
a_005521_jpg.jpg,train,a,a:005521_jpg,6
c_packing1854_jpg.jpg,val,c,c:packing1854_jpg,1
c_PP02img1166_jpg.jpg,train,c,c:PP02img1166_jpg,2
a_003789_jpg.jpg,train,a,a:003789_jpg,1
a_003669_jpg.jpg,train,a,a:003669_jpg,3
c_packing559_jpg.jpg,train,c,c:packing559_jpg,1
c_kp393_jpg.jpg,train,c,c:kp393_jpg,1
b_ppe_0494_jpg.jpg,train,b,b:ppe_0494_jpg,6
a_002344_jpg.jpg,train,a,a:002344_jpg,5
b_KakaoTalk_20221018_001312059_02_jpg.jpg,train,b,b:KakaoTalk_20221018_001312059_02_jpg,6
b_ppe_0562_jpg.jpg,val,b,b:ppe_0562_jpg,2
c_IMG_4921-2_mp4-63_jpg.jpg,test,c,c:IMG_4921-2_mp4-63_jpg,1
c_packing127_jpg.jpg,train,c,c:packing127_jpg,2
c_PPE_Data_680_jpg.jpg,train,c,c:PPE_Data_680_jpg,0
c_kp690_jpg.jpg,val,c,c:kp690_jpg,1
a_002274_jpg.jpg,train,a,a:002274_jpg,6
b_ppe_0040_jpg.jpg,train,b,b:ppe_0040_jpg,2
c_packing78_jpg.jpg,val,c,c:packing78_jpg,1
a_004153_jpg.jpg,train,a,a:004153_jpg,1
b_ppe_0008_jpg.jpg,train,b,b:ppe_0008_jpg,8
b_image_1063_jpg.jpg,val,b,b:image_1063_jpg,6
c_goggle8765199_jpg.jpg,train,c,c:goggle8765199_jpg,2
c_kp743_jpg.jpg,train,c,c:kp743_jpg,1
c_p11372_jpg.jpg,train,c,c:p11372_jpg,1
c_PP02img329_jpg.jpg,train,c,c:PP02img329_jpg,4
c_N5h_img_82_jpg.jpg,train,c,c:N5h_img_82_jpg,1
c_frame718_jpg.jpg,train,c,c:frame718_jpg,3
c_nglov140_jpg.jpg,val,c,c:nglov140_jpg,2
b_image_842_jpg.jpg,val,b,b:image_842_jpg,3
c_MX_img_120_jpg.jpg,test,c,c:MX_img_120_jpg,1
a_001402_jpg.jpg,train,a,a:001402_jpg,3
c_img219_jpg.jpg,val,c,c:img219_jpg,2
c_mask-wearing-1632932291591_png_jpg.jpg,val,c,c:mask-wearing-1632932291591_png_jpg,1
c_packing1756_jpg.jpg,train,c,c:packing1756_jpg,1
c_frame2418_jpg.jpg,train,c,c:frame2418_jpg,0
c_kp289_jpg.jpg,train,c,c:kp289_jpg,1
c_frame113_jpg.jpg,train,c,c:frame113_jpg,2
c_PPE_Data_176_jpg.jpg,test,c,c:PPE_Data_176_jpg,1
c_no-mask_mov-12_jpg.jpg,train,c,c:no-mask_mov-12_jpg,1
c_p651337_jpg.jpg,train,c,c:p651337_jpg,1
c_PPE_Data_362_jpg.jpg,train,c,c:PPE_Data_362_jpg,2
c_Inside-merge_mov-4_jpg.jpg,train,c,c:Inside-merge_mov-4_jpg,0
a_001508_jpg.jpg,train,a,a:001508_jpg,6
c_packing208_jpg.jpg,train,c,c:packing208_jpg,2
c_helmet999775_jpg.jpg,train,c,c:helmet999775_jpg,1
c_helmet999973_jpg.jpg,train,c,c:helmet999973_jpg,1
c_img342_jpg.jpg,train,c,c:img342_jpg,4
c_005382_jpg.jpg,train,c,c:005382_jpg,6
c_img353_jpg.jpg,train,c,c:img353_jpg,2
a_006285_jpg.jpg,train,a,a:006285_jpg,1
a_003400_jpg.jpg,train,a,a:003400_jpg,6
c_kp1056_jpg.jpg,test,c,c:kp1056_jpg,1
c_IMG_4920_mov-10_jpg.jpg,val,c,c:IMG_4920_mov-10_jpg,1
c_MX_img_147_jpg.jpg,train,c,c:MX_img_147_jpg,1
b_images63_jpg.jpg,train,b,b:images63_jpg,1
c_frame675_jpg.jpg,train,c,c:frame675_jpg,0
c_packing52_jpg.jpg,train,c,c:packing52_jpg,2
c_kp1702_jpg.jpg,val,c,c:kp1702_jpg,1
c_p656213199_jpg.jpg,train,c,c:p656213199_jpg,1
c_p65213144_jpg.jpg,train,c,c:p65213144_jpg,1
b_image_1564_jpg.jpg,train,b,b:image_1564_jpg,6
c_nglov166_jpg.jpg,train,c,c:nglov166_jpg,3
c_frame72--2-_jpg.jpg,test,c,c:frame72--2-_jpg,2
c_PP02img905_jpg.jpg,train,c,c:PP02img905_jpg,1
c_005424_jpg.jpg,train,c,c:005424_jpg,4
c_PP02img1322_jpg.jpg,test,c,c:PP02img1322_jpg,6
c_packing1466_jpg.jpg,train,c,c:packing1466_jpg,2
c_PP02img1201_jpg.jpg,train,c,c:PP02img1201_jpg,3
c_p113154_jpg.jpg,train,c,c:p113154_jpg,1
a_002132_jpg.jpg,val,a,a:002132_jpg,2
a_006045_jpg.jpg,val,a,a:006045_jpg,2
c_frame1329_jpg.jpg,train,c,c:frame1329_jpg,2
b_ppe_0602_jpg.jpg,train,b,b:ppe_0602_jpg,6
c_frame141--3-_jpg.jpg,val,c,c:frame141--3-_jpg,2
a_002548_jpg.jpg,train,a,a:002548_jpg,4
c_kp1406_jpg.jpg,train,c,c:kp1406_jpg,1
b_00148_jpg.jpg,train,b,b:00148_jpg,8
c_packing240_jpg.jpg,train,c,c:packing240_jpg,1
c_packing1976_jpg.jpg,train,c,c:packing1976_jpg,1
c_frame306_jpg.jpg,train,c,c:frame306_jpg,1
c_kp1573_jpg.jpg,train,c,c:kp1573_jpg,2
c_packing1440_jpg.jpg,val,c,c:packing1440_jpg,1
c_p11338_jpg.jpg,val,c,c:p11338_jpg,2
a_004378_jpg.jpg,train,a,a:004378_jpg,1
b_ppe_0673_jpg.jpg,val,b,b:ppe_0673_jpg,4
c_N5h_img_21_jpg.jpg,train,c,c:N5h_img_21_jpg,1
c_kp551_jpg.jpg,test,c,c:kp551_jpg,2
a_002622_jpg.jpg,train,a,a:002622_jpg,6
a_004334_jpg.jpg,train,a,a:004334_jpg,1
c_kp209_jpg.jpg,train,c,c:kp209_jpg,1
c_nglovpp2171_jpg.jpg,train,c,c:nglovpp2171_jpg,5
c_mo-justin-mask-NoMask_mov-19_jpg.jpg,train,c,c:mo-justin-mask-NoMask_mov-19_jpg,2
c_PP02img463_jpg.jpg,train,c,c:PP02img463_jpg,6
c_fglov1102_jpg.jpg,train,c,c:fglov1102_jpg,5
c_PP02img183_jpg.jpg,train,c,c:PP02img183_jpg,4
a_000581_jpg.jpg,train,a,a:000581_jpg,3
b_image_436_jpg.jpg,test,b,b:image_436_jpg,2
c_MX_img_7_jpg.jpg,train,c,c:MX_img_7_jpg,1
a_006156_jpg.jpg,train,a,a:006156_jpg,1
b_image_1563_jpg.jpg,train,b,b:image_1563_jpg,1
a_000163_jpg.jpg,train,a,a:000163_jpg,6
c_packing842_jpg.jpg,train,c,c:packing842_jpg,2
c_kp1910_jpg.jpg,train,c,c:kp1910_jpg,2
c_PP02img600_jpg.jpg,train,c,c:PP02img600_jpg,4
a_000437_jpg.jpg,val,a,a:000437_jpg,6
c_frame73--2-_jpg.jpg,val,c,c:frame73--2-_jpg,2
c_nglovpp266_jpg.jpg,train,c,c:nglovpp266_jpg,4
c_frame1158--2-_jpg.jpg,train,c,c:frame1158--2-_jpg,0
a_000004_jpg.jpg,val,a,a:000004_jpg,6
c_kp1959_jpg.jpg,train,c,c:kp1959_jpg,2
c_MX_img_59_jpg.jpg,train,c,c:MX_img_59_jpg,1
c_N5h_img_176_jpg.jpg,train,c,c:N5h_img_176_jpg,1
b_ppe_0790_jpg.jpg,train,b,b:ppe_0790_jpg,2
a_007049_jpg.jpg,train,a,a:007049_jpg,1
c_PPE_Data_783_jpg.jpg,train,c,c:PPE_Data_783_jpg,2
b_ppe_1223_jpg.jpg,val,b,b:ppe_1223_jpg,4
a_005941_jpg.jpg,train,a,a:005941_jpg,1
c_helmet9991061_jpg.jpg,train,c,c:helmet9991061_jpg,1
c_packing589_jpg.jpg,val,c,c:packing589_jpg,3
c_goggle8765150_jpg.jpg,train,c,c:goggle8765150_jpg,5
c_goggle876560_jpg.jpg,train,c,c:goggle876560_jpg,2
b_image_720_jpg.jpg,train,b,b:image_720_jpg,3
c_PPE_Data_593_jpg.jpg,train,c,c:PPE_Data_593_jpg,4
c_nglovpp298_jpg.jpg,train,c,c:nglovpp298_jpg,3
c_nglovpp362_jpg.jpg,train,c,c:nglovpp362_jpg,1
b_ppe_1137_jpg.jpg,val,b,b:ppe_1137_jpg,2
b_image_767_jpg.jpg,test,b,b:image_767_jpg,3
c_PP02img1228_jpg.jpg,test,c,c:PP02img1228_jpg,4
b_image_443_jpg.jpg,val,b,b:image_443_jpg,3
b_ppe_0576_jpg.jpg,train,b,b:ppe_0576_jpg,4
c_MX_img_13_jpg.jpg,val,c,c:MX_img_13_jpg,1
c_frame448_jpg.jpg,train,c,c:frame448_jpg,0
c_nglovpp2163_jpg.jpg,train,c,c:nglovpp2163_jpg,4
a_004447_jpg.jpg,train,a,a:004447_jpg,3
c_img457_jpg.jpg,val,c,c:img457_jpg,3
b_ppe_0095_jpg.jpg,train,b,b:ppe_0095_jpg,3
c_PP02img327_jpg.jpg,test,c,c:PP02img327_jpg,4
c_img137_jpg.jpg,train,c,c:img137_jpg,4
c_PPE_Data_710_jpg.jpg,train,c,c:PPE_Data_710_jpg,2
a_005044_jpg.jpg,val,a,a:005044_jpg,2
c_15h_img_293_jpg.jpg,test,c,c:15h_img_293_jpg,1
c_packing158_jpg.jpg,train,c,c:packing158_jpg,1
c_005502_jpg.jpg,train,c,c:005502_jpg,6
c_kp1060_jpg.jpg,train,c,c:kp1060_jpg,1
c_N5h_img_185_jpg.jpg,train,c,c:N5h_img_185_jpg,1
c_kp1237_jpg.jpg,train,c,c:kp1237_jpg,1
c_Inside-merge_mov-15_jpg.jpg,train,c,c:Inside-merge_mov-15_jpg,0
c_frame244--2-_jpg.jpg,train,c,c:frame244--2-_jpg,2
c_helmet999942_jpg.jpg,train,c,c:helmet999942_jpg,1
a_002974_jpg.jpg,val,a,a:002974_jpg,2
b_ppe_0818_jpg.jpg,train,b,b:ppe_0818_jpg,5
c_fglov1193_jpg.jpg,train,c,c:fglov1193_jpg,1
c_fglov1198_jpg.jpg,train,c,c:fglov1198_jpg,1
a_005004_jpg.jpg,train,a,a:005004_jpg,2
c_kp1832_jpg.jpg,val,c,c:kp1832_jpg,1
c_frame138--2-_jpg.jpg,train,c,c:frame138--2-_jpg,2
c_packing1109_jpg.jpg,train,c,c:packing1109_jpg,2
c_kp531_jpg.jpg,val,c,c:kp531_jpg,2
c_PP02img775_jpg.jpg,train,c,c:PP02img775_jpg,3
c_img481_jpg.jpg,train,c,c:img481_jpg,5
a_005287_jpg.jpg,val,a,a:005287_jpg,2
b_image_1256_jpg.jpg,train,b,b:image_1256_jpg,3
c_PP02img885_jpg.jpg,train,c,c:PP02img885_jpg,1
a_006392_jpg.jpg,val,a,a:006392_jpg,2
a_002844_jpg.jpg,train,a,a:002844_jpg,1
a_002715_jpg.jpg,test,a,a:002715_jpg,5
c_PP02img635_jpg.jpg,train,c,c:PP02img635_jpg,4
c_frame3841_jpg.jpg,train,c,c:frame3841_jpg,3
c_packing29_jpg.jpg,val,c,c:packing29_jpg,1
c_packing263_jpg.jpg,train,c,c:packing263_jpg,3
a_001961_jpg.jpg,test,a,a:001961_jpg,4
c_packing87_jpg.jpg,train,c,c:packing87_jpg,1
c_frame1155--2-_jpg.jpg,train,c,c:frame1155--2-_jpg,0
b_Tan0296_jpg.jpg,test,b,b:Tan0296_jpg,2
c_mask-wearing-1632932267592_png_jpg.jpg,test,c,c:mask-wearing-1632932267592_png_jpg,1
a_001641_jpg.jpg,train,a,a:001641_jpg,3
c_PPE_Data_346_jpg.jpg,test,c,c:PPE_Data_346_jpg,1
c_kp1206_jpg.jpg,train,c,c:kp1206_jpg,1
c_N5h_img_93_jpg.jpg,train,c,c:N5h_img_93_jpg,1
c_packing510_jpg.jpg,train,c,c:packing510_jpg,2
a_001698_jpg.jpg,val,a,a:001698_jpg,2
c_helmet999947_jpg.jpg,train,c,c:helmet999947_jpg,1
c_kp102_jpg.jpg,train,c,c:kp102_jpg,1
a_002202_jpg.jpg,train,a,a:002202_jpg,1
c_PP02img1394_jpg.jpg,train,c,c:PP02img1394_jpg,3
c_packing312_jpg.jpg,train,c,c:packing312_jpg,2
a_005803_jpg.jpg,train,a,a:005803_jpg,1
a_000351_jpg.jpg,train,a,a:000351_jpg,2
a_001972_jpg.jpg,train,a,a:001972_jpg,4
c_goggle8765191_jpg.jpg,train,c,c:goggle8765191_jpg,5
a_006120_jpg.jpg,train,a,a:006120_jpg,1
b_ppe_0986_jpg.jpg,val,b,b:ppe_0986_jpg,6
a_001367_jpg.jpg,train,a,a:001367_jpg,2
b_00113_jpg.jpg,train,b,b:00113_jpg,2
c_img109_jpg.jpg,train,c,c:img109_jpg,4
c_helmet999590_jpg.jpg,val,c,c:helmet999590_jpg,1
c_PP02img767_jpg.jpg,train,c,c:PP02img767_jpg,4
c_PP02img1358_jpg.jpg,train,c,c:PP02img1358_jpg,4
c_img465_jpg.jpg,train,c,c:img465_jpg,5
b_image_341_jpg.jpg,train,b,b:image_341_jpg,3
c_img113_jpg.jpg,train,c,c:img113_jpg,4
c_frame1425_jpg.jpg,val,c,c:frame1425_jpg,1
a_000885_jpg.jpg,train,a,a:000885_jpg,6
a_002757_jpg.jpg,train,a,a:002757_jpg,3
a_005355_jpg.jpg,train,a,a:005355_jpg,7
c_PP02img1259_jpg.jpg,train,c,c:PP02img1259_jpg,5
c_PPE_Data_537_jpg.jpg,test,c,c:PPE_Data_537_jpg,2
c_kp1612_jpg.jpg,train,c,c:kp1612_jpg,1
a_000872_jpg.jpg,val,a,a:000872_jpg,1
a_004997_jpg.jpg,train,a,a:004997_jpg,3
c_packing1273_jpg.jpg,train,c,c:packing1273_jpg,1
a_001222_jpg.jpg,train,a,a:001222_jpg,9
a_001851_jpg.jpg,val,a,a:001851_jpg,4
c_packing1102_jpg.jpg,train,c,c:packing1102_jpg,1
c_PP02img70_jpg.jpg,test,c,c:PP02img70_jpg,2
c_packing64_jpg.jpg,train,c,c:packing64_jpg,1
c_p1137_jpg.jpg,train,c,c:p1137_jpg,2
b_image_665_jpg.jpg,train,b,b:image_665_jpg,3
c_helmet999994_jpg.jpg,train,c,c:helmet999994_jpg,1
b_image_586_jpg.jpg,val,b,b:image_586_jpg,3
c_nglov38_jpg.jpg,train,c,c:nglov38_jpg,1
b_Video4_226_jpg.jpg,train,b,b:Video4_226_jpg,4
c_kp319_jpg.jpg,train,c,c:kp319_jpg,1
c_PP02img1122_jpg.jpg,train,c,c:PP02img1122_jpg,4
c_PXL_20210930_151910439_jpg.jpg,val,c,c:PXL_20210930_151910439_jpg,1
c_PP02img173_jpg.jpg,val,c,c:PP02img173_jpg,4
c_packing1813_jpg.jpg,train,c,c:packing1813_jpg,1
c_PP02img729_jpg.jpg,train,c,c:PP02img729_jpg,4
c_nglovpp2160_jpg.jpg,train,c,c:nglovpp2160_jpg,3
b_image_1653_jpg.jpg,train,b,b:image_1653_jpg,3
c_PPE_Data_157_jpg.jpg,test,c,c:PPE_Data_157_jpg,2
c_img473_jpg.jpg,val,c,c:img473_jpg,3
c_p113152_jpg.jpg,val,c,c:p113152_jpg,1
b_image_627_jpg.jpg,test,b,b:image_627_jpg,3
a_006620_jpg.jpg,train,a,a:006620_jpg,10
c_PP02img1428_jpg.jpg,train,c,c:PP02img1428_jpg,5
b_ppe_0913_jpg.jpg,train,b,b:ppe_0913_jpg,4
c_kp538_jpg.jpg,train,c,c:kp538_jpg,2
a_000494_jpg.jpg,val,a,a:000494_jpg,2
c_frame1222_jpg.jpg,test,c,c:frame1222_jpg,0
b_ppe_1324_jpg.jpg,train,b,b:ppe_1324_jpg,2
c_PP02img356_jpg.jpg,test,c,c:PP02img356_jpg,5
c_helmet999932_jpg.jpg,train,c,c:helmet999932_jpg,1
c_packing167_jpg.jpg,val,c,c:packing167_jpg,1
c_Mask2_mov-54_jpg.jpg,val,c,c:Mask2_mov-54_jpg,1
b_ppe_1004_jpg.jpg,train,b,b:ppe_1004_jpg,1
c_PPE_Data_221_jpg.jpg,val,c,c:PPE_Data_221_jpg,2
c_packing347_jpg.jpg,train,c,c:packing347_jpg,1
b_image_1329_jpg.jpg,train,b,b:image_1329_jpg,1
c_kp724_jpg.jpg,train,c,c:kp724_jpg,1
c_kp1645_jpg.jpg,train,c,c:kp1645_jpg,1
c_PP02img877_jpg.jpg,train,c,c:PP02img877_jpg,3
a_001912_jpg.jpg,val,a,a:001912_jpg,6
c_p1139_jpg.jpg,train,c,c:p1139_jpg,2
c_kp411_jpg.jpg,train,c,c:kp411_jpg,1
c_frame82--2-_jpg.jpg,test,c,c:frame82--2-_jpg,2
b_Video2_183_jpg.jpg,train,b,b:Video2_183_jpg,6
c_Nhh_img_133_jpg.jpg,train,c,c:Nhh_img_133_jpg,1
b_image_73_jpg.jpg,val,b,b:image_73_jpg,3
b_ppe_0427_jpg.jpg,train,b,b:ppe_0427_jpg,1
c_PPE_Data_326_jpg.jpg,val,c,c:PPE_Data_326_jpg,2
a_005216_jpg.jpg,train,a,a:005216_jpg,8
c_PP02img747_jpg.jpg,val,c,c:PP02img747_jpg,3
a_005295_jpg.jpg,val,a,a:005295_jpg,2
c_PP02img1361_jpg.jpg,train,c,c:PP02img1361_jpg,7
c_PPE_Data_271_jpg.jpg,train,c,c:PPE_Data_271_jpg,2
c_MX_img_129_jpg.jpg,val,c,c:MX_img_129_jpg,1
c_packing1028_jpg.jpg,train,c,c:packing1028_jpg,1
c_IMG_4921-2_mp4-24_jpg.jpg,train,c,c:IMG_4921-2_mp4-24_jpg,1
c_packing869_jpg.jpg,train,c,c:packing869_jpg,4
c_p11353_jpg.jpg,val,c,c:p11353_jpg,1
c_N5h_img_232_jpg.jpg,train,c,c:N5h_img_232_jpg,1
c_packing344_jpg.jpg,val,c,c:packing344_jpg,1
b_ppe_0747_jpg.jpg,train,b,b:ppe_0747_jpg,9
b_ppe_1289_jpg.jpg,train,b,b:ppe_1289_jpg,2
c_no-mask_mov-14_jpg.jpg,val,c,c:no-mask_mov-14_jpg,1
a_000574_jpg.jpg,train,a,a:000574_jpg,1
a_005385_jpg.jpg,train,a,a:005385_jpg,8
c_IMG_4921-2_mp4-48_jpg.jpg,train,c,c:IMG_4921-2_mp4-48_jpg,1
b_ppe_0411_jpg.jpg,train,b,b:ppe_0411_jpg,3
c_kp1989_jpg.jpg,train,c,c:kp1989_jpg,1
c_fglov1197_jpg.jpg,train,c,c:fglov1197_jpg,2
c_kp795_jpg.jpg,test,c,c:kp795_jpg,1
a_006448_jpg.jpg,train,a,a:006448_jpg,4
c_PP02img1313_jpg.jpg,train,c,c:PP02img1313_jpg,5
a_003546_jpg.jpg,train,a,a:003546_jpg,8
a_003027_jpg.jpg,train,a,a:003027_jpg,3
c_PP02img977_jpg.jpg,train,c,c:PP02img977_jpg,1
a_004311_jpg.jpg,train,a,a:004311_jpg,2
c_img179_jpg.jpg,train,c,c:img179_jpg,6
b_ppe_0667_jpg.jpg,train,b,b:ppe_0667_jpg,5
a_001677_jpg.jpg,train,a,a:001677_jpg,3
c_kp261_jpg.jpg,train,c,c:kp261_jpg,1
c_helmet999621_jpg.jpg,train,c,c:helmet999621_jpg,1
c_packing903_jpg.jpg,train,c,c:packing903_jpg,1
c_nglovpp2174_jpg.jpg,test,c,c:nglovpp2174_jpg,4
c_kp1455_jpg.jpg,val,c,c:kp1455_jpg,1
a_002533_jpg.jpg,train,a,a:002533_jpg,4
c_PP02img21_jpg.jpg,train,c,c:PP02img21_jpg,4
a_004433_jpg.jpg,train,a,a:004433_jpg,1
a_006914_jpg.jpg,val,a,a:006914_jpg,5
a_002483_jpg.jpg,train,a,a:002483_jpg,2
c_kp172_jpg.jpg,train,c,c:kp172_jpg,1
a_004345_jpg.jpg,train,a,a:004345_jpg,1
c_frame743_jpg.jpg,val,c,c:frame743_jpg,1
c_kp149_jpg.jpg,train,c,c:kp149_jpg,1
c_005408_jpg.jpg,train,c,c:005408_jpg,2
c_kp1542_jpg.jpg,train,c,c:kp1542_jpg,2
c_frame294_jpg.jpg,val,c,c:frame294_jpg,1
a_001164_jpg.jpg,train,a,a:001164_jpg,9
a_000228_jpg.jpg,train,a,a:000228_jpg,2
a_006742_jpg.jpg,train,a,a:006742_jpg,4
c_packing1283_jpg.jpg,train,c,c:packing1283_jpg,2
a_003374_jpg.jpg,val,a,a:003374_jpg,12
c_packing1950_jpg.jpg,train,c,c:packing1950_jpg,2
b_Video2_22_jpg.jpg,train,b,b:Video2_22_jpg,4
c_kp1246_jpg.jpg,train,c,c:kp1246_jpg,1
a_000408_jpg.jpg,val,a,a:000408_jpg,2
c_N5h_img_217_jpg.jpg,train,c,c:N5h_img_217_jpg,1
c_packing1500_jpg.jpg,train,c,c:packing1500_jpg,2
c_PP02img1331_jpg.jpg,train,c,c:PP02img1331_jpg,4
c_packing1998_jpg.jpg,train,c,c:packing1998_jpg,1
c_p113159_jpg.jpg,test,c,c:p113159_jpg,1
c_packing887_jpg.jpg,train,c,c:packing887_jpg,1
c_PP02img1189_jpg.jpg,test,c,c:PP02img1189_jpg,2
a_001440_jpg.jpg,train,a,a:001440_jpg,7
c_packing835_jpg.jpg,train,c,c:packing835_jpg,2
c_helmet9991131_jpg.jpg,train,c,c:helmet9991131_jpg,1
c_packing1088_jpg.jpg,train,c,c:packing1088_jpg,2
c_helmet999940_jpg.jpg,train,c,c:helmet999940_jpg,1
c_PP02img1172_jpg.jpg,train,c,c:PP02img1172_jpg,5
a_007031_jpg.jpg,train,a,a:007031_jpg,2
a_003455_jpg.jpg,train,a,a:003455_jpg,5
c_PP02img664_jpg.jpg,train,c,c:PP02img664_jpg,1
c_kp497_jpg.jpg,train,c,c:kp497_jpg,1
a_001176_jpg.jpg,train,a,a:001176_jpg,1
c_helmet999710_jpg.jpg,train,c,c:helmet999710_jpg,1
a_004457_jpg.jpg,val,a,a:004457_jpg,5
c_PPE_Data_505_jpg.jpg,train,c,c:PPE_Data_505_jpg,0
c_p656213105_jpg.jpg,train,c,c:p656213105_jpg,1
c_p65621345_jpg.jpg,val,c,c:p65621345_jpg,1
c_kp570_jpg.jpg,val,c,c:kp570_jpg,2
c_PP02img1011_jpg.jpg,train,c,c:PP02img1011_jpg,4
a_005799_jpg.jpg,train,a,a:005799_jpg,7
c_kp1072_jpg.jpg,train,c,c:kp1072_jpg,1
c_PP02img66_jpg.jpg,train,c,c:PP02img66_jpg,6
a_002616_jpg.jpg,train,a,a:002616_jpg,5
c_fglov173_jpg.jpg,test,c,c:fglov173_jpg,3
a_005547_jpg.jpg,train,a,a:005547_jpg,4
a_000923_jpg.jpg,train,a,a:000923_jpg,1
c_helmet999912_jpg.jpg,val,c,c:helmet999912_jpg,2
c_MX_img_139_jpg.jpg,train,c,c:MX_img_139_jpg,1
b_image_1179_jpg.jpg,val,b,b:image_1179_jpg,3
c_packing627_jpg.jpg,train,c,c:packing627_jpg,2
a_003451_jpg.jpg,val,a,a:003451_jpg,2
a_000338_jpg.jpg,val,a,a:000338_jpg,21
c_nglovpp2108_jpg.jpg,train,c,c:nglovpp2108_jpg,3
a_006948_jpg.jpg,train,a,a:006948_jpg,3
a_005365_jpg.jpg,val,a,a:005365_jpg,6
a_005079_jpg.jpg,train,a,a:005079_jpg,3
c_Nhh_img_170_jpg.jpg,train,c,c:Nhh_img_170_jpg,1
c_kp1770_jpg.jpg,val,c,c:kp1770_jpg,1
a_001981_jpg.jpg,val,a,a:001981_jpg,2
b_image_793_jpg.jpg,train,b,b:image_793_jpg,6
c_packing172_jpg.jpg,train,c,c:packing172_jpg,3
a_001575_jpg.jpg,train,a,a:001575_jpg,4
a_004100_jpg.jpg,val,a,a:004100_jpg,8
c_helmet9991169_jpg.jpg,train,c,c:helmet9991169_jpg,1
c_kp842_jpg.jpg,train,c,c:kp842_jpg,1
c_PPE_Data_105_jpg.jpg,train,c,c:PPE_Data_105_jpg,1
c_kp1665_jpg.jpg,train,c,c:kp1665_jpg,1
c_N5h_img_69_jpg.jpg,train,c,c:N5h_img_69_jpg,1
b_ppe_1129_jpg.jpg,train,b,b:ppe_1129_jpg,7
c_frame1074_jpg.jpg,train,c,c:frame1074_jpg,0
b_image_334_jpg.jpg,train,b,b:image_334_jpg,1
c_005349_jpg.jpg,train,c,c:005349_jpg,1
b_ppe_0218_jpg.jpg,train,b,b:ppe_0218_jpg,13
a_006040_jpg.jpg,train,a,a:006040_jpg,8
c_PP02img1443_jpg.jpg,train,c,c:PP02img1443_jpg,7
a_000392_jpg.jpg,val,a,a:000392_jpg,5
a_004219_jpg.jpg,train,a,a:004219_jpg,3
c_packing1054_jpg.jpg,train,c,c:packing1054_jpg,2
c_kp148_jpg.jpg,val,c,c:kp148_jpg,1
a_000207_jpg.jpg,val,a,a:000207_jpg,7
c_PP02img1200_jpg.jpg,train,c,c:PP02img1200_jpg,5
c_kp1975_jpg.jpg,train,c,c:kp1975_jpg,1
b_Video1_181_jpg.jpg,train,b,b:Video1_181_jpg,4
b_Video3_42_jpg.jpg,test,b,b:Video3_42_jpg,4
a_002875_jpg.jpg,train,a,a:002875_jpg,8
a_005197_jpg.jpg,train,a,a:005197_jpg,3
a_000593_jpg.jpg,val,a,a:000593_jpg,2
c_PP02img953_jpg.jpg,train,c,c:PP02img953_jpg,2
c_packing1174_jpg.jpg,train,c,c:packing1174_jpg,1
a_004259_jpg.jpg,train,a,a:004259_jpg,3
a_000513_jpg.jpg,train,a,a:000513_jpg,5
c_no-mask_mov-3_jpg.jpg,train,c,c:no-mask_mov-3_jpg,1
a_005245_jpg.jpg,train,a,a:005245_jpg,5
c_PP02img1408_jpg.jpg,val,c,c:PP02img1408_jpg,3
c_p651339_jpg.jpg,train,c,c:p651339_jpg,1
c_kp1739_jpg.jpg,train,c,c:kp1739_jpg,1
b_Video1_46_jpg.jpg,train,b,b:Video1_46_jpg,6
c_Mask2_mov-19_jpg.jpg,val,c,c:Mask2_mov-19_jpg,1
c_PP02img743_jpg.jpg,test,c,c:PP02img743_jpg,4
c_N5h_img_209_jpg.jpg,train,c,c:N5h_img_209_jpg,1
c_nglovpp2182_jpg.jpg,train,c,c:nglovpp2182_jpg,4
a_003115_jpg.jpg,train,a,a:003115_jpg,1
b_image_1060_jpg.jpg,val,b,b:image_1060_jpg,3
a_003838_jpg.jpg,train,a,a:003838_jpg,1
a_005098_jpg.jpg,train,a,a:005098_jpg,14
a_001901_jpg.jpg,val,a,a:001901_jpg,6
a_005253_jpg.jpg,val,a,a:005253_jpg,2
c_kp434_jpg.jpg,train,c,c:kp434_jpg,1
b_Video1_172_jpg.jpg,val,b,b:Video1_172_jpg,4
c_helmet9991016_jpg.jpg,val,c,c:helmet9991016_jpg,1
c_img262_jpg.jpg,train,c,c:img262_jpg,6
b_Video4_25_jpg.jpg,train,b,b:Video4_25_jpg,6
b_Video1_40_jpg.jpg,train,b,b:Video1_40_jpg,4
c_kp142_jpg.jpg,train,c,c:kp142_jpg,1
c_kp1607_jpg.jpg,val,c,c:kp1607_jpg,1
c_helmet9991055_jpg.jpg,train,c,c:helmet9991055_jpg,1
c_kp74_jpg.jpg,train,c,c:kp74_jpg,2
a_006639_jpg.jpg,train,a,a:006639_jpg,5
c_helmet999627_jpg.jpg,train,c,c:helmet999627_jpg,1
c_005388_jpg.jpg,train,c,c:005388_jpg,3
a_002185_jpg.jpg,train,a,a:002185_jpg,10
c_p651318_jpg.jpg,train,c,c:p651318_jpg,1
a_006116_jpg.jpg,val,a,a:006116_jpg,2
c_packing1614_jpg.jpg,train,c,c:packing1614_jpg,1
b_image_452_jpg.jpg,val,b,b:image_452_jpg,2
c_packing1844_jpg.jpg,train,c,c:packing1844_jpg,2
a_004587_jpg.jpg,val,a,a:004587_jpg,3
a_006945_jpg.jpg,train,a,a:006945_jpg,5
b_ppe_0060_jpg.jpg,train,b,b:ppe_0060_jpg,2
c_PP02img641_jpg.jpg,train,c,c:PP02img641_jpg,5
c_fglov164_jpg.jpg,train,c,c:fglov164_jpg,4
c_packing740_jpg.jpg,train,c,c:packing740_jpg,1
a_005268_jpg.jpg,val,a,a:005268_jpg,2
c_p113180_jpg.jpg,train,c,c:p113180_jpg,1
c_PPE_Data_644_jpg.jpg,train,c,c:PPE_Data_644_jpg,2
a_000178_jpg.jpg,train,a,a:000178_jpg,1
a_006401_jpg.jpg,train,a,a:006401_jpg,1
c_frame76--2-_jpg.jpg,test,c,c:frame76--2-_jpg,2
b_image_1203_jpg.jpg,train,b,b:image_1203_jpg,3
c_NX_img_193_jpg.jpg,test,c,c:NX_img_193_jpg,1
c_fglov1116_jpg.jpg,train,c,c:fglov1116_jpg,3
b_image_153-1-_jpg.jpg,train,b,b:image_153-1-_jpg,6
c_Inside-merge_mov-3_jpg.jpg,test,c,c:Inside-merge_mov-3_jpg,0
c_PP02img1407_jpg.jpg,val,c,c:PP02img1407_jpg,3
c_kp630_jpg.jpg,train,c,c:kp630_jpg,2
a_000213_jpg.jpg,train,a,a:000213_jpg,6
c_kp1273_jpg.jpg,val,c,c:kp1273_jpg,1
c_Nhh_img_150_jpg.jpg,train,c,c:Nhh_img_150_jpg,1
b_Video4_53_jpg.jpg,val,b,b:Video4_53_jpg,5
b_ppe_0294_jpg.jpg,train,b,b:ppe_0294_jpg,2
a_003832_jpg.jpg,train,a,a:003832_jpg,3
c_PP02img713_jpg.jpg,train,c,c:PP02img713_jpg,3
a_000002_jpg.jpg,val,a,a:000002_jpg,2
c_NX_img_17_jpg.jpg,test,c,c:NX_img_17_jpg,1
b_image_1736_jpg.jpg,val,b,b:image_1736_jpg,4
c_PP02img683_jpg.jpg,train,c,c:PP02img683_jpg,4
c_kp252_jpg.jpg,train,c,c:kp252_jpg,1
b_ppe_0181_jpg.jpg,train,b,b:ppe_0181_jpg,3
c_nglov150_jpg.jpg,val,c,c:nglov150_jpg,2
b_image_23_jpg.jpg,val,b,b:image_23_jpg,3
c_helmet999878_jpg.jpg,train,c,c:helmet999878_jpg,1
a_002484_jpg.jpg,train,a,a:002484_jpg,8
a_006295_jpg.jpg,train,a,a:006295_jpg,3
c_PPE_Data_171_jpg.jpg,train,c,c:PPE_Data_171_jpg,2
c_kp732_jpg.jpg,train,c,c:kp732_jpg,1
b_ppe_0408_jpg.jpg,train,b,b:ppe_0408_jpg,7
b_image_269_jpg.jpg,test,b,b:image_269_jpg,2
c_p656213153_jpg.jpg,test,c,c:p656213153_jpg,1
c_helmet999961_jpg.jpg,train,c,c:helmet999961_jpg,1
c_packing1093_jpg.jpg,train,c,c:packing1093_jpg,1
c_PP02img715_jpg.jpg,train,c,c:PP02img715_jpg,2
c_packing1982_jpg.jpg,train,c,c:packing1982_jpg,2
c_frame1102_jpg.jpg,val,c,c:frame1102_jpg,1
c_helmet999865_jpg.jpg,train,c,c:helmet999865_jpg,1
c_packing1390_jpg.jpg,train,c,c:packing1390_jpg,3
c_N5h_img_135_jpg.jpg,train,c,c:N5h_img_135_jpg,1
c_frame773_jpg.jpg,train,c,c:frame773_jpg,3
c_frame473_jpg.jpg,train,c,c:frame473_jpg,2
a_004954_jpg.jpg,val,a,a:004954_jpg,2
c_kp676_jpg.jpg,train,c,c:kp676_jpg,1
c_packing1710_jpg.jpg,train,c,c:packing1710_jpg,1
c_packing82_jpg.jpg,train,c,c:packing82_jpg,2
c_frame1247_jpg.jpg,test,c,c:frame1247_jpg,0
c_kp323_jpg.jpg,train,c,c:kp323_jpg,1
b_Video1_56_jpg.jpg,train,b,b:Video1_56_jpg,5
c_PP02img710_jpg.jpg,train,c,c:PP02img710_jpg,3
c_NX_img_21_jpg.jpg,val,c,c:NX_img_21_jpg,1
c_IMG_4921-2_mp4-9_jpg.jpg,train,c,c:IMG_4921-2_mp4-9_jpg,1
b_image_77_jpg.jpg,train,b,b:image_77_jpg,2
c_packing1623_jpg.jpg,train,c,c:packing1623_jpg,2
c_kp1028_jpg.jpg,train,c,c:kp1028_jpg,1
a_000969_jpg.jpg,train,a,a:000969_jpg,16
a_000800_jpg.jpg,train,a,a:000800_jpg,8
a_004785_jpg.jpg,val,a,a:004785_jpg,2
c_frame1105--2-_jpg.jpg,train,c,c:frame1105--2-_jpg,0
a_003692_jpg.jpg,train,a,a:003692_jpg,1
c_helmet999808_jpg.jpg,train,c,c:helmet999808_jpg,1
c_helmet999650_jpg.jpg,train,c,c:helmet999650_jpg,1
c_PP02img469_jpg.jpg,val,c,c:PP02img469_jpg,7
b_Video4_248_jpg.jpg,val,b,b:Video4_248_jpg,6
a_006877_jpg.jpg,val,a,a:006877_jpg,2
a_006350_jpg.jpg,train,a,a:006350_jpg,2
b_image_261_jpg.jpg,train,b,b:image_261_jpg,3
b_image_468_jpg.jpg,val,b,b:image_468_jpg,3
c_packing1301_jpg.jpg,train,c,c:packing1301_jpg,2
a_002326_jpg.jpg,test,a,a:002326_jpg,14
a_004353_jpg.jpg,val,a,a:004353_jpg,3
c_helmet9991174_jpg.jpg,train,c,c:helmet9991174_jpg,1
b_KakaoTalk_20221018_001219713_26_jpg.jpg,train,b,b:KakaoTalk_20221018_001219713_26_jpg,3
c_nglov111_jpg.jpg,train,c,c:nglov111_jpg,3
a_002297_jpg.jpg,val,a,a:002297_jpg,2
c_fglov123_jpg.jpg,train,c,c:fglov123_jpg,4
c_kp1182_jpg.jpg,train,c,c:kp1182_jpg,1
a_000730_jpg.jpg,train,a,a:000730_jpg,1
c_nglov95_jpg.jpg,val,c,c:nglov95_jpg,3
c_PPE_Data_649_jpg.jpg,train,c,c:PPE_Data_649_jpg,2
c_PP02img1017_jpg.jpg,train,c,c:PP02img1017_jpg,2
c_packing1100_jpg.jpg,train,c,c:packing1100_jpg,1
c_packing1999_jpg.jpg,train,c,c:packing1999_jpg,1
a_002899_jpg.jpg,train,a,a:002899_jpg,3
b_ppe_0290_jpg.jpg,test,b,b:ppe_0290_jpg,2
c_packing41_jpg.jpg,train,c,c:packing41_jpg,3
a_005854_jpg.jpg,train,a,a:005854_jpg,1
c_frame701_jpg.jpg,val,c,c:frame701_jpg,0
c_nglovpp311_jpg.jpg,train,c,c:nglovpp311_jpg,2
a_006986_jpg.jpg,train,a,a:006986_jpg,5
c_frame1114--2-_jpg.jpg,train,c,c:frame1114--2-_jpg,0
a_006499_jpg.jpg,train,a,a:006499_jpg,1
a_003523_jpg.jpg,train,a,a:003523_jpg,1
a_000625_jpg.jpg,val,a,a:000625_jpg,6
c_nglov200_jpg.jpg,val,c,c:nglov200_jpg,2
a_004697_jpg.jpg,train,a,a:004697_jpg,1
c_packing1408_jpg.jpg,train,c,c:packing1408_jpg,2
c_Mask-detector1_mov-26_jpg.jpg,train,c,c:Mask-detector1_mov-26_jpg,1
c_PP02img666_jpg.jpg,train,c,c:PP02img666_jpg,1
c_frame3825_jpg.jpg,train,c,c:frame3825_jpg,3
b_ppe_0892_jpg.jpg,val,b,b:ppe_0892_jpg,2
c_MX_img_184_jpg.jpg,val,c,c:MX_img_184_jpg,1
c_packing300_jpg.jpg,train,c,c:packing300_jpg,2
b_ppe_0099_jpg.jpg,train,b,b:ppe_0099_jpg,3
c_packing70_jpg.jpg,train,c,c:packing70_jpg,2
c_goggle8765181_jpg.jpg,train,c,c:goggle8765181_jpg,4
c_nglovpp3182_jpg.jpg,val,c,c:nglovpp3182_jpg,1
c_packing861_jpg.jpg,val,c,c:packing861_jpg,2
c_PP02img1196_jpg.jpg,train,c,c:PP02img1196_jpg,5
c_img358_jpg.jpg,train,c,c:img358_jpg,2
b_image_515_jpg.jpg,test,b,b:image_515_jpg,2
b_image_402_jpg.jpg,val,b,b:image_402_jpg,3
a_006322_jpg.jpg,train,a,a:006322_jpg,1
c_packing797_jpg.jpg,train,c,c:packing797_jpg,1
a_004552_jpg.jpg,train,a,a:004552_jpg,1
a_002183_jpg.jpg,val,a,a:002183_jpg,12
a_001980_jpg.jpg,train,a,a:001980_jpg,1
b_ppe_1194_jpg.jpg,train,b,b:ppe_1194_jpg,4
c_frame144_jpg.jpg,test,c,c:frame144_jpg,2
c_helmet9991038_jpg.jpg,train,c,c:helmet9991038_jpg,2
c_helmet999755_jpg.jpg,train,c,c:helmet999755_jpg,1
c_005380_jpg.jpg,train,c,c:005380_jpg,1
b_ppe_0086_jpg.jpg,train,b,b:ppe_0086_jpg,6
c_packing1098_jpg.jpg,train,c,c:packing1098_jpg,2
a_004704_jpg.jpg,train,a,a:004704_jpg,1
a_004070_jpg.jpg,train,a,a:004070_jpg,1
c_helmet999764_jpg.jpg,test,c,c:helmet999764_jpg,2
c_p113163_jpg.jpg,test,c,c:p113163_jpg,1
c_fglov1177_jpg.jpg,train,c,c:fglov1177_jpg,4
c_nglov163_jpg.jpg,val,c,c:nglov163_jpg,3
b_thumb0453_jpg.jpg,val,b,b:thumb0453_jpg,2
c_PP02img567_jpg.jpg,train,c,c:PP02img567_jpg,6
c_MX_img_48_jpg.jpg,train,c,c:MX_img_48_jpg,1
c_PP02img1309_jpg.jpg,train,c,c:PP02img1309_jpg,3
c_PP02img445_jpg.jpg,val,c,c:PP02img445_jpg,3
c_frame1235_jpg.jpg,train,c,c:frame1235_jpg,0
b_image_775_jpg.jpg,test,b,b:image_775_jpg,3
c_NVR-09_Trim_new_Trim-1781_jpg.jpg,train,c,c:NVR-09_Trim_new_Trim-1781_jpg,0
b_Video4_256_jpg.jpg,train,b,b:Video4_256_jpg,6
a_004889_jpg.jpg,val,a,a:004889_jpg,2
c_PPE_Data_135_jpg.jpg,val,c,c:PPE_Data_135_jpg,1
c_img277_jpg.jpg,train,c,c:img277_jpg,3
c_PPE_Data_115_jpg.jpg,val,c,c:PPE_Data_115_jpg,4
c_kp29_jpg.jpg,train,c,c:kp29_jpg,2
c_frame247_jpg.jpg,test,c,c:frame247_jpg,1
a_005543_jpg.jpg,train,a,a:005543_jpg,2
c_goggle8765184_jpg.jpg,test,c,c:goggle8765184_jpg,3
c_kp955_jpg.jpg,train,c,c:kp955_jpg,1
b_ppe_0542_jpg.jpg,test,b,b:ppe_0542_jpg,2
c_frame59_jpg.jpg,val,c,c:frame59_jpg,0
b_ppe_0088_jpg.jpg,test,b,b:ppe_0088_jpg,3
a_000529_jpg.jpg,train,a,a:000529_jpg,1
b_ppe_0302_jpg.jpg,train,b,b:ppe_0302_jpg,4
c_PP02img263_jpg.jpg,train,c,c:PP02img263_jpg,2
c_fglov1182_jpg.jpg,train,c,c:fglov1182_jpg,4
c_fglov15_jpg.jpg,train,c,c:fglov15_jpg,4
b_ppe_0806_jpg.jpg,train,b,b:ppe_0806_jpg,2
b_ppe_0827_jpg.jpg,val,b,b:ppe_0827_jpg,4
b_AightOne0641_jpg.jpg,train,b,b:AightOne0641_jpg,2
b_ppe_0001_jpg.jpg,train,b,b:ppe_0001_jpg,6
c_Mask-detector1_mov-18_jpg.jpg,test,c,c:Mask-detector1_mov-18_jpg,1
c_kp692_jpg.jpg,train,c,c:kp692_jpg,1
c_helmet999725_jpg.jpg,train,c,c:helmet999725_jpg,1
c_PPE_Data_637_jpg.jpg,train,c,c:PPE_Data_637_jpg,2
c_p65621349_jpg.jpg,train,c,c:p65621349_jpg,1
a_005993_jpg.jpg,train,a,a:005993_jpg,2
a_001683_jpg.jpg,train,a,a:001683_jpg,1
a_004588_jpg.jpg,val,a,a:004588_jpg,2
c_packing1281_jpg.jpg,train,c,c:packing1281_jpg,2
a_002771_jpg.jpg,test,a,a:002771_jpg,4
c_img454_jpg.jpg,train,c,c:img454_jpg,4
a_001339_jpg.jpg,train,a,a:001339_jpg,6
c_packing1984_jpg.jpg,train,c,c:packing1984_jpg,1
c_fglov199_jpg.jpg,train,c,c:fglov199_jpg,4
a_006971_jpg.jpg,val,a,a:006971_jpg,2
b_image_154_jpg.jpg,train,b,b:image_154_jpg,5
c_PP02img518_jpg.jpg,test,c,c:PP02img518_jpg,6
c_kp428_jpg.jpg,train,c,c:kp428_jpg,1
c_frame600--2-_jpg.jpg,train,c,c:frame600--2-_jpg,0
c_PP02img588_jpg.jpg,train,c,c:PP02img588_jpg,6
c_helmet999744_jpg.jpg,train,c,c:helmet999744_jpg,1
a_003778_jpg.jpg,train,a,a:003778_jpg,8
c_kp15_jpg.jpg,train,c,c:kp15_jpg,2
c_005372_jpg.jpg,train,c,c:005372_jpg,5
a_004943_jpg.jpg,test,a,a:004943_jpg,4
c_kp422_jpg.jpg,train,c,c:kp422_jpg,1
c_PP02img1014_jpg.jpg,test,c,c:PP02img1014_jpg,2
c_kp694_jpg.jpg,train,c,c:kp694_jpg,1
a_004095_jpg.jpg,train,a,a:004095_jpg,3
a_005472_jpg.jpg,train,a,a:005472_jpg,9
c_nglovpp2154_jpg.jpg,val,c,c:nglovpp2154_jpg,6
c_1579928067_250120120154270000005e2bca03bf464_jpg.jpg,train,c,c:1579928067_250120120154270000005e2bca03bf464_jpg,6
c_fglov1139_jpg.jpg,val,c,c:fglov1139_jpg,3
a_006541_jpg.jpg,train,a,a:006541_jpg,3
b_Video1_205_jpg.jpg,train,b,b:Video1_205_jpg,4
a_002804_jpg.jpg,train,a,a:002804_jpg,7
a_006328_jpg.jpg,train,a,a:006328_jpg,1
c_kp1456_jpg.jpg,val,c,c:kp1456_jpg,1
c_PP02img1316_jpg.jpg,train,c,c:PP02img1316_jpg,8
a_003688_jpg.jpg,train,a,a:003688_jpg,2
c_frame143--2-_jpg.jpg,val,c,c:frame143--2-_jpg,2
c_frame1069_jpg.jpg,train,c,c:frame1069_jpg,0
c_Mask-detector1_mov-35_jpg.jpg,val,c,c:Mask-detector1_mov-35_jpg,1
b_Video3_15_jpg.jpg,train,b,b:Video3_15_jpg,4
c_packing1861_jpg.jpg,train,c,c:packing1861_jpg,1
b_ppe_0934_jpg.jpg,val,b,b:ppe_0934_jpg,8
b_ppe_1150_jpg.jpg,train,b,b:ppe_1150_jpg,14
c_p651335_jpg.jpg,train,c,c:p651335_jpg,1
c_005326_jpg.jpg,train,c,c:005326_jpg,1
a_005850_jpg.jpg,train,a,a:005850_jpg,4
c_005423_jpg.jpg,val,c,c:005423_jpg,2
c_nglovpp2128_jpg.jpg,train,c,c:nglovpp2128_jpg,4
a_005148_jpg.jpg,train,a,a:005148_jpg,4
c_nglov138_jpg.jpg,train,c,c:nglov138_jpg,2
b_ppe_0265_jpg.jpg,train,b,b:ppe_0265_jpg,3
c_kp947_jpg.jpg,train,c,c:kp947_jpg,1
c_Nhh_img_198_jpg.jpg,train,c,c:Nhh_img_198_jpg,1
b_Video1_186_jpg.jpg,val,b,b:Video1_186_jpg,4
a_006577_jpg.jpg,train,a,a:006577_jpg,5
c_img199_jpg.jpg,train,c,c:img199_jpg,3
c_PPE_Data_653_jpg.jpg,test,c,c:PPE_Data_653_jpg,4
c_packing1809_jpg.jpg,train,c,c:packing1809_jpg,1
b_AightOne0572_jpg.jpg,train,b,b:AightOne0572_jpg,4
c_helmet9991046_jpg.jpg,val,c,c:helmet9991046_jpg,1
b_ppe_0842_jpg.jpg,train,b,b:ppe_0842_jpg,6
b_image_782_jpg.jpg,test,b,b:image_782_jpg,2
a_002830_jpg.jpg,train,a,a:002830_jpg,10
c_frame2949_jpg.jpg,train,c,c:frame2949_jpg,2
b_r100_jpg.jpg,train,b,b:r100_jpg,2
c_frame213_jpg.jpg,train,c,c:frame213_jpg,1
c_packing348_jpg.jpg,train,c,c:packing348_jpg,1
c_Nhh_img_89_jpg.jpg,train,c,c:Nhh_img_89_jpg,0
a_000216_jpg.jpg,train,a,a:000216_jpg,1
c_kp1515_jpg.jpg,train,c,c:kp1515_jpg,1
b_image_463_jpg.jpg,train,b,b:image_463_jpg,3
c_N5h_img_211_jpg.jpg,train,c,c:N5h_img_211_jpg,1
c_PP02img611_jpg.jpg,train,c,c:PP02img611_jpg,5
c_kp1688_jpg.jpg,train,c,c:kp1688_jpg,1
a_003398_jpg.jpg,train,a,a:003398_jpg,2
c_N5h_img_14_jpg.jpg,val,c,c:N5h_img_14_jpg,3
a_004893_jpg.jpg,train,a,a:004893_jpg,5
c_packing513_jpg.jpg,val,c,c:packing513_jpg,1
b_image_962_jpg.jpg,val,b,b:image_962_jpg,3
b_ppe_0410_jpg.jpg,test,b,b:ppe_0410_jpg,2
c_PP02img278_jpg.jpg,train,c,c:PP02img278_jpg,4
a_000902_jpg.jpg,train,a,a:000902_jpg,6
c_PPE_Data_196_jpg.jpg,val,c,c:PPE_Data_196_jpg,2
c_PP02img1113_jpg.jpg,val,c,c:PP02img1113_jpg,2
c_005407_jpg.jpg,val,c,c:005407_jpg,5
c_PP02img763_jpg.jpg,train,c,c:PP02img763_jpg,4
a_001509_jpg.jpg,train,a,a:001509_jpg,3
a_003605_jpg.jpg,val,a,a:003605_jpg,5
c_frame245_jpg.jpg,train,c,c:frame245_jpg,1
a_006161_jpg.jpg,train,a,a:006161_jpg,1
c_p65621378_jpg.jpg,test,c,c:p65621378_jpg,1
b_Video3_228_jpg.jpg,train,b,b:Video3_228_jpg,4
c_PP02img461_jpg.jpg,train,c,c:PP02img461_jpg,5
c_p11321_jpg.jpg,test,c,c:p11321_jpg,2
c_PP02img137_jpg.jpg,train,c,c:PP02img137_jpg,5
c_PPE_Data_635_jpg.jpg,test,c,c:PPE_Data_635_jpg,2
c_frame187_jpg.jpg,train,c,c:frame187_jpg,1
c_PP02img1416_jpg.jpg,val,c,c:PP02img1416_jpg,3
b_image_455_jpg.jpg,test,b,b:image_455_jpg,3
c_helmet999505_jpg.jpg,train,c,c:helmet999505_jpg,1
b_ppe_1124_jpg.jpg,train,b,b:ppe_1124_jpg,2
c_img71_jpg.jpg,train,c,c:img71_jpg,1
a_001178_jpg.jpg,train,a,a:001178_jpg,6
c_packing1409_jpg.jpg,train,c,c:packing1409_jpg,1
c_kp811_jpg.jpg,train,c,c:kp811_jpg,1
c_helmet9991072_jpg.jpg,train,c,c:helmet9991072_jpg,1
c_PP02img1423_jpg.jpg,train,c,c:PP02img1423_jpg,3
c_kp1026_jpg.jpg,train,c,c:kp1026_jpg,2
c_kp1264_jpg.jpg,train,c,c:kp1264_jpg,1
a_002164_jpg.jpg,train,a,a:002164_jpg,5
c_packing1919_jpg.jpg,train,c,c:packing1919_jpg,1
a_003004_jpg.jpg,train,a,a:003004_jpg,1
a_004375_jpg.jpg,test,a,a:004375_jpg,2
b_ppe_0686_jpg.jpg,val,b,b:ppe_0686_jpg,5
c_PP02img508_jpg.jpg,train,c,c:PP02img508_jpg,5
a_006940_jpg.jpg,train,a,a:006940_jpg,8
a_005651_jpg.jpg,train,a,a:005651_jpg,4
a_006346_jpg.jpg,train,a,a:006346_jpg,5
c_kp85_jpg.jpg,val,c,c:kp85_jpg,1
b_TNPDu_78_jpg.jpg,train,b,b:TNPDu_78_jpg,6
c_PP02img1128_jpg.jpg,train,c,c:PP02img1128_jpg,3
a_006505_jpg.jpg,val,a,a:006505_jpg,3
c_packing1459_jpg.jpg,train,c,c:packing1459_jpg,2
c_PP02img200_jpg.jpg,train,c,c:PP02img200_jpg,5
c_frame725_jpg.jpg,test,c,c:frame725_jpg,3
c_helmet9991009_jpg.jpg,val,c,c:helmet9991009_jpg,1
a_005108_jpg.jpg,train,a,a:005108_jpg,1
c_packing1163_jpg.jpg,train,c,c:packing1163_jpg,3
c_frame1643_jpg.jpg,train,c,c:frame1643_jpg,1
c_w1240-p16x9-CORONAVIRUS-CHINA-HEALTH-APPLE-STORE_jpg.jpg,test,c,c:w1240-p16x9-CORONAVIRUS-CHINA-HEALTH-APPLE-STORE_jpg,4
b_ppe_0623_jpg.jpg,train,b,b:ppe_0623_jpg,6
b_image_411_jpg.jpg,train,b,b:image_411_jpg,3
c_PP02img1080_jpg.jpg,val,c,c:PP02img1080_jpg,3
c_helmet9991116_jpg.jpg,train,c,c:helmet9991116_jpg,1
c_goggle8765158_jpg.jpg,val,c,c:goggle8765158_jpg,2
c_kp1189_jpg.jpg,train,c,c:kp1189_jpg,1
b_ppe_0224_jpg.jpg,test,b,b:ppe_0224_jpg,2
c_frame2874_jpg.jpg,train,c,c:frame2874_jpg,4
c_packing728_jpg.jpg,val,c,c:packing728_jpg,1
a_002590_jpg.jpg,train,a,a:002590_jpg,3
c_kp1319_jpg.jpg,val,c,c:kp1319_jpg,1
c_nglovpp248_jpg.jpg,test,c,c:nglovpp248_jpg,4
c_kp841_jpg.jpg,train,c,c:kp841_jpg,1
c_packing202_jpg.jpg,val,c,c:packing202_jpg,3
a_000250_jpg.jpg,val,a,a:000250_jpg,2
c_PP02img966_jpg.jpg,train,c,c:PP02img966_jpg,2
c_packing1237_jpg.jpg,train,c,c:packing1237_jpg,2
c_Mask2_mov-34_jpg.jpg,train,c,c:Mask2_mov-34_jpg,1
b_ppe_0226_jpg.jpg,train,b,b:ppe_0226_jpg,2
b_image_467_jpg.jpg,train,b,b:image_467_jpg,1
a_006361_jpg.jpg,train,a,a:006361_jpg,7
c_kp1754_jpg.jpg,test,c,c:kp1754_jpg,1
c_kp1291_jpg.jpg,train,c,c:kp1291_jpg,1
a_006112_jpg.jpg,train,a,a:006112_jpg,1
c_packing1953_jpg.jpg,train,c,c:packing1953_jpg,1
b_Video1_163_jpg.jpg,val,b,b:Video1_163_jpg,4
c_packing611_jpg.jpg,train,c,c:packing611_jpg,2
b_20220721_124131_jpg.jpg,val,b,b:20220721_124131_jpg,1
c_helmet999868_jpg.jpg,train,c,c:helmet999868_jpg,1
c_PP02img1187_jpg.jpg,train,c,c:PP02img1187_jpg,2
c_kp750_jpg.jpg,test,c,c:kp750_jpg,1
c_kp1556_jpg.jpg,train,c,c:kp1556_jpg,2
c_N5h_img_227_jpg.jpg,train,c,c:N5h_img_227_jpg,1
c_kp1379_jpg.jpg,train,c,c:kp1379_jpg,1
c_N5h_img_187_jpg.jpg,train,c,c:N5h_img_187_jpg,1
b_ppe_0154_jpg.jpg,train,b,b:ppe_0154_jpg,9
a_006751_jpg.jpg,train,a,a:006751_jpg,5
c_PP02img1222_jpg.jpg,train,c,c:PP02img1222_jpg,3
c_frame107--2-_jpg.jpg,train,c,c:frame107--2-_jpg,1
b_ppe_1270_jpg.jpg,train,b,b:ppe_1270_jpg,6
c_MX_img_135_jpg.jpg,val,c,c:MX_img_135_jpg,2
c_kp1613_jpg.jpg,val,c,c:kp1613_jpg,1
a_006950_jpg.jpg,train,a,a:006950_jpg,3
c_kp482_jpg.jpg,val,c,c:kp482_jpg,1
c_frame3925_jpg.jpg,test,c,c:frame3925_jpg,1
b_20220621_132920_jpg.jpg,train,b,b:20220621_132920_jpg,4
c_packing1849_jpg.jpg,train,c,c:packing1849_jpg,1
a_003308_jpg.jpg,val,a,a:003308_jpg,2
c_kp1257_jpg.jpg,train,c,c:kp1257_jpg,1
b_image_1260_jpg.jpg,val,b,b:image_1260_jpg,3
c_PP02img294_jpg.jpg,train,c,c:PP02img294_jpg,3
a_002003_jpg.jpg,train,a,a:002003_jpg,1
c_fglov11_jpg.jpg,test,c,c:fglov11_jpg,2
c_PPE_Data_44_jpg.jpg,train,c,c:PPE_Data_44_jpg,1
c_PP02img361_jpg.jpg,val,c,c:PP02img361_jpg,2
c_kp849_jpg.jpg,train,c,c:kp849_jpg,1
a_004901_jpg.jpg,test,a,a:004901_jpg,4
b_Aitin1788_jpg.jpg,val,b,b:Aitin1788_jpg,3
c_packing1142_jpg.jpg,train,c,c:packing1142_jpg,2
c_packing1192_jpg.jpg,train,c,c:packing1192_jpg,1
b_ppe_1120_jpg.jpg,val,b,b:ppe_1120_jpg,2
c_Mask2_mov-68_jpg.jpg,test,c,c:Mask2_mov-68_jpg,1
c_p65621383_jpg.jpg,test,c,c:p65621383_jpg,1
c_goggle8765200_jpg.jpg,val,c,c:goggle8765200_jpg,2
c_p656213109_jpg.jpg,test,c,c:p656213109_jpg,1
b_Video2_40_jpg.jpg,train,b,b:Video2_40_jpg,4
b_ppe_0419_jpg.jpg,train,b,b:ppe_0419_jpg,3
b_ppe_0437_jpg.jpg,train,b,b:ppe_0437_jpg,6
c_frame3740_jpg.jpg,val,c,c:frame3740_jpg,2
c_kp5_jpg.jpg,train,c,c:kp5_jpg,2
c_kp492_jpg.jpg,train,c,c:kp492_jpg,1
b_Video4_254_jpg.jpg,val,b,b:Video4_254_jpg,4
c_PPE_Data_703_jpg.jpg,test,c,c:PPE_Data_703_jpg,3
a_002498_jpg.jpg,train,a,a:002498_jpg,2
a_001905_jpg.jpg,val,a,a:001905_jpg,10
c_packing1528_jpg.jpg,train,c,c:packing1528_jpg,3
c_frame237_jpg.jpg,train,c,c:frame237_jpg,1
c_packing686_jpg.jpg,train,c,c:packing686_jpg,1
c_p65621370_jpg.jpg,train,c,c:p65621370_jpg,1
c_packing1852_jpg.jpg,train,c,c:packing1852_jpg,2
c_PPE_Data_706_jpg.jpg,train,c,c:PPE_Data_706_jpg,4
b_ppe_0076_jpg.jpg,train,b,b:ppe_0076_jpg,8
c_kp1146_jpg.jpg,train,c,c:kp1146_jpg,2
b_ppe_0612_jpg.jpg,val,b,b:ppe_0612_jpg,4
b_ppe_0581_jpg.jpg,train,b,b:ppe_0581_jpg,14
b_Video2_1_jpg.jpg,train,b,b:Video2_1_jpg,4
a_002404_jpg.jpg,val,a,a:002404_jpg,5
a_004426_jpg.jpg,train,a,a:004426_jpg,2
a_000006_jpg.jpg,train,a,a:000006_jpg,5
c_p11314_jpg.jpg,train,c,c:p11314_jpg,2
a_006631_jpg.jpg,train,a,a:006631_jpg,3
b_ppe_0782_jpg.jpg,train,b,b:ppe_0782_jpg,12
a_000996_jpg.jpg,test,a,a:000996_jpg,18
c_PPE_Data_607_jpg.jpg,val,c,c:PPE_Data_607_jpg,1
c_PP02img1075_jpg.jpg,train,c,c:PP02img1075_jpg,3
c_nglovpp245_jpg.jpg,train,c,c:nglovpp245_jpg,3
a_006413_jpg.jpg,val,a,a:006413_jpg,6
c_kp1690_jpg.jpg,val,c,c:kp1690_jpg,1
c_PP02img562_jpg.jpg,train,c,c:PP02img562_jpg,6
c_PP02img447_jpg.jpg,val,c,c:PP02img447_jpg,5
c_frame90--3-_jpg.jpg,val,c,c:frame90--3-_jpg,2
c_goggle8765127_jpg.jpg,train,c,c:goggle8765127_jpg,3
a_005435_jpg.jpg,val,a,a:005435_jpg,10
b_Video4_36_jpg.jpg,val,b,b:Video4_36_jpg,4
c_PP02img610_jpg.jpg,train,c,c:PP02img610_jpg,5
c_packing1731_jpg.jpg,train,c,c:packing1731_jpg,1
c_p651314_jpg.jpg,train,c,c:p651314_jpg,1
a_000278_jpg.jpg,test,a,a:000278_jpg,4
c_IMG_4921-2_mp4-55_jpg.jpg,train,c,c:IMG_4921-2_mp4-55_jpg,1
c_PP02img145_jpg.jpg,train,c,c:PP02img145_jpg,4
c_helmet999980_jpg.jpg,train,c,c:helmet999980_jpg,1
a_004906_jpg.jpg,train,a,a:004906_jpg,1
a_001617_jpg.jpg,val,a,a:001617_jpg,7
c_frame76_jpg.jpg,train,c,c:frame76_jpg,3
c_kp213_jpg.jpg,val,c,c:kp213_jpg,1
c_packing602_jpg.jpg,train,c,c:packing602_jpg,2
c_PP02img667_jpg.jpg,train,c,c:PP02img667_jpg,2
c_img423_jpg.jpg,train,c,c:img423_jpg,4
c_helmet9991079_jpg.jpg,train,c,c:helmet9991079_jpg,1
b_ppe_0708_jpg.jpg,train,b,b:ppe_0708_jpg,4
b_image_1074_jpg.jpg,train,b,b:image_1074_jpg,3
c_kp454_jpg.jpg,train,c,c:kp454_jpg,1
c_packing1973_jpg.jpg,train,c,c:packing1973_jpg,1
c_packing110_jpg.jpg,train,c,c:packing110_jpg,2
a_002203_jpg.jpg,train,a,a:002203_jpg,4
b_ppe_1111_jpg.jpg,test,b,b:ppe_1111_jpg,3
c_nglovpp325_jpg.jpg,train,c,c:nglovpp325_jpg,2
b_Nein1018_jpg.jpg,train,b,b:Nein1018_jpg,1
a_001789_jpg.jpg,train,a,a:001789_jpg,5
c_frame1358_jpg.jpg,val,c,c:frame1358_jpg,0
c_005313_jpg.jpg,train,c,c:005313_jpg,1
c_frame94_jpg.jpg,train,c,c:frame94_jpg,1
c_Nhh_img_46_jpg.jpg,train,c,c:Nhh_img_46_jpg,1
c_kp231_jpg.jpg,train,c,c:kp231_jpg,1
a_002522_jpg.jpg,val,a,a:002522_jpg,6
a_000125_jpg.jpg,train,a,a:000125_jpg,2
c_helmet999866_jpg.jpg,train,c,c:helmet999866_jpg,1
c_PP02img728_jpg.jpg,train,c,c:PP02img728_jpg,3
a_004514_jpg.jpg,train,a,a:004514_jpg,4
a_001439_jpg.jpg,test,a,a:001439_jpg,6
c_kp1908_jpg.jpg,train,c,c:kp1908_jpg,1
c_kp1428_jpg.jpg,train,c,c:kp1428_jpg,1
c_kp1667_jpg.jpg,train,c,c:kp1667_jpg,1
c_kp889_jpg.jpg,val,c,c:kp889_jpg,1
c_PXL_20210930_151747986_jpg.jpg,val,c,c:PXL_20210930_151747986_jpg,1
b_ppe_0120_jpg.jpg,val,b,b:ppe_0120_jpg,3
b_ppe_0695_jpg.jpg,train,b,b:ppe_0695_jpg,6
c_nglovpp272_jpg.jpg,val,c,c:nglovpp272_jpg,3
a_005960_jpg.jpg,train,a,a:005960_jpg,1
a_002812_jpg.jpg,train,a,a:002812_jpg,1
a_004547_jpg.jpg,train,a,a:004547_jpg,11
c_frame1244_jpg.jpg,train,c,c:frame1244_jpg,0
c_packing1565_jpg.jpg,train,c,c:packing1565_jpg,2
c_PP02img891_jpg.jpg,train,c,c:PP02img891_jpg,1
a_003359_jpg.jpg,train,a,a:003359_jpg,1
c_PXL_20210930_152036049_jpg.jpg,train,c,c:PXL_20210930_152036049_jpg,1
c_kp352_jpg.jpg,train,c,c:kp352_jpg,1
b_ppe_0450_jpg.jpg,val,b,b:ppe_0450_jpg,2
c_kp1882_jpg.jpg,train,c,c:kp1882_jpg,1
c_p656213106_jpg.jpg,val,c,c:p656213106_jpg,1
c_nglovpp2177_jpg.jpg,val,c,c:nglovpp2177_jpg,4
b_image_21_jpg.jpg,train,b,b:image_21_jpg,6
a_007042_jpg.jpg,val,a,a:007042_jpg,2
c_PP02img1225_jpg.jpg,train,c,c:PP02img1225_jpg,3
c_15h_img_295_jpg.jpg,test,c,c:15h_img_295_jpg,1
c_fglov133_jpg.jpg,train,c,c:fglov133_jpg,6
b_ppe_1095_jpg.jpg,val,b,b:ppe_1095_jpg,2
a_004999_jpg.jpg,train,a,a:004999_jpg,2
c_PP02img1199_jpg.jpg,train,c,c:PP02img1199_jpg,5
c_fglov1184_jpg.jpg,train,c,c:fglov1184_jpg,3
c_frame1639_jpg.jpg,train,c,c:frame1639_jpg,1
b_ppe_0378_jpg.jpg,train,b,b:ppe_0378_jpg,2
a_005681_jpg.jpg,train,a,a:005681_jpg,6
b_ppe_0326_jpg.jpg,val,b,b:ppe_0326_jpg,2
c_kp1360_jpg.jpg,test,c,c:kp1360_jpg,1
b_Video2_188_jpg.jpg,train,b,b:Video2_188_jpg,4
c_helmet9991027_jpg.jpg,val,c,c:helmet9991027_jpg,1
c_mask-wearing-1632937779843_png_jpg.jpg,test,c,c:mask-wearing-1632937779843_png_jpg,1
c_frame1121_jpg.jpg,val,c,c:frame1121_jpg,1
c_helmet9991192_jpg.jpg,test,c,c:helmet9991192_jpg,1
c_PP02img973_jpg.jpg,train,c,c:PP02img973_jpg,3
b_Aitin2737_jpg.jpg,test,b,b:Aitin2737_jpg,3
a_007038_jpg.jpg,train,a,a:007038_jpg,6
c_frame3792_jpg.jpg,val,c,c:frame3792_jpg,3
c_packing1162_jpg.jpg,train,c,c:packing1162_jpg,1
c_005481_jpg.jpg,val,c,c:005481_jpg,2
a_004336_jpg.jpg,train,a,a:004336_jpg,1
a_003000_jpg.jpg,train,a,a:003000_jpg,1
b_ppe_0871_jpg.jpg,val,b,b:ppe_0871_jpg,4
c_helmet999571_jpg.jpg,train,c,c:helmet999571_jpg,1
b_image_473_jpg.jpg,train,b,b:image_473_jpg,2
c_kp1487_jpg.jpg,train,c,c:kp1487_jpg,1
c_PP02img1399_jpg.jpg,train,c,c:PP02img1399_jpg,4
c_nglovpp348_jpg.jpg,train,c,c:nglovpp348_jpg,1
b_ppe_1219_jpg.jpg,val,b,b:ppe_1219_jpg,2
a_000177_jpg.jpg,train,a,a:000177_jpg,9
c_packing206_jpg.jpg,train,c,c:packing206_jpg,3
a_003327_jpg.jpg,test,a,a:003327_jpg,11
c_N5h_img_164_jpg.jpg,train,c,c:N5h_img_164_jpg,1
c_frame2641_jpg.jpg,train,c,c:frame2641_jpg,2
c_frame1357_jpg.jpg,train,c,c:frame1357_jpg,0
c_kp1957_jpg.jpg,train,c,c:kp1957_jpg,1
a_000129_jpg.jpg,train,a,a:000129_jpg,3
c_PP02img1231_jpg.jpg,test,c,c:PP02img1231_jpg,1
b_20220621_132924_jpg.jpg,train,b,b:20220621_132924_jpg,4
b_image_368_jpg.jpg,train,b,b:image_368_jpg,2
c_PPE_Data_329_jpg.jpg,train,c,c:PPE_Data_329_jpg,1
c_img68_jpg.jpg,train,c,c:img68_jpg,4
b_Video4_233_jpg.jpg,test,b,b:Video4_233_jpg,4
c_packing726_jpg.jpg,train,c,c:packing726_jpg,1
a_006442_jpg.jpg,train,a,a:006442_jpg,8
c_PP02img108_jpg.jpg,train,c,c:PP02img108_jpg,6
c_frame1177_jpg.jpg,val,c,c:frame1177_jpg,0
c_packing676_jpg.jpg,train,c,c:packing676_jpg,1
c_frame112_jpg.jpg,test,c,c:frame112_jpg,2
c_PP02img642_jpg.jpg,train,c,c:PP02img642_jpg,3
c_frame236_jpg.jpg,test,c,c:frame236_jpg,1
c_kp1660_jpg.jpg,train,c,c:kp1660_jpg,1
c_frame3933_jpg.jpg,train,c,c:frame3933_jpg,2
c_packing1557_jpg.jpg,train,c,c:packing1557_jpg,2
b_thumb0938_jpg.jpg,val,b,b:thumb0938_jpg,2
c_PP02img1190_jpg.jpg,test,c,c:PP02img1190_jpg,2
a_006352_jpg.jpg,val,a,a:006352_jpg,2
c_012420_coronoa_masks_web_jpg.jpg,train,c,c:012420_coronoa_masks_web_jpg,17
c_p65621377_jpg.jpg,test,c,c:p65621377_jpg,1
c_kp1678_jpg.jpg,train,c,c:kp1678_jpg,1
a_001209_jpg.jpg,train,a,a:001209_jpg,1
b_ppe_1101_jpg.jpg,train,b,b:ppe_1101_jpg,2
c_005358_jpg.jpg,test,c,c:005358_jpg,6
c_PP02img68_jpg.jpg,train,c,c:PP02img68_jpg,3
c_1477443223-1445746883_jpg.jpg,val,c,c:1477443223-1445746883_jpg,2
c_img279_jpg.jpg,train,c,c:img279_jpg,4
c_kp1326_jpg.jpg,train,c,c:kp1326_jpg,1
a_000028_jpg.jpg,train,a,a:000028_jpg,6
c_Inside-merge_mov-32_jpg.jpg,train,c,c:Inside-merge_mov-32_jpg,0
c_goggle8765140_jpg.jpg,val,c,c:goggle8765140_jpg,4
a_003668_jpg.jpg,train,a,a:003668_jpg,7
c_kp878_jpg.jpg,train,c,c:kp878_jpg,1
c_packing818_jpg.jpg,train,c,c:packing818_jpg,1
c_img81_jpg.jpg,train,c,c:img81_jpg,4
a_003319_jpg.jpg,train,a,a:003319_jpg,1
c_p65213197_jpg.jpg,train,c,c:p65213197_jpg,1
c_PP02img880_jpg.jpg,train,c,c:PP02img880_jpg,1
a_001080_jpg.jpg,train,a,a:001080_jpg,2
c_frame92--2-_jpg.jpg,test,c,c:frame92--2-_jpg,2
c_helmet9991093_jpg.jpg,train,c,c:helmet9991093_jpg,1
c_frame85--3-_jpg.jpg,train,c,c:frame85--3-_jpg,2
c_nglov6_jpg.jpg,train,c,c:nglov6_jpg,6
a_002686_jpg.jpg,val,a,a:002686_jpg,8
c_goggle8765183_jpg.jpg,train,c,c:goggle8765183_jpg,3
a_004192_jpg.jpg,train,a,a:004192_jpg,2
c_005339_jpg.jpg,val,c,c:005339_jpg,1
c_kp1422_jpg.jpg,train,c,c:kp1422_jpg,1
c_PP02img320_jpg.jpg,train,c,c:PP02img320_jpg,5
c_nglovpp2159_jpg.jpg,train,c,c:nglovpp2159_jpg,4
a_005640_jpg.jpg,train,a,a:005640_jpg,3
a_000443_jpg.jpg,train,a,a:000443_jpg,1
a_003062_jpg.jpg,train,a,a:003062_jpg,1
a_003713_jpg.jpg,train,a,a:003713_jpg,8
b_image_1279_jpg.jpg,train,b,b:image_1279_jpg,2
b_ppe_1299_jpg.jpg,val,b,b:ppe_1299_jpg,8
a_006359_jpg.jpg,train,a,a:006359_jpg,1
a_001909_jpg.jpg,val,a,a:001909_jpg,15
c_frame466_jpg.jpg,train,c,c:frame466_jpg,2
c_frame75--3-_jpg.jpg,val,c,c:frame75--3-_jpg,2
c_helmet999779_jpg.jpg,train,c,c:helmet999779_jpg,1
c_p6562136_jpg.jpg,val,c,c:p6562136_jpg,1
c_kp1449_jpg.jpg,val,c,c:kp1449_jpg,1
c_kp448_jpg.jpg,val,c,c:kp448_jpg,1
a_004706_jpg.jpg,val,a,a:004706_jpg,6
c_nglov164_jpg.jpg,test,c,c:nglov164_jpg,3
c_005379_jpg.jpg,train,c,c:005379_jpg,8
c_mask-wearing-1632933752593_png_jpg.jpg,train,c,c:mask-wearing-1632933752593_png_jpg,2
c_helmet999575_jpg.jpg,train,c,c:helmet999575_jpg,1
a_005084_jpg.jpg,train,a,a:005084_jpg,1
c_packing1318_jpg.jpg,val,c,c:packing1318_jpg,1
a_003999_jpg.jpg,train,a,a:003999_jpg,8
c_frame978_jpg.jpg,val,c,c:frame978_jpg,1
c_packing1200_jpg.jpg,train,c,c:packing1200_jpg,1
c_nglov5_jpg.jpg,test,c,c:nglov5_jpg,6
a_004783_jpg.jpg,train,a,a:004783_jpg,4
c_kp1194_jpg.jpg,train,c,c:kp1194_jpg,1
c_Nhh_img_200_jpg.jpg,train,c,c:Nhh_img_200_jpg,1
c_mask-wearing-1632938104153_png_jpg.jpg,train,c,c:mask-wearing-1632938104153_png_jpg,1
c_MX_img_95_jpg.jpg,train,c,c:MX_img_95_jpg,1
a_006025_jpg.jpg,train,a,a:006025_jpg,3
c_packing1412_jpg.jpg,train,c,c:packing1412_jpg,1
b_Video4_237_jpg.jpg,val,b,b:Video4_237_jpg,4
c_helmet9991158_jpg.jpg,train,c,c:helmet9991158_jpg,1
c_kp524_jpg.jpg,train,c,c:kp524_jpg,2
c_kp359_jpg.jpg,val,c,c:kp359_jpg,1
c_kp922_jpg.jpg,train,c,c:kp922_jpg,1
c_helmet999917_jpg.jpg,val,c,c:helmet999917_jpg,2
c_kp274_jpg.jpg,train,c,c:kp274_jpg,1
c_frame89--3-_jpg.jpg,train,c,c:frame89--3-_jpg,2
c_img311_jpg.jpg,train,c,c:img311_jpg,3
c_PP02img579_jpg.jpg,train,c,c:PP02img579_jpg,7
a_005033_jpg.jpg,train,a,a:005033_jpg,9
b_20220721_161946_jpg.jpg,train,b,b:20220721_161946_jpg,1
c_packing1546_jpg.jpg,val,c,c:packing1546_jpg,1
c_packing1725_jpg.jpg,train,c,c:packing1725_jpg,3
a_004128_jpg.jpg,train,a,a:004128_jpg,1
c_packing1312_jpg.jpg,val,c,c:packing1312_jpg,1
a_001084_jpg.jpg,train,a,a:001084_jpg,4
c_PP02img493_jpg.jpg,train,c,c:PP02img493_jpg,3
c_helmet999720_jpg.jpg,train,c,c:helmet999720_jpg,2
a_003785_jpg.jpg,train,a,a:003785_jpg,3
a_004524_jpg.jpg,train,a,a:004524_jpg,1
c_frame553_jpg.jpg,train,c,c:frame553_jpg,4
c_frame1634_jpg.jpg,train,c,c:frame1634_jpg,1
a_003597_jpg.jpg,test,a,a:003597_jpg,10
a_001202_jpg.jpg,train,a,a:001202_jpg,3
c_005376_jpg.jpg,test,c,c:005376_jpg,6
a_000605_jpg.jpg,train,a,a:000605_jpg,9
c_packing1304_jpg.jpg,train,c,c:packing1304_jpg,1
c_img238_jpg.jpg,train,c,c:img238_jpg,4
a_004528_jpg.jpg,train,a,a:004528_jpg,1
c_frame472_jpg.jpg,train,c,c:frame472_jpg,2
a_005857_jpg.jpg,train,a,a:005857_jpg,13
c_005444_jpg.jpg,train,c,c:005444_jpg,3
c_PP02img1123_jpg.jpg,train,c,c:PP02img1123_jpg,4
c_kp1251_jpg.jpg,train,c,c:kp1251_jpg,1
c_PP02img1179_jpg.jpg,train,c,c:PP02img1179_jpg,3
a_003193_jpg.jpg,val,a,a:003193_jpg,2
c_kp374_jpg.jpg,train,c,c:kp374_jpg,1
c_Inside-merge_mov-42_jpg.jpg,val,c,c:Inside-merge_mov-42_jpg,0
b_ppe_0697_jpg.jpg,train,b,b:ppe_0697_jpg,10
c_helmet999996_jpg.jpg,train,c,c:helmet999996_jpg,1
c_img84_jpg.jpg,train,c,c:img84_jpg,4
c_mask-wearing-1632939986349_png_jpg.jpg,test,c,c:mask-wearing-1632939986349_png_jpg,1
c_kp31_jpg.jpg,train,c,c:kp31_jpg,2
c_goggle8765108_jpg.jpg,val,c,c:goggle8765108_jpg,3
b_ppe_0870_jpg.jpg,val,b,b:ppe_0870_jpg,2
a_004425_jpg.jpg,val,a,a:004425_jpg,16
c_Nhh_img_41_jpg.jpg,train,c,c:Nhh_img_41_jpg,1
a_004209_jpg.jpg,val,a,a:004209_jpg,3
a_005880_jpg.jpg,test,a,a:005880_jpg,12
b_Video3_242_jpg.jpg,train,b,b:Video3_242_jpg,4
c_img158_jpg.jpg,train,c,c:img158_jpg,3
c_PP02img531_jpg.jpg,train,c,c:PP02img531_jpg,6
a_002131_jpg.jpg,val,a,a:002131_jpg,2
c_frame1147_jpg.jpg,train,c,c:frame1147_jpg,1
a_004647_jpg.jpg,train,a,a:004647_jpg,1
c_IMG_4921-2_mp4-74_jpg.jpg,train,c,c:IMG_4921-2_mp4-74_jpg,1
a_003907_jpg.jpg,train,a,a:003907_jpg,1
c_PP02img262_jpg.jpg,test,c,c:PP02img262_jpg,5
c_PXL_20210930_151742531_jpg.jpg,train,c,c:PXL_20210930_151742531_jpg,1
c_nglovpp357_jpg.jpg,train,c,c:nglovpp357_jpg,2
c_PP02img118_jpg.jpg,train,c,c:PP02img118_jpg,1
c_PP02img1294_jpg.jpg,train,c,c:PP02img1294_jpg,1
b_ppe_0339_jpg.jpg,train,b,b:ppe_0339_jpg,6
c_nglov84_jpg.jpg,test,c,c:nglov84_jpg,6
b_ppe_1290_jpg.jpg,train,b,b:ppe_1290_jpg,3
c_PP02img574_jpg.jpg,train,c,c:PP02img574_jpg,7
a_006178_jpg.jpg,val,a,a:006178_jpg,2
b_ppe_1255_jpg.jpg,train,b,b:ppe_1255_jpg,7
a_006985_jpg.jpg,train,a,a:006985_jpg,1
c_packing1889_jpg.jpg,train,c,c:packing1889_jpg,1
a_002147_jpg.jpg,train,a,a:002147_jpg,1
c_nglovpp366_jpg.jpg,train,c,c:nglovpp366_jpg,2
c_frame3902_jpg.jpg,test,c,c:frame3902_jpg,2
b_ppe_0943_jpg.jpg,train,b,b:ppe_0943_jpg,6
b_ppe_1311_jpg.jpg,train,b,b:ppe_1311_jpg,4
c_img153_jpg.jpg,val,c,c:img153_jpg,8
b_ppe_1262_jpg.jpg,train,b,b:ppe_1262_jpg,4
c_packing1450_jpg.jpg,train,c,c:packing1450_jpg,2
c_frame139--2-_jpg.jpg,val,c,c:frame139--2-_jpg,2
c_PPE_Data_354_jpg.jpg,train,c,c:PPE_Data_354_jpg,2
c_frame267_jpg.jpg,val,c,c:frame267_jpg,1
b_Nein4731_jpg.jpg,train,b,b:Nein4731_jpg,1
c_kp787_jpg.jpg,train,c,c:kp787_jpg,1
c_kp183_jpg.jpg,val,c,c:kp183_jpg,1
c_helmet999804_jpg.jpg,train,c,c:helmet999804_jpg,1
c_PP02img674_jpg.jpg,train,c,c:PP02img674_jpg,5
c_MX_img_62_jpg.jpg,train,c,c:MX_img_62_jpg,1
c_kp84_jpg.jpg,train,c,c:kp84_jpg,1
b_image_747_jpg.jpg,train,b,b:image_747_jpg,3
c_img263_jpg.jpg,test,c,c:img263_jpg,2
c_packing575_jpg.jpg,train,c,c:packing575_jpg,1
a_001304_jpg.jpg,train,a,a:001304_jpg,9
c_Mask2_mov-66_jpg.jpg,train,c,c:Mask2_mov-66_jpg,1
c_Nhh_img_159_jpg.jpg,test,c,c:Nhh_img_159_jpg,2
c_packing1354_jpg.jpg,train,c,c:packing1354_jpg,1
b_ppe_0832_jpg.jpg,train,b,b:ppe_0832_jpg,4
c_PP02img606_jpg.jpg,train,c,c:PP02img606_jpg,6
c_packing1164_jpg.jpg,train,c,c:packing1164_jpg,2
c_kp1122_jpg.jpg,test,c,c:kp1122_jpg,1
a_001191_jpg.jpg,train,a,a:001191_jpg,2
a_006481_jpg.jpg,train,a,a:006481_jpg,7
c_packing1432_jpg.jpg,train,c,c:packing1432_jpg,3
c_kp1996_jpg.jpg,train,c,c:kp1996_jpg,1
c_frame683_jpg.jpg,train,c,c:frame683_jpg,0
a_006415_jpg.jpg,train,a,a:006415_jpg,2
c_PP02img1310_jpg.jpg,train,c,c:PP02img1310_jpg,4
a_006077_jpg.jpg,train,a,a:006077_jpg,7
a_001126_jpg.jpg,train,a,a:001126_jpg,1
c_packing304_jpg.jpg,val,c,c:packing304_jpg,1
c_PP02img121_jpg.jpg,train,c,c:PP02img121_jpg,6
c_kp599_jpg.jpg,train,c,c:kp599_jpg,2
c_kp669_jpg.jpg,train,c,c:kp669_jpg,1
a_004103_jpg.jpg,train,a,a:004103_jpg,1
c_nglov176_jpg.jpg,train,c,c:nglov176_jpg,4
c_PP02img915_jpg.jpg,train,c,c:PP02img915_jpg,1
c_frame124--2-_jpg.jpg,train,c,c:frame124--2-_jpg,2
a_005012_jpg.jpg,train,a,a:005012_jpg,2
a_004479_jpg.jpg,train,a,a:004479_jpg,1
c_MX_img_33_jpg.jpg,train,c,c:MX_img_33_jpg,1
a_003942_jpg.jpg,train,a,a:003942_jpg,2
c_PP02img524_jpg.jpg,train,c,c:PP02img524_jpg,6
a_004654_jpg.jpg,val,a,a:004654_jpg,6
c_kp141_jpg.jpg,val,c,c:kp141_jpg,1
c_helmet9991080_jpg.jpg,train,c,c:helmet9991080_jpg,1
a_006621_jpg.jpg,train,a,a:006621_jpg,9
c_kp1012_jpg.jpg,train,c,c:kp1012_jpg,2
a_000276_jpg.jpg,train,a,a:000276_jpg,7
c_PP02img270_jpg.jpg,train,c,c:PP02img270_jpg,4
b_ppe_0909_jpg.jpg,val,b,b:ppe_0909_jpg,2
b_ppe_0258_jpg.jpg,train,b,b:ppe_0258_jpg,6
a_002506_jpg.jpg,val,a,a:002506_jpg,11
c_PP02img444_jpg.jpg,train,c,c:PP02img444_jpg,5
c_PP02img24_jpg.jpg,train,c,c:PP02img24_jpg,4
c_N5h_img_87_jpg.jpg,train,c,c:N5h_img_87_jpg,1
a_003763_jpg.jpg,train,a,a:003763_jpg,2
b_image_1125_jpg.jpg,train,b,b:image_1125_jpg,3
c_kp619_jpg.jpg,train,c,c:kp619_jpg,2
c_frame3_jpg.jpg,val,c,c:frame3_jpg,2
a_006190_jpg.jpg,train,a,a:006190_jpg,3
b_image_797_jpg.jpg,val,b,b:image_797_jpg,6
c_MX_img_24_jpg.jpg,train,c,c:MX_img_24_jpg,1
c_p113112_jpg.jpg,val,c,c:p113112_jpg,1
c_img381_jpg.jpg,test,c,c:img381_jpg,2
c_helmet999587_jpg.jpg,train,c,c:helmet999587_jpg,1
c_PPE_Data_172_jpg.jpg,val,c,c:PPE_Data_172_jpg,4
c_PPE_Data_323_jpg.jpg,train,c,c:PPE_Data_323_jpg,2
c_packing1008_jpg.jpg,train,c,c:packing1008_jpg,2
c_PXL_20210930_151913854_jpg.jpg,train,c,c:PXL_20210930_151913854_jpg,1
a_001017_jpg.jpg,train,a,a:001017_jpg,1
a_005914_jpg.jpg,train,a,a:005914_jpg,3
c_frame442_jpg.jpg,train,c,c:frame442_jpg,2
b_ppe_1222_jpg.jpg,train,b,b:ppe_1222_jpg,4
c_PP02img902_jpg.jpg,train,c,c:PP02img902_jpg,1
c_frame300_jpg.jpg,train,c,c:frame300_jpg,1
a_000871_jpg.jpg,train,a,a:000871_jpg,3
c_helmet999763_jpg.jpg,train,c,c:helmet999763_jpg,1
c_PP02img37_jpg.jpg,val,c,c:PP02img37_jpg,6
c_frame640_jpg.jpg,train,c,c:frame640_jpg,0
a_002081_jpg.jpg,val,a,a:002081_jpg,2
c_kp513_jpg.jpg,train,c,c:kp513_jpg,1
a_002109_jpg.jpg,train,a,a:002109_jpg,10
c_helmet999652_jpg.jpg,train,c,c:helmet999652_jpg,1
c_kp627_jpg.jpg,train,c,c:kp627_jpg,2
b_Nein4497_jpg.jpg,train,b,b:Nein4497_jpg,1
c_nglov74_jpg.jpg,train,c,c:nglov74_jpg,3
c_kp1606_jpg.jpg,train,c,c:kp1606_jpg,1
c_unnamed_jpg.jpg,train,c,c:unnamed_jpg,14
b_Video3_236_jpg.jpg,train,b,b:Video3_236_jpg,4
a_002257_jpg.jpg,train,a,a:002257_jpg,2
c_goggle876525_jpg.jpg,train,c,c:goggle876525_jpg,1
c_packing1247_jpg.jpg,train,c,c:packing1247_jpg,1
a_004919_jpg.jpg,train,a,a:004919_jpg,2
a_003071_jpg.jpg,train,a,a:003071_jpg,4
c_PP02img312_jpg.jpg,test,c,c:PP02img312_jpg,3
c_PP02img1297_jpg.jpg,train,c,c:PP02img1297_jpg,3
c_packing1135_jpg.jpg,train,c,c:packing1135_jpg,1
c_frame1263_jpg.jpg,train,c,c:frame1263_jpg,0
c_MX_img_194_jpg.jpg,test,c,c:MX_img_194_jpg,1
c_N5h_img_46_jpg.jpg,train,c,c:N5h_img_46_jpg,1
c_PP02img1148_jpg.jpg,val,c,c:PP02img1148_jpg,4
c_img490_jpg.jpg,train,c,c:img490_jpg,5
c_kp614_jpg.jpg,val,c,c:kp614_jpg,2
c_kp1342_jpg.jpg,train,c,c:kp1342_jpg,1
a_003773_jpg.jpg,train,a,a:003773_jpg,4
b_ppe_0776_jpg.jpg,train,b,b:ppe_0776_jpg,8
b_Video2_43_jpg.jpg,train,b,b:Video2_43_jpg,4
c_IMG_4921-2_mp4-116_jpg.jpg,val,c,c:IMG_4921-2_mp4-116_jpg,1
c_helmet999993_jpg.jpg,train,c,c:helmet999993_jpg,1
c_kp744_jpg.jpg,train,c,c:kp744_jpg,1
c_kp227_jpg.jpg,train,c,c:kp227_jpg,1
a_006145_jpg.jpg,train,a,a:006145_jpg,5
a_006839_jpg.jpg,train,a,a:006839_jpg,1
c_IMG_4921-2_mp4-88_jpg.jpg,test,c,c:IMG_4921-2_mp4-88_jpg,1
a_000117_jpg.jpg,train,a,a:000117_jpg,3
c_img152_jpg.jpg,train,c,c:img152_jpg,6
c_005530_jpg.jpg,train,c,c:005530_jpg,2
c_frame1135_jpg.jpg,val,c,c:frame1135_jpg,0
b_ppe_0920_jpg.jpg,train,b,b:ppe_0920_jpg,11
c_packing42_jpg.jpg,train,c,c:packing42_jpg,2
c_frame116_jpg.jpg,train,c,c:frame116_jpg,2
a_004264_jpg.jpg,train,a,a:004264_jpg,2
c_frame3763_jpg.jpg,train,c,c:frame3763_jpg,3
c_packing235_jpg.jpg,train,c,c:packing235_jpg,2
c_PPE_Data_510_jpg.jpg,val,c,c:PPE_Data_510_jpg,0
c_PP02img1232_jpg.jpg,train,c,c:PP02img1232_jpg,1
c_helmet9991127_jpg.jpg,train,c,c:helmet9991127_jpg,1
b_image_872_jpg.jpg,test,b,b:image_872_jpg,4
c_Mask-detector1_mov-34_jpg.jpg,train,c,c:Mask-detector1_mov-34_jpg,1
c_PP02img1269_jpg.jpg,train,c,c:PP02img1269_jpg,5
b_image_543_jpg.jpg,test,b,b:image_543_jpg,2
c_nglov72_jpg.jpg,train,c,c:nglov72_jpg,3
a_001940_jpg.jpg,train,a,a:001940_jpg,3
c_helmet9991202_jpg.jpg,test,c,c:helmet9991202_jpg,1
b_Video4_26_jpg.jpg,train,b,b:Video4_26_jpg,4
a_002809_jpg.jpg,train,a,a:002809_jpg,7
c_p11388_jpg.jpg,train,c,c:p11388_jpg,1
c_packing817_jpg.jpg,train,c,c:packing817_jpg,1
c_kp1178_jpg.jpg,train,c,c:kp1178_jpg,1
a_003602_jpg.jpg,train,a,a:003602_jpg,11
c_frame1216_jpg.jpg,val,c,c:frame1216_jpg,0
b_image_975_jpg.jpg,train,b,b:image_975_jpg,4
c_packing1634_jpg.jpg,val,c,c:packing1634_jpg,2
c_frame289_jpg.jpg,test,c,c:frame289_jpg,1
c_kp478_jpg.jpg,train,c,c:kp478_jpg,1
a_005505_jpg.jpg,train,a,a:005505_jpg,5
a_002744_jpg.jpg,train,a,a:002744_jpg,3
a_006966_jpg.jpg,train,a,a:006966_jpg,14
a_001872_jpg.jpg,train,a,a:001872_jpg,2
c_p11384_jpg.jpg,train,c,c:p11384_jpg,1
b_image_1113_jpg.jpg,train,b,b:image_1113_jpg,3
a_002030_jpg.jpg,train,a,a:002030_jpg,4
c_packing1478_jpg.jpg,train,c,c:packing1478_jpg,2
c_packing1857_jpg.jpg,train,c,c:packing1857_jpg,1
c_N5h_img_239_jpg.jpg,train,c,c:N5h_img_239_jpg,1
c_PPE_Data_670_jpg.jpg,train,c,c:PPE_Data_670_jpg,3
c_kp960_jpg.jpg,test,c,c:kp960_jpg,1
a_001516_jpg.jpg,val,a,a:001516_jpg,2
c_frame1294_jpg.jpg,train,c,c:frame1294_jpg,1
c_kp1170_jpg.jpg,train,c,c:kp1170_jpg,1
a_005071_jpg.jpg,val,a,a:005071_jpg,6
a_003226_jpg.jpg,val,a,a:003226_jpg,2
c_img235_jpg.jpg,train,c,c:img235_jpg,5
c_p651358_jpg.jpg,train,c,c:p651358_jpg,1
c_helmet9991143_jpg.jpg,test,c,c:helmet9991143_jpg,1
a_006121_jpg.jpg,val,a,a:006121_jpg,7
a_005151_jpg.jpg,train,a,a:005151_jpg,2
a_004522_jpg.jpg,train,a,a:004522_jpg,2
a_003988_jpg.jpg,val,a,a:003988_jpg,3
c_PP02img48_jpg.jpg,test,c,c:PP02img48_jpg,3
c_helmet9991222_jpg.jpg,val,c,c:helmet9991222_jpg,1
b_ppe_0240_jpg.jpg,train,b,b:ppe_0240_jpg,2
a_005889_jpg.jpg,val,a,a:005889_jpg,2
c_packing1305_jpg.jpg,train,c,c:packing1305_jpg,2
c_kp487_jpg.jpg,train,c,c:kp487_jpg,1
c_kp775_jpg.jpg,val,c,c:kp775_jpg,1
c_kp907_jpg.jpg,train,c,c:kp907_jpg,1
a_005839_jpg.jpg,val,a,a:005839_jpg,2
b_image_184_jpg.jpg,train,b,b:image_184_jpg,3
a_002345_jpg.jpg,train,a,a:002345_jpg,5
c_PPE_Data_626_jpg.jpg,train,c,c:PPE_Data_626_jpg,1
c_PP02img992_jpg.jpg,train,c,c:PP02img992_jpg,2
c_frame1195_jpg.jpg,train,c,c:frame1195_jpg,0
c_frame754_jpg.jpg,val,c,c:frame754_jpg,1
c_packing1393_jpg.jpg,train,c,c:packing1393_jpg,3
a_000120_jpg.jpg,train,a,a:000120_jpg,1
a_001159_jpg.jpg,train,a,a:001159_jpg,9
a_003482_jpg.jpg,val,a,a:003482_jpg,4
c_IMG_4921-2_mp4-73_jpg.jpg,train,c,c:IMG_4921-2_mp4-73_jpg,1
c_fglov1132_jpg.jpg,train,c,c:fglov1132_jpg,3
c_download--8-_jpeg_jpg.jpg,train,c,c:download--8-_jpeg_jpg,7
a_000289_jpg.jpg,train,a,a:000289_jpg,7
b_ppe_1169_jpg.jpg,train,b,b:ppe_1169_jpg,2
c_img253_jpg.jpg,train,c,c:img253_jpg,5
c_kp549_jpg.jpg,train,c,c:kp549_jpg,2
c_kp1297_jpg.jpg,train,c,c:kp1297_jpg,1
b_image_1437_jpg.jpg,train,b,b:image_1437_jpg,1
a_004043_jpg.jpg,train,a,a:004043_jpg,1
c_helmet999815_jpg.jpg,train,c,c:helmet999815_jpg,1
b_image_128_jpg.jpg,val,b,b:image_128_jpg,3
c_PPE_Data_544_jpg.jpg,test,c,c:PPE_Data_544_jpg,2
b_image_551_jpg.jpg,train,b,b:image_551_jpg,7
c_kp880_jpg.jpg,val,c,c:kp880_jpg,1
a_003833_jpg.jpg,train,a,a:003833_jpg,4
c_frame98--2-_jpg.jpg,train,c,c:frame98--2-_jpg,1
c_p656213112_jpg.jpg,train,c,c:p656213112_jpg,1
a_004387_jpg.jpg,val,a,a:004387_jpg,9
c_PP02img1032_jpg.jpg,val,c,c:PP02img1032_jpg,2
a_000857_jpg.jpg,train,a,a:000857_jpg,1
c_img6_jpg.jpg,train,c,c:img6_jpg,5
b_ppe_0074_jpg.jpg,val,b,b:ppe_0074_jpg,2
c_packing1433_jpg.jpg,train,c,c:packing1433_jpg,2
c_frame1079_jpg.jpg,train,c,c:frame1079_jpg,0
c_packing1484_jpg.jpg,train,c,c:packing1484_jpg,1
a_002395_jpg.jpg,test,a,a:002395_jpg,9
c_goggle876524_jpg.jpg,train,c,c:goggle876524_jpg,5
b_image_1613_jpg.jpg,test,b,b:image_1613_jpg,3
c_kp1453_jpg.jpg,train,c,c:kp1453_jpg,1
b_image_1067_jpg.jpg,test,b,b:image_1067_jpg,6
a_002988_jpg.jpg,train,a,a:002988_jpg,5
c_packing1055_jpg.jpg,train,c,c:packing1055_jpg,1
b_ppe_0735_jpg.jpg,val,b,b:ppe_0735_jpg,10
a_002009_jpg.jpg,val,a,a:002009_jpg,2
c_kp1748_jpg.jpg,val,c,c:kp1748_jpg,1
a_001275_jpg.jpg,train,a,a:001275_jpg,13
c_frame3797_jpg.jpg,train,c,c:frame3797_jpg,3
c_kp866_jpg.jpg,train,c,c:kp866_jpg,1
c_mask-wearing-1632937540784_png_jpg.jpg,train,c,c:mask-wearing-1632937540784_png_jpg,1
c_img467_jpg.jpg,train,c,c:img467_jpg,5
c_helmet9991181_jpg.jpg,train,c,c:helmet9991181_jpg,1
c_packing303_jpg.jpg,val,c,c:packing303_jpg,1
c_p11392_jpg.jpg,test,c,c:p11392_jpg,2
a_000143_jpg.jpg,train,a,a:000143_jpg,3
c_PP02img94_jpg.jpg,train,c,c:PP02img94_jpg,3
a_003338_jpg.jpg,train,a,a:003338_jpg,1
c_packing294_jpg.jpg,train,c,c:packing294_jpg,2
b_image_41_jpg.jpg,val,b,b:image_41_jpg,3
a_000451_jpg.jpg,train,a,a:000451_jpg,2
c_p65621353_jpg.jpg,train,c,c:p65621353_jpg,1
c_15h_img_273_jpg.jpg,val,c,c:15h_img_273_jpg,1
b_ppe_1166_jpg.jpg,train,b,b:ppe_1166_jpg,2
c_helmet999735_jpg.jpg,train,c,c:helmet999735_jpg,1
c_Mask-detector1_mov-44_jpg.jpg,train,c,c:Mask-detector1_mov-44_jpg,1
c_Mask2_mov-37_jpg.jpg,train,c,c:Mask2_mov-37_jpg,1
b_image_1448_jpg.jpg,train,b,b:image_1448_jpg,3
c_packing102_jpg.jpg,train,c,c:packing102_jpg,4
c_PPE_Data_31_jpg.jpg,val,c,c:PPE_Data_31_jpg,2
c_frame2133_jpg.jpg,test,c,c:frame2133_jpg,1
a_001962_jpg.jpg,train,a,a:001962_jpg,8
c_kp194_jpg.jpg,test,c,c:kp194_jpg,1
a_006991_jpg.jpg,train,a,a:006991_jpg,1
a_004977_jpg.jpg,val,a,a:004977_jpg,2
c_nglovpp342_jpg.jpg,train,c,c:nglovpp342_jpg,1
a_002033_jpg.jpg,train,a,a:002033_jpg,1
a_002421_jpg.jpg,test,a,a:002421_jpg,4
a_001054_jpg.jpg,train,a,a:001054_jpg,3
b_images-2022-07-04T013058_jpg.jpg,test,b,b:images-2022-07-04T013058_jpg,3
c_helmet999842_jpg.jpg,train,c,c:helmet999842_jpg,1
c_N5h_img_194_jpg.jpg,train,c,c:N5h_img_194_jpg,2
a_000642_jpg.jpg,val,a,a:000642_jpg,2
a_004308_jpg.jpg,train,a,a:004308_jpg,7
c_packing1911_jpg.jpg,test,c,c:packing1911_jpg,1
c_kp884_jpg.jpg,train,c,c:kp884_jpg,1
a_001996_jpg.jpg,train,a,a:001996_jpg,3
c_kp987_jpg.jpg,train,c,c:kp987_jpg,1
c_IMG_4921-2_mp4-0_jpg.jpg,train,c,c:IMG_4921-2_mp4-0_jpg,1
c_kp774_jpg.jpg,train,c,c:kp774_jpg,1
c_kp1828_jpg.jpg,train,c,c:kp1828_jpg,1
c_PPE_Data_111_jpg.jpg,val,c,c:PPE_Data_111_jpg,2
c_PP02img407_jpg.jpg,test,c,c:PP02img407_jpg,6
a_002935_jpg.jpg,train,a,a:002935_jpg,7
c_helmet9991044_jpg.jpg,val,c,c:helmet9991044_jpg,1
c_kp1445_jpg.jpg,train,c,c:kp1445_jpg,1
c_frame1104_jpg.jpg,train,c,c:frame1104_jpg,0
c_helmet999719_jpg.jpg,test,c,c:helmet999719_jpg,1
c_kp1159_jpg.jpg,test,c,c:kp1159_jpg,1
c_p11377_jpg.jpg,val,c,c:p11377_jpg,1
c_helmet9991209_jpg.jpg,train,c,c:helmet9991209_jpg,1
c_helmet999658_jpg.jpg,train,c,c:helmet999658_jpg,1
c_packing1116_jpg.jpg,val,c,c:packing1116_jpg,1
c_PP02img919_jpg.jpg,train,c,c:PP02img919_jpg,2
c_PPE_Data_121_jpg.jpg,test,c,c:PPE_Data_121_jpg,3
a_004700_jpg.jpg,train,a,a:004700_jpg,1
a_002675_jpg.jpg,train,a,a:002675_jpg,1
a_002271_jpg.jpg,train,a,a:002271_jpg,2
c_PP02img51_jpg.jpg,val,c,c:PP02img51_jpg,6
b_image_621_jpg.jpg,val,b,b:image_621_jpg,3
a_005376_jpg.jpg,test,a,a:005376_jpg,6
c_img320_jpg.jpg,test,c,c:img320_jpg,3
b_image_1349_jpg.jpg,train,b,b:image_1349_jpg,2
c_img398_jpg.jpg,train,c,c:img398_jpg,4
c_PP02img1293_jpg.jpg,train,c,c:PP02img1293_jpg,2
c_MX_img_199_jpg.jpg,val,c,c:MX_img_199_jpg,1
c_packing1385_jpg.jpg,train,c,c:packing1385_jpg,1
c_PP02img527_jpg.jpg,train,c,c:PP02img527_jpg,6
b_ppe_1217_jpg.jpg,val,b,b:ppe_1217_jpg,4
c_PP02img586_jpg.jpg,train,c,c:PP02img586_jpg,6
a_000674_jpg.jpg,train,a,a:000674_jpg,6
b_Video4_20_jpg.jpg,train,b,b:Video4_20_jpg,4
c_frame1385_jpg.jpg,train,c,c:frame1385_jpg,0
c_PPE_Data_184_jpg.jpg,train,c,c:PPE_Data_184_jpg,2
b_00186_jpg.jpg,train,b,b:00186_jpg,3
c_packing640_jpg.jpg,train,c,c:packing640_jpg,2
a_003194_jpg.jpg,train,a,a:003194_jpg,2
b_thumb0945_jpg.jpg,train,b,b:thumb0945_jpg,2
b_image_632_jpg.jpg,val,b,b:image_632_jpg,3
c_img204_jpg.jpg,train,c,c:img204_jpg,4
a_001111_jpg.jpg,train,a,a:001111_jpg,4
a_006769_jpg.jpg,train,a,a:006769_jpg,1
c_helmet999512_jpg.jpg,train,c,c:helmet999512_jpg,1
c_helmet9991068_jpg.jpg,train,c,c:helmet9991068_jpg,1
c_img126_jpg.jpg,train,c,c:img126_jpg,4
c_packing1835_jpg.jpg,train,c,c:packing1835_jpg,2
c_MX_img_19_jpg.jpg,train,c,c:MX_img_19_jpg,1
b_ppe_0366_jpg.jpg,train,b,b:ppe_0366_jpg,9
c_kp1127_jpg.jpg,val,c,c:kp1127_jpg,1
c_PP02img765_jpg.jpg,train,c,c:PP02img765_jpg,4
a_000225_jpg.jpg,train,a,a:000225_jpg,5
c_img27_jpg.jpg,train,c,c:img27_jpg,5
c_kp981_jpg.jpg,train,c,c:kp981_jpg,1
c_fglov17_jpg.jpg,train,c,c:fglov17_jpg,4
c_kp793_jpg.jpg,train,c,c:kp793_jpg,1
c_packing758_jpg.jpg,train,c,c:packing758_jpg,1
c_packing977_jpg.jpg,val,c,c:packing977_jpg,1
c_NX_img_2_jpg.jpg,train,c,c:NX_img_2_jpg,1
a_006069_jpg.jpg,train,a,a:006069_jpg,6
b_image_122_jpg.jpg,train,b,b:image_122_jpg,5
c_packing1474_jpg.jpg,val,c,c:packing1474_jpg,1
c_packing1496_jpg.jpg,train,c,c:packing1496_jpg,2
b_images-2022-07-04T013149_jpg.jpg,train,b,b:images-2022-07-04T013149_jpg,2
c_p11337_jpg.jpg,train,c,c:p11337_jpg,2
a_005930_jpg.jpg,val,a,a:005930_jpg,6
a_006137_jpg.jpg,val,a,a:006137_jpg,2
b_ppe_0491_jpg.jpg,train,b,b:ppe_0491_jpg,2
c_packing1839_jpg.jpg,train,c,c:packing1839_jpg,1
c_nglovpp363_jpg.jpg,train,c,c:nglovpp363_jpg,1
c_PP02img990_jpg.jpg,train,c,c:PP02img990_jpg,1
c_PP02img816_jpg.jpg,train,c,c:PP02img816_jpg,3
b_ppe_1016_jpg.jpg,train,b,b:ppe_1016_jpg,1
c_p113181_jpg.jpg,val,c,c:p113181_jpg,1
c_PP02img339_jpg.jpg,test,c,c:PP02img339_jpg,4
a_001896_jpg.jpg,train,a,a:001896_jpg,4
c_PP02img655_jpg.jpg,train,c,c:PP02img655_jpg,2
c_frame3941_jpg.jpg,train,c,c:frame3941_jpg,3
a_006100_jpg.jpg,test,a,a:006100_jpg,10
c_PP02img757_jpg.jpg,train,c,c:PP02img757_jpg,4
b_image_547_jpg.jpg,val,b,b:image_547_jpg,2
c_kp1928_jpg.jpg,val,c,c:kp1928_jpg,1
a_002023_jpg.jpg,train,a,a:002023_jpg,1
b_ppe_0745_jpg.jpg,train,b,b:ppe_0745_jpg,5
c_packing1542_jpg.jpg,train,c,c:packing1542_jpg,3
c_frame1556_jpg.jpg,train,c,c:frame1556_jpg,1
c_fglov185_jpg.jpg,val,c,c:fglov185_jpg,2
b_image_1605_jpg.jpg,train,b,b:image_1605_jpg,9
c_img99_jpg.jpg,train,c,c:img99_jpg,4
c_helmet9991113_jpg.jpg,test,c,c:helmet9991113_jpg,1
c_helmet999629_jpg.jpg,train,c,c:helmet999629_jpg,1
a_001410_jpg.jpg,train,a,a:001410_jpg,12
c_kp679_jpg.jpg,train,c,c:kp679_jpg,1
c_packing1642_jpg.jpg,test,c,c:packing1642_jpg,2
a_004305_jpg.jpg,train,a,a:004305_jpg,1
a_001113_jpg.jpg,val,a,a:001113_jpg,2
a_004339_jpg.jpg,test,a,a:004339_jpg,4
c_kp1971_jpg.jpg,train,c,c:kp1971_jpg,1
c_NVR-09_Trim_new_Trim-2691_jpg.jpg,val,c,c:NVR-09_Trim_new_Trim-2691_jpg,3
b_image_965_jpg.jpg,val,b,b:image_965_jpg,4
c_goggle8765170_jpg.jpg,test,c,c:goggle8765170_jpg,1
b_00037_jpg.jpg,train,b,b:00037_jpg,1
c_packing1738_jpg.jpg,val,c,c:packing1738_jpg,2
c_nglovpp2145_jpg.jpg,train,c,c:nglovpp2145_jpg,5
a_003661_jpg.jpg,train,a,a:003661_jpg,6
b_Photin0243_jpg.jpg,train,b,b:Photin0243_jpg,1
c_fglov1167_jpg.jpg,val,c,c:fglov1167_jpg,2
c_frame67_jpg.jpg,train,c,c:frame67_jpg,0
c_frame641_jpg.jpg,train,c,c:frame641_jpg,0
a_001131_jpg.jpg,train,a,a:001131_jpg,5
b_ppe_1275_jpg.jpg,train,b,b:ppe_1275_jpg,6
a_003365_jpg.jpg,val,a,a:003365_jpg,2
c_PP02img517_jpg.jpg,train,c,c:PP02img517_jpg,6
c_kp654_jpg.jpg,train,c,c:kp654_jpg,2
a_004869_jpg.jpg,train,a,a:004869_jpg,4
c_MX_img_25_jpg.jpg,val,c,c:MX_img_25_jpg,1
a_002059_jpg.jpg,train,a,a:002059_jpg,1
c_kp1396_jpg.jpg,val,c,c:kp1396_jpg,1
a_004965_jpg.jpg,train,a,a:004965_jpg,1
c_img246_jpg.jpg,train,c,c:img246_jpg,4
c_nglovpp242_jpg.jpg,train,c,c:nglovpp242_jpg,2
a_005401_jpg.jpg,train,a,a:005401_jpg,5
c_kp463_jpg.jpg,train,c,c:kp463_jpg,1
a_005483_jpg.jpg,train,a,a:005483_jpg,6
c_goggle8765137_jpg.jpg,train,c,c:goggle8765137_jpg,4
c_frame2175_jpg.jpg,test,c,c:frame2175_jpg,0
c_PPE_Data_584_jpg.jpg,val,c,c:PPE_Data_584_jpg,2
c_frame3919_jpg.jpg,train,c,c:frame3919_jpg,1
c_mask-wearing-1632933579037_png_jpg.jpg,train,c,c:mask-wearing-1632933579037_png_jpg,2
b_ppe_1026_jpg.jpg,train,b,b:ppe_1026_jpg,23
c_img244_jpg.jpg,train,c,c:img244_jpg,4
c_helmet999702_jpg.jpg,train,c,c:helmet999702_jpg,1
c_packing1208_jpg.jpg,train,c,c:packing1208_jpg,1
c_helmet999807_jpg.jpg,train,c,c:helmet999807_jpg,1
c_packing1529_jpg.jpg,train,c,c:packing1529_jpg,3
c_packing1257_jpg.jpg,train,c,c:packing1257_jpg,2
c_PP02img473_jpg.jpg,val,c,c:PP02img473_jpg,5
a_005662_jpg.jpg,val,a,a:005662_jpg,2
a_006978_jpg.jpg,train,a,a:006978_jpg,1
c_kp825_jpg.jpg,test,c,c:kp825_jpg,1
c_frame1350_jpg.jpg,train,c,c:frame1350_jpg,0
a_001495_jpg.jpg,train,a,a:001495_jpg,1
c_PXL_20210930_152040488_jpg.jpg,train,c,c:PXL_20210930_152040488_jpg,1
b_image_37_jpg.jpg,val,b,b:image_37_jpg,3
c_kp143_jpg.jpg,train,c,c:kp143_jpg,1
c_p11361_jpg.jpg,test,c,c:p11361_jpg,1
c_packing1437_jpg.jpg,train,c,c:packing1437_jpg,2
b_thumb2443_jpg.jpg,test,b,b:thumb2443_jpg,2
a_001317_jpg.jpg,train,a,a:001317_jpg,5
c_packing830_jpg.jpg,train,c,c:packing830_jpg,1
c_kp1586_jpg.jpg,train,c,c:kp1586_jpg,2
c_kp1710_jpg.jpg,train,c,c:kp1710_jpg,1
c_kp1650_jpg.jpg,val,c,c:kp1650_jpg,1
c_PP02img455_jpg.jpg,train,c,c:PP02img455_jpg,6
c_packing1280_jpg.jpg,train,c,c:packing1280_jpg,1
c_frame1113--2-_jpg.jpg,train,c,c:frame1113--2-_jpg,0
c_fglov179_jpg.jpg,train,c,c:fglov179_jpg,4
c_img233_jpg.jpg,train,c,c:img233_jpg,3
c_MX_img_35_jpg.jpg,test,c,c:MX_img_35_jpg,1
c_p65213161_jpg.jpg,train,c,c:p65213161_jpg,1
c_fglov194_jpg.jpg,train,c,c:fglov194_jpg,1
c_kp738_jpg.jpg,train,c,c:kp738_jpg,1
c_kp1258_jpg.jpg,train,c,c:kp1258_jpg,1
c_helmet9991123_jpg.jpg,train,c,c:helmet9991123_jpg,1
a_002884_jpg.jpg,train,a,a:002884_jpg,13
c_Mask2_mov-15_jpg.jpg,test,c,c:Mask2_mov-15_jpg,1
b_ppe_0759_jpg.jpg,train,b,b:ppe_0759_jpg,11
a_000897_jpg.jpg,train,a,a:000897_jpg,11
c_helmet999628_jpg.jpg,train,c,c:helmet999628_jpg,1
c_mask-wearing-1632931988336_png_jpg.jpg,train,c,c:mask-wearing-1632931988336_png_jpg,3
c_p113100_jpg.jpg,test,c,c:p113100_jpg,1
c_packing1792_jpg.jpg,train,c,c:packing1792_jpg,1
c_kp1539_jpg.jpg,train,c,c:kp1539_jpg,2
c_Inside-merge_mov-55_jpg.jpg,train,c,c:Inside-merge_mov-55_jpg,0
c_kp1723_jpg.jpg,train,c,c:kp1723_jpg,1
c_p656213170_jpg.jpg,val,c,c:p656213170_jpg,1
c_kp1407_jpg.jpg,test,c,c:kp1407_jpg,1
b_Video4_4_jpg.jpg,val,b,b:Video4_4_jpg,4
c_packing1514_jpg.jpg,train,c,c:packing1514_jpg,1
c_kp943_jpg.jpg,train,c,c:kp943_jpg,1
c_kp296_jpg.jpg,val,c,c:kp296_jpg,1
a_005570_jpg.jpg,val,a,a:005570_jpg,5
a_001592_jpg.jpg,val,a,a:001592_jpg,2
c_kp1157_jpg.jpg,val,c,c:kp1157_jpg,1
c_frame2145_jpg.jpg,train,c,c:frame2145_jpg,0
a_004081_jpg.jpg,train,a,a:004081_jpg,1
b_sic5242_jpg.jpg,train,b,b:sic5242_jpg,6
c_packing747_jpg.jpg,train,c,c:packing747_jpg,2
a_002998_jpg.jpg,train,a,a:002998_jpg,3
c_PP02img702_jpg.jpg,val,c,c:PP02img702_jpg,3
a_000345_jpg.jpg,train,a,a:000345_jpg,1
c_005391_jpg.jpg,val,c,c:005391_jpg,7
b_Video4_35_jpg.jpg,val,b,b:Video4_35_jpg,6
c_PP02img932_jpg.jpg,train,c,c:PP02img932_jpg,3
c_packing1_jpg.jpg,val,c,c:packing1_jpg,3
c_kp1233_jpg.jpg,train,c,c:kp1233_jpg,1
b_ppe_1318_jpg.jpg,train,b,b:ppe_1318_jpg,2
c_005508_jpg.jpg,train,c,c:005508_jpg,1
c_kp1094_jpg.jpg,train,c,c:kp1094_jpg,3
c_frame142--3-_jpg.jpg,train,c,c:frame142--3-_jpg,2
c_frame3737_jpg.jpg,train,c,c:frame3737_jpg,2
c_PP02img1156_jpg.jpg,val,c,c:PP02img1156_jpg,6
c_frame100--2-_jpg.jpg,val,c,c:frame100--2-_jpg,1
c_packing32_jpg.jpg,train,c,c:packing32_jpg,1
c_p11396_jpg.jpg,train,c,c:p11396_jpg,1
a_003259_jpg.jpg,train,a,a:003259_jpg,5
c_kp1987_jpg.jpg,train,c,c:kp1987_jpg,1
b_image_681_jpg.jpg,val,b,b:image_681_jpg,6
c_helmet999902_jpg.jpg,train,c,c:helmet999902_jpg,1
c_kp1615_jpg.jpg,train,c,c:kp1615_jpg,1
c_PPE_Data_266_jpg.jpg,train,c,c:PPE_Data_266_jpg,2
c_frame779_jpg.jpg,train,c,c:frame779_jpg,3
a_004973_jpg.jpg,val,a,a:004973_jpg,3
c_img294_jpg.jpg,val,c,c:img294_jpg,2
c_kp1988_jpg.jpg,train,c,c:kp1988_jpg,1
a_003725_jpg.jpg,val,a,a:003725_jpg,2
c_kp11_jpg.jpg,train,c,c:kp11_jpg,2
b_ppe_0344_jpg.jpg,train,b,b:ppe_0344_jpg,6
c_kp1467_jpg.jpg,train,c,c:kp1467_jpg,1
c_p11352_jpg.jpg,train,c,c:p11352_jpg,1
c_kp264_jpg.jpg,train,c,c:kp264_jpg,1
c_helmet999594_jpg.jpg,train,c,c:helmet999594_jpg,1
c_packing104_jpg.jpg,train,c,c:packing104_jpg,4
a_005601_jpg.jpg,train,a,a:005601_jpg,4
a_006042_jpg.jpg,train,a,a:006042_jpg,9
c_helmet999785_jpg.jpg,train,c,c:helmet999785_jpg,1
c_download_jpeg_jpg.jpg,val,c,c:download_jpeg_jpg,1
c_kp686_jpg.jpg,train,c,c:kp686_jpg,1
c_kp21_jpg.jpg,train,c,c:kp21_jpg,2
b_image_412_jpg.jpg,test,b,b:image_412_jpg,3
c_PPE_Data_633_jpg.jpg,test,c,c:PPE_Data_633_jpg,2
c_packing539_jpg.jpg,train,c,c:packing539_jpg,1
b_image_1497_jpg.jpg,test,b,b:image_1497_jpg,3
c_PP02img486_jpg.jpg,test,c,c:PP02img486_jpg,6
c_kp909_jpg.jpg,train,c,c:kp909_jpg,1
c_kp1730_jpg.jpg,val,c,c:kp1730_jpg,1
c_goggle8765119_jpg.jpg,train,c,c:goggle8765119_jpg,3
b_ppe_0283_jpg.jpg,test,b,b:ppe_0283_jpg,3
a_003882_jpg.jpg,train,a,a:003882_jpg,2
a_003751_jpg.jpg,train,a,a:003751_jpg,3
c_Mask2_mov-1_jpg.jpg,test,c,c:Mask2_mov-1_jpg,1
b_image_1254_jpg.jpg,test,b,b:image_1254_jpg,2
b_ppe_0257_jpg.jpg,test,b,b:ppe_0257_jpg,3
b_ppe_0400_jpg.jpg,train,b,b:ppe_0400_jpg,2
b_Video2_143_jpg.jpg,val,b,b:Video2_143_jpg,4
c_packing306_jpg.jpg,train,c,c:packing306_jpg,1
c_nglov141_jpg.jpg,train,c,c:nglov141_jpg,2
c_kp1578_jpg.jpg,test,c,c:kp1578_jpg,1
c_packing126_jpg.jpg,train,c,c:packing126_jpg,2
c_005317_jpg.jpg,train,c,c:005317_jpg,5
b_image_1169_jpg.jpg,train,b,b:image_1169_jpg,3
c_PP02img315_jpg.jpg,train,c,c:PP02img315_jpg,1
b_image_658_jpg.jpg,train,b,b:image_658_jpg,6
c_goggle8765198_jpg.jpg,train,c,c:goggle8765198_jpg,4
c_frame96_jpg.jpg,test,c,c:frame96_jpg,2
c_img456_jpg.jpg,train,c,c:img456_jpg,5
b_image_1639_jpg.jpg,train,b,b:image_1639_jpg,1
a_002920_jpg.jpg,train,a,a:002920_jpg,8
a_003607_jpg.jpg,train,a,a:003607_jpg,14
c_kp571_jpg.jpg,train,c,c:kp571_jpg,2
a_004867_jpg.jpg,val,a,a:004867_jpg,4
c_frame266_jpg.jpg,train,c,c:frame266_jpg,1
c_kp1564_jpg.jpg,train,c,c:kp1564_jpg,1
a_004959_jpg.jpg,train,a,a:004959_jpg,9
c_nglovpp352_jpg.jpg,train,c,c:nglovpp352_jpg,2
c_N5h_img_19_jpg.jpg,test,c,c:N5h_img_19_jpg,2
c_frame3783_jpg.jpg,train,c,c:frame3783_jpg,3
c_p113124_jpg.jpg,train,c,c:p113124_jpg,1
c_nglov103_jpg.jpg,train,c,c:nglov103_jpg,4
a_001358_jpg.jpg,train,a,a:001358_jpg,4
c_kp674_jpg.jpg,test,c,c:kp674_jpg,1
c_PP02img85_jpg.jpg,test,c,c:PP02img85_jpg,3
a_000106_jpg.jpg,train,a,a:000106_jpg,1
c_PP02img199_jpg.jpg,val,c,c:PP02img199_jpg,6
a_003782_jpg.jpg,train,a,a:003782_jpg,8
c_PP02img316_jpg.jpg,val,c,c:PP02img316_jpg,3
c_frame3940_jpg.jpg,val,c,c:frame3940_jpg,3
c_img477_jpg.jpg,train,c,c:img477_jpg,4
c_N5h_img_152_jpg.jpg,train,c,c:N5h_img_152_jpg,1
c_frame1068_jpg.jpg,train,c,c:frame1068_jpg,0
c_nglovpp2155_jpg.jpg,val,c,c:nglovpp2155_jpg,5
a_003480_jpg.jpg,train,a,a:003480_jpg,1
c_frame3929_jpg.jpg,train,c,c:frame3929_jpg,1
c_kp1197_jpg.jpg,val,c,c:kp1197_jpg,1
c_helmet999797_jpg.jpg,train,c,c:helmet999797_jpg,1
a_001305_jpg.jpg,test,a,a:001305_jpg,8
c_packing1322_jpg.jpg,train,c,c:packing1322_jpg,2
c_packing1372_jpg.jpg,train,c,c:packing1372_jpg,1
a_003035_jpg.jpg,train,a,a:003035_jpg,2
c_packing150_jpg.jpg,train,c,c:packing150_jpg,2
c_kp30_jpg.jpg,train,c,c:kp30_jpg,2
c_p656213119_jpg.jpg,train,c,c:p656213119_jpg,1
c_N5h_img_148_jpg.jpg,train,c,c:N5h_img_148_jpg,1
a_005995_jpg.jpg,train,a,a:005995_jpg,4
c_packing147_jpg.jpg,train,c,c:packing147_jpg,3
c_frame214--2-_jpg.jpg,train,c,c:frame214--2-_jpg,2
a_005240_jpg.jpg,train,a,a:005240_jpg,5
a_005469_jpg.jpg,train,a,a:005469_jpg,1
c_helmet9991003_jpg.jpg,test,c,c:helmet9991003_jpg,1
a_007056_jpg.jpg,train,a,a:007056_jpg,8
c_PP02img1461_jpg.jpg,train,c,c:PP02img1461_jpg,4
c_p65621357_jpg.jpg,test,c,c:p65621357_jpg,1
c_kp3_jpg.jpg,train,c,c:kp3_jpg,2
c_005413_jpg.jpg,train,c,c:005413_jpg,2
c_kp310_jpg.jpg,train,c,c:kp310_jpg,1
a_003946_jpg.jpg,train,a,a:003946_jpg,9
c_frame2221_jpg.jpg,train,c,c:frame2221_jpg,0
a_004606_jpg.jpg,val,a,a:004606_jpg,1
a_001284_jpg.jpg,train,a,a:001284_jpg,4
c_p651323_jpg.jpg,train,c,c:p651323_jpg,1
c_kp1781_jpg.jpg,train,c,c:kp1781_jpg,1
b_ppe_1191_jpg.jpg,train,b,b:ppe_1191_jpg,3
c_PP02img687_jpg.jpg,train,c,c:PP02img687_jpg,3
c_PPE_Data_629_jpg.jpg,test,c,c:PPE_Data_629_jpg,2
b_image_116_jpg.jpg,test,b,b:image_116_jpg,3
c_packing933_jpg.jpg,train,c,c:packing933_jpg,2
b_ppe_0657_jpg.jpg,val,b,b:ppe_0657_jpg,3
b_ppe_0203_jpg.jpg,test,b,b:ppe_0203_jpg,2
a_000051_jpg.jpg,train,a,a:000051_jpg,4
c_PPE_Data_263_jpg.jpg,train,c,c:PPE_Data_263_jpg,2
c_img488_jpg.jpg,train,c,c:img488_jpg,3
c_mo-justin-mask-NoMask_mov-21_jpg.jpg,train,c,c:mo-justin-mask-NoMask_mov-21_jpg,2
a_002724_jpg.jpg,train,a,a:002724_jpg,2
a_003209_jpg.jpg,train,a,a:003209_jpg,2
c_Mask2_mov-14_jpg.jpg,test,c,c:Mask2_mov-14_jpg,1
c_kp294_jpg.jpg,train,c,c:kp294_jpg,1
b_ppe_0896_jpg.jpg,test,b,b:ppe_0896_jpg,6
c_img449_jpg.jpg,train,c,c:img449_jpg,3
c_kp307_jpg.jpg,train,c,c:kp307_jpg,1
c_PP02img1016_jpg.jpg,train,c,c:PP02img1016_jpg,3
c_frame92_jpg.jpg,train,c,c:frame92_jpg,2
c_PPE_Data_331_jpg.jpg,val,c,c:PPE_Data_331_jpg,1
c_nglov58_jpg.jpg,val,c,c:nglov58_jpg,4
c_fglov152_jpg.jpg,train,c,c:fglov152_jpg,5
b_images-2022-07-04T013200_jpg.jpg,val,b,b:images-2022-07-04T013200_jpg,2
c_Mask2_mov-63_jpg.jpg,val,c,c:Mask2_mov-63_jpg,1
a_006179_jpg.jpg,test,a,a:006179_jpg,10
a_001512_jpg.jpg,test,a,a:001512_jpg,8
b_ppe_0897_jpg.jpg,train,b,b:ppe_0897_jpg,5
b_ppe_0187_jpg.jpg,train,b,b:ppe_0187_jpg,14
c_N5h_img_127_jpg.jpg,train,c,c:N5h_img_127_jpg,1
c_frame272_jpg.jpg,test,c,c:frame272_jpg,1
c_packing836_jpg.jpg,train,c,c:packing836_jpg,2
c_N5h_img_204_jpg.jpg,test,c,c:N5h_img_204_jpg,2
c_frame100--3-_jpg.jpg,train,c,c:frame100--3-_jpg,3
c_PP02img400_jpg.jpg,val,c,c:PP02img400_jpg,4
b_image_182_jpg.jpg,train,b,b:image_182_jpg,3
c_helmet999916_jpg.jpg,train,c,c:helmet999916_jpg,1
c_helmet9991194_jpg.jpg,test,c,c:helmet9991194_jpg,1
c_img459_jpg.jpg,test,c,c:img459_jpg,4
c_helmet999823_jpg.jpg,train,c,c:helmet999823_jpg,1
a_000003_jpg.jpg,train,a,a:000003_jpg,4
c_packing271_jpg.jpg,train,c,c:packing271_jpg,2
c_frame1093_jpg.jpg,train,c,c:frame1093_jpg,1
a_000993_jpg.jpg,train,a,a:000993_jpg,4
b_ppe_0219_jpg.jpg,test,b,b:ppe_0219_jpg,2
c_frame81_jpg.jpg,train,c,c:frame81_jpg,0
a_002891_jpg.jpg,train,a,a:002891_jpg,1
a_000477_jpg.jpg,train,a,a:000477_jpg,6
c_img369_jpg.jpg,val,c,c:img369_jpg,2
c_kp854_jpg.jpg,test,c,c:kp854_jpg,1
c_packing581_jpg.jpg,val,c,c:packing581_jpg,1
a_003348_jpg.jpg,train,a,a:003348_jpg,2
b_image_485_jpg.jpg,val,b,b:image_485_jpg,6
c_MX_img_4_jpg.jpg,val,c,c:MX_img_4_jpg,1
c_PP02img193_jpg.jpg,val,c,c:PP02img193_jpg,2
c_p656213173_jpg.jpg,train,c,c:p656213173_jpg,1
c_MX_img_73_jpg.jpg,train,c,c:MX_img_73_jpg,1
c_frame1563_jpg.jpg,train,c,c:frame1563_jpg,1
c_MX_img_166_jpg.jpg,train,c,c:MX_img_166_jpg,1
c_N5h_img_191_jpg.jpg,val,c,c:N5h_img_191_jpg,2
c_img230_jpg.jpg,train,c,c:img230_jpg,2
a_006512_jpg.jpg,train,a,a:006512_jpg,1
b_ppe_1049_jpg.jpg,val,b,b:ppe_1049_jpg,2
b_ppe_1313_jpg.jpg,train,b,b:ppe_1313_jpg,3
c_frame557_jpg.jpg,train,c,c:frame557_jpg,4
c_PRI_129079114_1580299603_195_jpg.jpg,train,c,c:PRI_129079114_1580299603_195_jpg,2
c_frame1150--2-_jpg.jpg,val,c,c:frame1150--2-_jpg,0
c_PP02img375_jpg.jpg,train,c,c:PP02img375_jpg,5
a_001398_jpg.jpg,train,a,a:001398_jpg,3
b_Video3_123_jpg.jpg,train,b,b:Video3_123_jpg,5
b_image_97_jpg.jpg,train,b,b:image_97_jpg,6
a_006677_jpg.jpg,train,a,a:006677_jpg,1
c_PP02img1375_jpg.jpg,train,c,c:PP02img1375_jpg,3
c_PP02img1402_jpg.jpg,train,c,c:PP02img1402_jpg,3
c_kp966_jpg.jpg,val,c,c:kp966_jpg,1
c_packing1986_jpg.jpg,train,c,c:packing1986_jpg,1
a_004639_jpg.jpg,train,a,a:004639_jpg,5
c_img175_jpg.jpg,train,c,c:img175_jpg,6
c_Nhh_img_151_jpg.jpg,train,c,c:Nhh_img_151_jpg,2
c_PP02img346_jpg.jpg,test,c,c:PP02img346_jpg,3
a_004410_jpg.jpg,train,a,a:004410_jpg,1
c_img157_jpg.jpg,train,c,c:img157_jpg,4
a_000306_jpg.jpg,test,a,a:000306_jpg,4
c_PP02img720_jpg.jpg,train,c,c:PP02img720_jpg,4
c_helmet9991048_jpg.jpg,test,c,c:helmet9991048_jpg,1
c_fglov1196_jpg.jpg,train,c,c:fglov1196_jpg,4
c_nglov182_jpg.jpg,train,c,c:nglov182_jpg,2
b_image_1181_jpg.jpg,test,b,b:image_1181_jpg,3
c_img106_jpg.jpg,train,c,c:img106_jpg,3
c_kp1275_jpg.jpg,train,c,c:kp1275_jpg,1
c_kp1032_jpg.jpg,train,c,c:kp1032_jpg,1
b_ppe_0354_jpg.jpg,train,b,b:ppe_0354_jpg,8
c_PP02img1186_jpg.jpg,val,c,c:PP02img1186_jpg,2
a_006909_jpg.jpg,val,a,a:006909_jpg,9
c_kp49_jpg.jpg,train,c,c:kp49_jpg,1
c_img95_jpg.jpg,train,c,c:img95_jpg,5
c_15h_img_267_jpg.jpg,test,c,c:15h_img_267_jpg,1
c_helmet9991162_jpg.jpg,val,c,c:helmet9991162_jpg,1
c_packing128_jpg.jpg,train,c,c:packing128_jpg,2
c_kp1740_jpg.jpg,val,c,c:kp1740_jpg,1
c_kp1497_jpg.jpg,val,c,c:kp1497_jpg,1
c_PP02img708_jpg.jpg,val,c,c:PP02img708_jpg,4
c_PP02img626_jpg.jpg,train,c,c:PP02img626_jpg,4
b_ppe_0116_jpg.jpg,test,b,b:ppe_0116_jpg,2
c_kp1527_jpg.jpg,train,c,c:kp1527_jpg,2
a_006208_jpg.jpg,train,a,a:006208_jpg,1
c_frame1148_jpg.jpg,train,c,c:frame1148_jpg,1
c_kp438_jpg.jpg,train,c,c:kp438_jpg,1
c_packing504_jpg.jpg,train,c,c:packing504_jpg,1
c_kp824_jpg.jpg,train,c,c:kp824_jpg,1
c_packing1151_jpg.jpg,test,c,c:packing1151_jpg,1
c_PP02img740_jpg.jpg,train,c,c:PP02img740_jpg,3
c_kp1309_jpg.jpg,test,c,c:kp1309_jpg,1
c_packing624_jpg.jpg,train,c,c:packing624_jpg,2
c_packing1332_jpg.jpg,train,c,c:packing1332_jpg,1
b_image_421_jpg.jpg,val,b,b:image_421_jpg,3
c_img3_jpg.jpg,train,c,c:img3_jpg,4
c_frame1353_jpg.jpg,val,c,c:frame1353_jpg,0
c_packing892_jpg.jpg,val,c,c:packing892_jpg,1
c_packing330_jpg.jpg,val,c,c:packing330_jpg,1
c_IMG_4921-2_mp4-99_jpg.jpg,val,c,c:IMG_4921-2_mp4-99_jpg,1
b_image_982_jpg.jpg,train,b,b:image_982_jpg,1
a_003184_jpg.jpg,train,a,a:003184_jpg,5
c_PP02img1320_jpg.jpg,val,c,c:PP02img1320_jpg,8
c_PP02img1212_jpg.jpg,test,c,c:PP02img1212_jpg,2
a_003674_jpg.jpg,val,a,a:003674_jpg,4
c_kp510_jpg.jpg,val,c,c:kp510_jpg,1
c_kp1424_jpg.jpg,train,c,c:kp1424_jpg,1
a_000811_jpg.jpg,val,a,a:000811_jpg,2
c_packing1594_jpg.jpg,train,c,c:packing1594_jpg,2
b_ppe_0758_jpg.jpg,train,b,b:ppe_0758_jpg,8
c_PP02img269_jpg.jpg,train,c,c:PP02img269_jpg,6
b_r114_jpg.jpg,train,b,b:r114_jpg,2
c_MX_img_158_jpg.jpg,val,c,c:MX_img_158_jpg,1
a_005068_jpg.jpg,train,a,a:005068_jpg,1
c_N5h_img_183_jpg.jpg,train,c,c:N5h_img_183_jpg,1
c_kp131_jpg.jpg,val,c,c:kp131_jpg,2
c_frame1324_jpg.jpg,train,c,c:frame1324_jpg,2
c_packing1789_jpg.jpg,train,c,c:packing1789_jpg,1
c_frame471_jpg.jpg,train,c,c:frame471_jpg,2
b_ppe_1038_jpg.jpg,train,b,b:ppe_1038_jpg,2
a_002932_jpg.jpg,train,a,a:002932_jpg,6
a_004485_jpg.jpg,train,a,a:004485_jpg,5
a_001649_jpg.jpg,train,a,a:001649_jpg,1
c_kp496_jpg.jpg,train,c,c:kp496_jpg,1
c_packing1263_jpg.jpg,train,c,c:packing1263_jpg,2
a_003723_jpg.jpg,train,a,a:003723_jpg,2
a_003188_jpg.jpg,train,a,a:003188_jpg,8
a_004683_jpg.jpg,train,a,a:004683_jpg,2
c_img270_jpg.jpg,val,c,c:img270_jpg,3
c_005375_jpg.jpg,train,c,c:005375_jpg,1
c_PP02img1112_jpg.jpg,train,c,c:PP02img1112_jpg,2
c_kp1529_jpg.jpg,train,c,c:kp1529_jpg,2
b_image_1314_jpg.jpg,train,b,b:image_1314_jpg,1
b_Video1_3_jpg.jpg,train,b,b:Video1_3_jpg,4
c_packing84_jpg.jpg,val,c,c:packing84_jpg,1
b_ppe_0670_jpg.jpg,train,b,b:ppe_0670_jpg,1
c_PP02img1065_jpg.jpg,train,c,c:PP02img1065_jpg,3
c_PP02img1263_jpg.jpg,train,c,c:PP02img1263_jpg,4
a_005112_jpg.jpg,train,a,a:005112_jpg,1
c_p65213176_jpg.jpg,train,c,c:p65213176_jpg,1
b_ppe_1157_jpg.jpg,train,b,b:ppe_1157_jpg,4
a_002588_jpg.jpg,train,a,a:002588_jpg,3
c_kp616_jpg.jpg,train,c,c:kp616_jpg,2
b_Video1_11_jpg.jpg,train,b,b:Video1_11_jpg,6
c_helmet999524_jpg.jpg,train,c,c:helmet999524_jpg,2
c_IMG_4921-2_mp4-27_jpg.jpg,train,c,c:IMG_4921-2_mp4-27_jpg,1
b_ppe_0730_jpg.jpg,train,b,b:ppe_0730_jpg,4
b_image_882_jpg.jpg,train,b,b:image_882_jpg,9
c_PPE_Data_241_jpg.jpg,train,c,c:PPE_Data_241_jpg,1
c_img237_jpg.jpg,train,c,c:img237_jpg,6
c_kp1025_jpg.jpg,test,c,c:kp1025_jpg,1
c_NVR-09_Trim_3-628_jpg.jpg,train,c,c:NVR-09_Trim_3-628_jpg,0
a_000249_jpg.jpg,train,a,a:000249_jpg,3
a_001288_jpg.jpg,train,a,a:001288_jpg,1
c_NVR-09_Trim_3-593_jpg.jpg,train,c,c:NVR-09_Trim_3-593_jpg,0
a_002646_jpg.jpg,val,a,a:002646_jpg,15
c_NVR-09_Trim_new_Trim-1773_jpg.jpg,train,c,c:NVR-09_Trim_new_Trim-1773_jpg,0
c_kp718_jpg.jpg,train,c,c:kp718_jpg,1
c_005480_jpg.jpg,train,c,c:005480_jpg,1
c_nglovpp2170_jpg.jpg,train,c,c:nglovpp2170_jpg,4
c_kp1286_jpg.jpg,train,c,c:kp1286_jpg,1
b_ppe_0799_jpg.jpg,train,b,b:ppe_0799_jpg,3
b_image_1105_jpg.jpg,val,b,b:image_1105_jpg,3
a_001090_jpg.jpg,train,a,a:001090_jpg,9
a_004892_jpg.jpg,train,a,a:004892_jpg,8
a_002803_jpg.jpg,train,a,a:002803_jpg,2
c_helmet999820_jpg.jpg,train,c,c:helmet999820_jpg,1
c_N5h_img_7_jpg.jpg,train,c,c:N5h_img_7_jpg,1
c_packing1303_jpg.jpg,train,c,c:packing1303_jpg,2
b_image_1340_jpg.jpg,train,b,b:image_1340_jpg,6
c_packing274_jpg.jpg,train,c,c:packing274_jpg,3
a_006396_jpg.jpg,train,a,a:006396_jpg,2
c_img172_jpg.jpg,train,c,c:img172_jpg,6
b_00107_jpg.jpg,test,b,b:00107_jpg,4
c_packing1498_jpg.jpg,train,c,c:packing1498_jpg,1
c_kp433_jpg.jpg,train,c,c:kp433_jpg,1
c_fglov193_jpg.jpg,train,c,c:fglov193_jpg,1
a_002071_jpg.jpg,train,a,a:002071_jpg,3
c_PP02img474_jpg.jpg,val,c,c:PP02img474_jpg,6
c_nglovpp3187_jpg.jpg,train,c,c:nglovpp3187_jpg,1
c_nglovpp2109_jpg.jpg,train,c,c:nglovpp2109_jpg,2
a_004182_jpg.jpg,test,a,a:004182_jpg,2
c_PP02img1455_jpg.jpg,train,c,c:PP02img1455_jpg,4
c_kp1133_jpg.jpg,test,c,c:kp1133_jpg,1
c_kp1284_jpg.jpg,train,c,c:kp1284_jpg,1
a_003118_jpg.jpg,train,a,a:003118_jpg,1
a_002467_jpg.jpg,train,a,a:002467_jpg,6
c_kp1184_jpg.jpg,train,c,c:kp1184_jpg,1
a_000340_jpg.jpg,train,a,a:000340_jpg,4
a_000065_jpg.jpg,train,a,a:000065_jpg,3
a_006495_jpg.jpg,test,a,a:006495_jpg,5
b_image_967_jpg.jpg,val,b,b:image_967_jpg,3
c_PP02img1162_jpg.jpg,val,c,c:PP02img1162_jpg,4
c_kp1496_jpg.jpg,train,c,c:kp1496_jpg,1
a_005784_jpg.jpg,val,a,a:005784_jpg,2
c_p65213132_jpg.jpg,train,c,c:p65213132_jpg,1
c_PPE_Data_642_jpg.jpg,val,c,c:PPE_Data_642_jpg,2
a_001089_jpg.jpg,train,a,a:001089_jpg,1
a_004508_jpg.jpg,test,a,a:004508_jpg,3
c_PP02img505_jpg.jpg,train,c,c:PP02img505_jpg,5
b_image_574_jpg.jpg,val,b,b:image_574_jpg,3
c_packing1707_jpg.jpg,train,c,c:packing1707_jpg,1
b_ppe_0742_jpg.jpg,train,b,b:ppe_0742_jpg,6
a_005624_jpg.jpg,train,a,a:005624_jpg,8
c_PP02img709_jpg.jpg,val,c,c:PP02img709_jpg,4
c_packing506_jpg.jpg,train,c,c:packing506_jpg,1
c_nglovpp296_jpg.jpg,train,c,c:nglovpp296_jpg,3
a_005566_jpg.jpg,val,a,a:005566_jpg,2
c_packing1298_jpg.jpg,train,c,c:packing1298_jpg,2
a_005537_jpg.jpg,train,a,a:005537_jpg,2
c_PP02img176_jpg.jpg,train,c,c:PP02img176_jpg,4
a_002991_jpg.jpg,val,a,a:002991_jpg,2
c_p11310_jpg.jpg,train,c,c:p11310_jpg,2
c_MX_img_195_jpg.jpg,test,c,c:MX_img_195_jpg,1
c_PP02img597_jpg.jpg,train,c,c:PP02img597_jpg,6
a_003324_jpg.jpg,train,a,a:003324_jpg,7
c_Nhh_img_127_jpg.jpg,train,c,c:Nhh_img_127_jpg,1
c_kp344_jpg.jpg,train,c,c:kp344_jpg,1
c_PP02img46_jpg.jpg,train,c,c:PP02img46_jpg,5
a_002959_jpg.jpg,train,a,a:002959_jpg,3
c_005321_jpg.jpg,train,c,c:005321_jpg,2
a_003858_jpg.jpg,train,a,a:003858_jpg,1
c_packing196_jpg.jpg,train,c,c:packing196_jpg,1
c_PP02img229_jpg.jpg,test,c,c:PP02img229_jpg,4
c_helmet999556_jpg.jpg,train,c,c:helmet999556_jpg,1
b_Video1_209_jpg.jpg,train,b,b:Video1_209_jpg,6
c_frame1255_jpg.jpg,train,c,c:frame1255_jpg,0
c_kp100_jpg.jpg,test,c,c:kp100_jpg,1
c_packing130_jpg.jpg,train,c,c:packing130_jpg,3
c_img94_jpg.jpg,train,c,c:img94_jpg,5
c_packing621_jpg.jpg,train,c,c:packing621_jpg,2
c_PP02img204_jpg.jpg,train,c,c:PP02img204_jpg,4
c_packing7_jpg.jpg,val,c,c:packing7_jpg,3
c_helmet999737_jpg.jpg,train,c,c:helmet999737_jpg,1
c_frame1375_jpg.jpg,val,c,c:frame1375_jpg,0
c_kp1634_jpg.jpg,train,c,c:kp1634_jpg,1
c_packing687_jpg.jpg,test,c,c:packing687_jpg,1
a_004287_jpg.jpg,val,a,a:004287_jpg,2
c_kp1767_jpg.jpg,train,c,c:kp1767_jpg,1
c_img432_jpg.jpg,train,c,c:img432_jpg,5
a_007014_jpg.jpg,train,a,a:007014_jpg,1
c_PPE_Data_616_jpg.jpg,test,c,c:PPE_Data_616_jpg,4
a_003489_jpg.jpg,train,a,a:003489_jpg,1
c_img283_jpg.jpg,train,c,c:img283_jpg,4
c_MX_img_169_jpg.jpg,train,c,c:MX_img_169_jpg,1
c_packing1250_jpg.jpg,val,c,c:packing1250_jpg,1
a_003272_jpg.jpg,test,a,a:003272_jpg,9
c_kp1525_jpg.jpg,train,c,c:kp1525_jpg,2
a_001351_jpg.jpg,train,a,a:001351_jpg,1
a_000528_jpg.jpg,train,a,a:000528_jpg,12
c_img377_jpg.jpg,train,c,c:img377_jpg,3
c_packing1105_jpg.jpg,train,c,c:packing1105_jpg,1
c_img9_jpg.jpg,train,c,c:img9_jpg,6
a_001343_jpg.jpg,train,a,a:001343_jpg,1
c_packing635_jpg.jpg,test,c,c:packing635_jpg,1
a_001359_jpg.jpg,train,a,a:001359_jpg,1
c_helmet999574_jpg.jpg,test,c,c:helmet999574_jpg,1
c_PP02img949_jpg.jpg,train,c,c:PP02img949_jpg,2
c_nglovpp2140_jpg.jpg,train,c,c:nglovpp2140_jpg,3
b_00100_jpg.jpg,train,b,b:00100_jpg,4
c_helmet999981_jpg.jpg,train,c,c:helmet999981_jpg,1
b_ppe_1225_jpg.jpg,val,b,b:ppe_1225_jpg,4
a_001040_jpg.jpg,val,a,a:001040_jpg,6
c_p11376_jpg.jpg,train,c,c:p11376_jpg,1
c_kp1353_jpg.jpg,train,c,c:kp1353_jpg,1
c_packing1842_jpg.jpg,train,c,c:packing1842_jpg,1
b_ppe_0992_jpg.jpg,train,b,b:ppe_0992_jpg,13
c_packing725_jpg.jpg,train,c,c:packing725_jpg,1
a_004742_jpg.jpg,train,a,a:004742_jpg,1
c_PP02img325_jpg.jpg,train,c,c:PP02img325_jpg,4
c_frame430_jpg.jpg,train,c,c:frame430_jpg,2
c_005335_jpg.jpg,train,c,c:005335_jpg,1
c_kp637_jpg.jpg,train,c,c:kp637_jpg,2
a_005873_jpg.jpg,val,a,a:005873_jpg,3
a_003689_jpg.jpg,val,a,a:003689_jpg,6
c_kp509_jpg.jpg,train,c,c:kp509_jpg,1
a_006215_jpg.jpg,train,a,a:006215_jpg,7
c_packing345_jpg.jpg,train,c,c:packing345_jpg,1
a_000504_jpg.jpg,train,a,a:000504_jpg,1
c_p656213162_jpg.jpg,train,c,c:p656213162_jpg,1
a_004625_jpg.jpg,train,a,a:004625_jpg,1
a_005266_jpg.jpg,train,a,a:005266_jpg,4
c_packing978_jpg.jpg,train,c,c:packing978_jpg,2
b_ppe_0771_jpg.jpg,train,b,b:ppe_0771_jpg,14
c_PP02img1364_jpg.jpg,train,c,c:PP02img1364_jpg,5
b_ppe_0252_jpg.jpg,train,b,b:ppe_0252_jpg,2
a_003762_jpg.jpg,train,a,a:003762_jpg,2
c_kp1470_jpg.jpg,val,c,c:kp1470_jpg,1
c_p656213167_jpg.jpg,train,c,c:p656213167_jpg,2
c_packing1271_jpg.jpg,train,c,c:packing1271_jpg,1
c_PP02img72_jpg.jpg,test,c,c:PP02img72_jpg,4
c_frame748_jpg.jpg,val,c,c:frame748_jpg,1
c_NVR-09_Trim_new_Trim-0196_jpg.jpg,test,c,c:NVR-09_Trim_new_Trim-0196_jpg,0
c_PP02img1285_jpg.jpg,train,c,c:PP02img1285_jpg,4
c_N5h_img_121_jpg.jpg,train,c,c:N5h_img_121_jpg,1
b_image_1120_jpg.jpg,val,b,b:image_1120_jpg,6
b_image_1446_jpg.jpg,train,b,b:image_1446_jpg,2
c_frame127_jpg.jpg,val,c,c:frame127_jpg,2
c_nglovpp327_jpg.jpg,train,c,c:nglovpp327_jpg,2
a_004689_jpg.jpg,val,a,a:004689_jpg,1
b_image_211_jpg.jpg,train,b,b:image_211_jpg,4
c_frame3926_jpg.jpg,train,c,c:frame3926_jpg,1
c_PP02img297_jpg.jpg,train,c,c:PP02img297_jpg,3
c_img372_jpg.jpg,test,c,c:img372_jpg,2
a_002892_jpg.jpg,train,a,a:002892_jpg,3
a_003617_jpg.jpg,train,a,a:003617_jpg,9
b_image_354_jpg.jpg,train,b,b:image_354_jpg,2
b_ppe_0310_jpg.jpg,test,b,b:ppe_0310_jpg,2
c_kp1598_jpg.jpg,train,c,c:kp1598_jpg,1
a_006272_jpg.jpg,train,a,a:006272_jpg,3
a_006915_jpg.jpg,train,a,a:006915_jpg,3
c_kp628_jpg.jpg,val,c,c:kp628_jpg,2
c_helmet999653_jpg.jpg,train,c,c:helmet999653_jpg,1
a_000101_jpg.jpg,train,a,a:000101_jpg,2
c_PP02img1272_jpg.jpg,test,c,c:PP02img1272_jpg,2
a_000479_jpg.jpg,val,a,a:000479_jpg,2
a_005313_jpg.jpg,train,a,a:005313_jpg,1
c_kp1521_jpg.jpg,train,c,c:kp1521_jpg,1
c_mask-wearing-1632937822919_png_jpg.jpg,train,c,c:mask-wearing-1632937822919_png_jpg,1
b_image_672_jpg.jpg,test,b,b:image_672_jpg,3
c_img73_jpg.jpg,train,c,c:img73_jpg,5
c_PPE_Data_232_jpg.jpg,train,c,c:PPE_Data_232_jpg,2
c_kp575_jpg.jpg,val,c,c:kp575_jpg,2
c_packing177_jpg.jpg,val,c,c:packing177_jpg,2
c_PP02img930_jpg.jpg,train,c,c:PP02img930_jpg,2
a_001052_jpg.jpg,train,a,a:001052_jpg,5
a_000112_jpg.jpg,train,a,a:000112_jpg,2
b_Video3_230_jpg.jpg,test,b,b:Video3_230_jpg,4
c_frame2211_jpg.jpg,train,c,c:frame2211_jpg,0
c_0200b38c89b16c37c5de8e247bb00c2f_jpg.jpg,test,c,c:0200b38c89b16c37c5de8e247bb00c2f_jpg,3
c_packing1728_jpg.jpg,test,c,c:packing1728_jpg,1
c_packing719_jpg.jpg,val,c,c:packing719_jpg,1
c_helmet999803_jpg.jpg,val,c,c:helmet999803_jpg,1
c_15h_img_294_jpg.jpg,val,c,c:15h_img_294_jpg,1
c_IMG_4935-HEIC_jpg.jpg,train,c,c:IMG_4935-HEIC_jpg,1
a_003636_jpg.jpg,train,a,a:003636_jpg,6
a_002445_jpg.jpg,train,a,a:002445_jpg,4
c_nglovpp3194_jpg.jpg,train,c,c:nglovpp3194_jpg,2
c_nglov168_jpg.jpg,test,c,c:nglov168_jpg,4
c_p113118_jpg.jpg,train,c,c:p113118_jpg,1
c_frame2419_jpg.jpg,test,c,c:frame2419_jpg,0
a_004454_jpg.jpg,val,a,a:004454_jpg,2
c_nglov187_jpg.jpg,train,c,c:nglov187_jpg,3
c_frame239_jpg.jpg,train,c,c:frame239_jpg,1
c_frame1110_jpg.jpg,train,c,c:frame1110_jpg,0
c_packing282_jpg.jpg,train,c,c:packing282_jpg,2
c_nglov117_jpg.jpg,val,c,c:nglov117_jpg,4
a_005823_jpg.jpg,train,a,a:005823_jpg,1
c_img247_jpg.jpg,train,c,c:img247_jpg,4
c_packing1624_jpg.jpg,train,c,c:packing1624_jpg,2
a_000113_jpg.jpg,train,a,a:000113_jpg,4
a_001633_jpg.jpg,train,a,a:001633_jpg,1
c_helmet999829_jpg.jpg,train,c,c:helmet999829_jpg,1
c_MX_img_176_jpg.jpg,test,c,c:MX_img_176_jpg,1
a_004951_jpg.jpg,train,a,a:004951_jpg,9
c_helmet999751_jpg.jpg,train,c,c:helmet999751_jpg,1
c_frame464_jpg.jpg,train,c,c:frame464_jpg,0
c_PP02img130_jpg.jpg,test,c,c:PP02img130_jpg,5
a_002224_jpg.jpg,test,a,a:002224_jpg,7
c_PP02img536_jpg.jpg,val,c,c:PP02img536_jpg,7
a_005042_jpg.jpg,train,a,a:005042_jpg,1
c_kp290_jpg.jpg,train,c,c:kp290_jpg,1
b_image_49_jpg.jpg,test,b,b:image_49_jpg,3
a_004019_jpg.jpg,val,a,a:004019_jpg,2
c_MX_img_200_jpg.jpg,test,c,c:MX_img_200_jpg,1
c_frame1335_jpg.jpg,train,c,c:frame1335_jpg,2
b_image_502_jpg.jpg,train,b,b:image_502_jpg,3
b_ppe_0250_jpg.jpg,train,b,b:ppe_0250_jpg,3
a_005585_jpg.jpg,train,a,a:005585_jpg,10
a_003863_jpg.jpg,train,a,a:003863_jpg,1
c_frame479_jpg.jpg,train,c,c:frame479_jpg,0
a_001501_jpg.jpg,train,a,a:001501_jpg,1
b_ppe_0346_jpg.jpg,train,b,b:ppe_0346_jpg,4
c_helmet9991064_jpg.jpg,test,c,c:helmet9991064_jpg,1
c_packing21_jpg.jpg,train,c,c:packing21_jpg,2
b_00052_jpg.jpg,val,b,b:00052_jpg,1
c_packing1864_jpg.jpg,train,c,c:packing1864_jpg,1
a_003384_jpg.jpg,train,a,a:003384_jpg,2
c_N5h_img_4_jpg.jpg,train,c,c:N5h_img_4_jpg,2
a_005429_jpg.jpg,test,a,a:005429_jpg,9
c_helmet9991149_jpg.jpg,val,c,c:helmet9991149_jpg,1
a_001978_jpg.jpg,train,a,a:001978_jpg,5
c_helmet999504_jpg.jpg,train,c,c:helmet999504_jpg,2
c_frame2870_jpg.jpg,test,c,c:frame2870_jpg,4
c_frame3753_jpg.jpg,test,c,c:frame3753_jpg,3
c_helmet999826_jpg.jpg,train,c,c:helmet999826_jpg,1
c_PP02img657_jpg.jpg,train,c,c:PP02img657_jpg,2
c_Nhh_img_179_jpg.jpg,train,c,c:Nhh_img_179_jpg,1
c_packing1714_jpg.jpg,val,c,c:packing1714_jpg,2
c_N5h_img_6_jpg.jpg,train,c,c:N5h_img_6_jpg,2
b_image_124_jpg.jpg,train,b,b:image_124_jpg,3
c_frame3795_jpg.jpg,test,c,c:frame3795_jpg,3
b_Aitin0150_jpg.jpg,test,b,b:Aitin0150_jpg,2
c_frame2357_jpg.jpg,val,c,c:frame2357_jpg,0
b_image_9_jpg.jpg,train,b,b:image_9_jpg,6
c_p113176_jpg.jpg,val,c,c:p113176_jpg,1
c_005355_jpg.jpg,train,c,c:005355_jpg,6
b_image_227-1-_jpg.jpg,train,b,b:image_227-1-_jpg,4
c_kp834_jpg.jpg,train,c,c:kp834_jpg,1
a_006191_jpg.jpg,train,a,a:006191_jpg,2
b_ppe_0662_jpg.jpg,train,b,b:ppe_0662_jpg,2
c_packing186_jpg.jpg,train,c,c:packing186_jpg,3
c_packing783_jpg.jpg,train,c,c:packing783_jpg,1
c_img390_jpg.jpg,val,c,c:img390_jpg,4
b_ppe_0028_jpg.jpg,train,b,b:ppe_0028_jpg,6
c_PP02img539_jpg.jpg,val,c,c:PP02img539_jpg,8
c_IMG_4921-2_mp4-79_jpg.jpg,test,c,c:IMG_4921-2_mp4-79_jpg,1
c_nglov153_jpg.jpg,val,c,c:nglov153_jpg,3
c_fglov130_jpg.jpg,train,c,c:fglov130_jpg,3
c_Nhh_img_140_jpg.jpg,train,c,c:Nhh_img_140_jpg,1
c_packing1181_jpg.jpg,train,c,c:packing1181_jpg,1
c_packing795_jpg.jpg,test,c,c:packing795_jpg,3
a_003598_jpg.jpg,train,a,a:003598_jpg,1
c_Nhh_img_185_jpg.jpg,train,c,c:Nhh_img_185_jpg,1
c_N5h_img_184_jpg.jpg,train,c,c:N5h_img_184_jpg,1
b_image_1241_jpg.jpg,train,b,b:image_1241_jpg,3
a_005064_jpg.jpg,train,a,a:005064_jpg,2
c_frame1231_jpg.jpg,train,c,c:frame1231_jpg,0
c_Nhh_img_180_jpg.jpg,train,c,c:Nhh_img_180_jpg,1
a_004773_jpg.jpg,train,a,a:004773_jpg,11
b_image_155_jpg.jpg,val,b,b:image_155_jpg,4
c_kp876_jpg.jpg,val,c,c:kp876_jpg,1
b_ppe_0756_jpg.jpg,train,b,b:ppe_0756_jpg,4
c_kp1191_jpg.jpg,val,c,c:kp1191_jpg,1
c_PP02img1064_jpg.jpg,val,c,c:PP02img1064_jpg,2
c_kp160_jpg.jpg,train,c,c:kp160_jpg,1
c_helmet999937_jpg.jpg,train,c,c:helmet999937_jpg,1
c_PP02img947_jpg.jpg,train,c,c:PP02img947_jpg,2
c_packing1859_jpg.jpg,test,c,c:packing1859_jpg,1
c_005436_jpg.jpg,train,c,c:005436_jpg,1
c_packing1768_jpg.jpg,train,c,c:packing1768_jpg,1
c_kp498_jpg.jpg,val,c,c:kp498_jpg,1
b_ppe_0267_jpg.jpg,test,b,b:ppe_0267_jpg,4
a_005298_jpg.jpg,train,a,a:005298_jpg,8
c_packing1299_jpg.jpg,train,c,c:packing1299_jpg,2
c_kp1936_jpg.jpg,test,c,c:kp1936_jpg,1
c_frame3742_jpg.jpg,val,c,c:frame3742_jpg,2
a_000976_jpg.jpg,train,a,a:000976_jpg,4
c_kp684_jpg.jpg,train,c,c:kp684_jpg,1
b_image_283_jpg.jpg,train,b,b:image_283_jpg,6
b_ppe_1179_jpg.jpg,val,b,b:ppe_1179_jpg,2
c_005314_jpg.jpg,val,c,c:005314_jpg,2
b_AightOne0029_jpg.jpg,val,b,b:AightOne0029_jpg,1
b_image_1323_jpg.jpg,train,b,b:image_1323_jpg,6
c_nglovpp2119_jpg.jpg,train,c,c:nglovpp2119_jpg,4
c_img407_jpg.jpg,train,c,c:img407_jpg,6
a_000700_jpg.jpg,test,a,a:000700_jpg,3
c_kp394_jpg.jpg,train,c,c:kp394_jpg,1
c_PP02img688_jpg.jpg,train,c,c:PP02img688_jpg,2
c_kp219_jpg.jpg,test,c,c:kp219_jpg,1
c_packing1544_jpg.jpg,train,c,c:packing1544_jpg,3
c_img65_jpg.jpg,train,c,c:img65_jpg,7
b_ppe_1128_jpg.jpg,val,b,b:ppe_1128_jpg,2
c_packing701_jpg.jpg,train,c,c:packing701_jpg,2
c_frame1360_jpg.jpg,train,c,c:frame1360_jpg,0
c_r1000019q669394n9qp_jpg.jpg,val,c,c:r1000019q669394n9qp_jpg,1
a_001595_jpg.jpg,train,a,a:001595_jpg,1
a_006662_jpg.jpg,train,a,a:006662_jpg,1
c_0_10725_jpg.jpg,train,c,c:0_10725_jpg,4
c_PP02img593_jpg.jpg,train,c,c:PP02img593_jpg,6
a_004204_jpg.jpg,train,a,a:004204_jpg,7
a_005265_jpg.jpg,train,a,a:005265_jpg,2
b_image_148_jpg.jpg,train,b,b:image_148_jpg,2
c_img31_jpg.jpg,train,c,c:img31_jpg,4
c_kp2000_jpg.jpg,test,c,c:kp2000_jpg,1
c_img422_jpg.jpg,val,c,c:img422_jpg,2
c_packing151_jpg.jpg,val,c,c:packing151_jpg,2
b_Video2_48_jpg.jpg,train,b,b:Video2_48_jpg,4
b_image_778_jpg.jpg,train,b,b:image_778_jpg,3
c_helmet999986_jpg.jpg,train,c,c:helmet999986_jpg,1
b_Video2_3_jpg.jpg,train,b,b:Video2_3_jpg,4
c_PP02img446_jpg.jpg,train,c,c:PP02img446_jpg,7
a_001785_jpg.jpg,train,a,a:001785_jpg,1
c_NVR-09_Trim_new_Trim-1532_jpg.jpg,train,c,c:NVR-09_Trim_new_Trim-1532_jpg,0
a_003050_jpg.jpg,train,a,a:003050_jpg,1
c_PP02img848_jpg.jpg,train,c,c:PP02img848_jpg,2
c_kp1948_jpg.jpg,train,c,c:kp1948_jpg,1
b_Video4_16_jpg.jpg,val,b,b:Video4_16_jpg,4
c_goggle876573_jpg.jpg,train,c,c:goggle876573_jpg,3
c_PXL_20210930_152058291_jpg.jpg,train,c,c:PXL_20210930_152058291_jpg,1
c_Nhh_img_65_jpg.jpg,train,c,c:Nhh_img_65_jpg,1
c_fglov181_jpg.jpg,train,c,c:fglov181_jpg,3
b_ppe_1205_jpg.jpg,train,b,b:ppe_1205_jpg,1
c_kp1008_jpg.jpg,train,c,c:kp1008_jpg,1
c_PP02img467_jpg.jpg,train,c,c:PP02img467_jpg,6
a_000180_jpg.jpg,train,a,a:000180_jpg,5
a_002880_jpg.jpg,val,a,a:002880_jpg,2
c_frame3769_jpg.jpg,train,c,c:frame3769_jpg,3
b_ppe_0297_jpg.jpg,train,b,b:ppe_0297_jpg,3
c_helmet999582_jpg.jpg,test,c,c:helmet999582_jpg,1
c_PP02img656_jpg.jpg,train,c,c:PP02img656_jpg,2
c_kp1296_jpg.jpg,val,c,c:kp1296_jpg,1
b_image_1668_jpg.jpg,test,b,b:image_1668_jpg,4
c_NX_img_14_jpg.jpg,test,c,c:NX_img_14_jpg,1
a_006062_jpg.jpg,train,a,a:006062_jpg,7
a_006996_jpg.jpg,train,a,a:006996_jpg,2
c_PPE_Data_210_jpg.jpg,train,c,c:PPE_Data_210_jpg,2
b_ppe_0465_jpg.jpg,train,b,b:ppe_0465_jpg,2
c_PP02img1403_jpg.jpg,train,c,c:PP02img1403_jpg,4
c_005421_jpg.jpg,train,c,c:005421_jpg,2
b_Video2_184_jpg.jpg,train,b,b:Video2_184_jpg,4
c_img136_jpg.jpg,test,c,c:img136_jpg,2
c_kp1965_jpg.jpg,test,c,c:kp1965_jpg,1
c_PP02img770_jpg.jpg,test,c,c:PP02img770_jpg,5
b_image_196_jpg.jpg,test,b,b:image_196_jpg,5
c_packing1010_jpg.jpg,val,c,c:packing1010_jpg,1
c_goggle876559_jpg.jpg,test,c,c:goggle876559_jpg,3
c_PPE_Data_327_jpg.jpg,train,c,c:PPE_Data_327_jpg,2
a_006204_jpg.jpg,train,a,a:006204_jpg,1
c_packing756_jpg.jpg,train,c,c:packing756_jpg,2
c_PP02img49_jpg.jpg,test,c,c:PP02img49_jpg,4
c_frame984_jpg.jpg,val,c,c:frame984_jpg,1
c_kp280_jpg.jpg,train,c,c:kp280_jpg,1
c_packing1168_jpg.jpg,val,c,c:packing1168_jpg,1
a_003714_jpg.jpg,train,a,a:003714_jpg,4
c_PP02img1034_jpg.jpg,train,c,c:PP02img1034_jpg,4
a_000227_jpg.jpg,train,a,a:000227_jpg,1
c_kp1389_jpg.jpg,val,c,c:kp1389_jpg,1
c_nglov60_jpg.jpg,train,c,c:nglov60_jpg,1
c_nglovpp328_jpg.jpg,train,c,c:nglovpp328_jpg,2
c_packing1521_jpg.jpg,train,c,c:packing1521_jpg,1
c_helmet999774_jpg.jpg,train,c,c:helmet999774_jpg,1
b_image_542_jpg.jpg,train,b,b:image_542_jpg,6
c_img322_jpg.jpg,train,c,c:img322_jpg,4
b_Video1_178_jpg.jpg,train,b,b:Video1_178_jpg,4
a_005763_jpg.jpg,train,a,a:005763_jpg,10
c_kp1305_jpg.jpg,train,c,c:kp1305_jpg,1
a_006237_jpg.jpg,train,a,a:006237_jpg,1
c_img23_jpg.jpg,train,c,c:img23_jpg,4
a_006140_jpg.jpg,train,a,a:006140_jpg,1
a_005953_jpg.jpg,test,a,a:005953_jpg,8
c_nglovpp3196_jpg.jpg,train,c,c:nglovpp3196_jpg,1
c_packing650_jpg.jpg,train,c,c:packing650_jpg,1
a_004575_jpg.jpg,val,a,a:004575_jpg,2
c_packing1480_jpg.jpg,test,c,c:packing1480_jpg,1
b_image_1478_jpg.jpg,train,b,b:image_1478_jpg,6
a_000772_jpg.jpg,train,a,a:000772_jpg,9
b_Video4_268_jpg.jpg,train,b,b:Video4_268_jpg,4
a_002502_jpg.jpg,train,a,a:002502_jpg,4
c_kp1507_jpg.jpg,train,c,c:kp1507_jpg,1
c_kp918_jpg.jpg,train,c,c:kp918_jpg,1
b_20220927_195254_jpg.jpg,train,b,b:20220927_195254_jpg,4
a_004594_jpg.jpg,train,a,a:004594_jpg,2
b_ppe_0308_jpg.jpg,test,b,b:ppe_0308_jpg,6
b_ppe_0499_jpg.jpg,train,b,b:ppe_0499_jpg,2
c_PXL_20210930_151906857_jpg.jpg,test,c,c:PXL_20210930_151906857_jpg,1
c_packing739_jpg.jpg,train,c,c:packing739_jpg,1
c_kp671_jpg.jpg,train,c,c:kp671_jpg,1
a_004968_jpg.jpg,train,a,a:004968_jpg,7
c_MX_img_31_jpg.jpg,test,c,c:MX_img_31_jpg,1
c_packing1037_jpg.jpg,train,c,c:packing1037_jpg,2
c_helmet999825_jpg.jpg,train,c,c:helmet999825_jpg,1
c_packing1274_jpg.jpg,test,c,c:packing1274_jpg,1
a_006709_jpg.jpg,val,a,a:006709_jpg,2
a_000850_jpg.jpg,train,a,a:000850_jpg,7
c_kp1448_jpg.jpg,test,c,c:kp1448_jpg,1
a_003495_jpg.jpg,train,a,a:003495_jpg,6
c_helmet999855_jpg.jpg,train,c,c:helmet999855_jpg,1
b_ppe_0269_jpg.jpg,val,b,b:ppe_0269_jpg,3
c_PP02img338_jpg.jpg,train,c,c:PP02img338_jpg,4
c_N5h_img_79_jpg.jpg,test,c,c:N5h_img_79_jpg,2
c_kp781_jpg.jpg,train,c,c:kp781_jpg,1
b_Video2_150_jpg.jpg,train,b,b:Video2_150_jpg,4
a_005546_jpg.jpg,train,a,a:005546_jpg,5
c_packing791_jpg.jpg,train,c,c:packing791_jpg,1
b_ppe_0807_jpg.jpg,train,b,b:ppe_0807_jpg,4
c_nglov79_jpg.jpg,test,c,c:nglov79_jpg,3
c_N5h_img_130_jpg.jpg,train,c,c:N5h_img_130_jpg,1
a_000911_jpg.jpg,test,a,a:000911_jpg,2
a_006931_jpg.jpg,train,a,a:006931_jpg,3
c_frame3834_jpg.jpg,test,c,c:frame3834_jpg,3
c_kp1734_jpg.jpg,train,c,c:kp1734_jpg,1
a_005380_jpg.jpg,train,a,a:005380_jpg,1
c_packing1718_jpg.jpg,val,c,c:packing1718_jpg,2
a_000814_jpg.jpg,val,a,a:000814_jpg,7
c_packing1020_jpg.jpg,train,c,c:packing1020_jpg,3
c_kp55_jpg.jpg,val,c,c:kp55_jpg,1
c_nglovpp330_jpg.jpg,train,c,c:nglovpp330_jpg,2
a_003807_jpg.jpg,train,a,a:003807_jpg,2
b_ppe_1058_jpg.jpg,test,b,b:ppe_1058_jpg,4
c_PP02img372_jpg.jpg,train,c,c:PP02img372_jpg,4
c_packing1435_jpg.jpg,train,c,c:packing1435_jpg,2
b_image_315_jpg.jpg,train,b,b:image_315_jpg,3
a_001829_jpg.jpg,train,a,a:001829_jpg,4
c_packing840_jpg.jpg,train,c,c:packing840_jpg,1
c_p11363_jpg.jpg,test,c,c:p11363_jpg,1
c_img447_jpg.jpg,train,c,c:img447_jpg,4
c_packing1688_jpg.jpg,test,c,c:packing1688_jpg,2
b_ppe_1192_jpg.jpg,test,b,b:ppe_1192_jpg,4
c_PP02img576_jpg.jpg,train,c,c:PP02img576_jpg,5
c_mo-justin-mask-NoMask_mov-29_jpg.jpg,train,c,c:mo-justin-mask-NoMask_mov-29_jpg,2
c_PP02img1241_jpg.jpg,val,c,c:PP02img1241_jpg,4
c_kp766_jpg.jpg,val,c,c:kp766_jpg,1
c_frame1374_jpg.jpg,train,c,c:frame1374_jpg,0
c_PP02img886_jpg.jpg,train,c,c:PP02img886_jpg,1
c_MX_img_115_jpg.jpg,train,c,c:MX_img_115_jpg,1
a_005251_jpg.jpg,train,a,a:005251_jpg,5
a_002472_jpg.jpg,train,a,a:002472_jpg,9
c_img196_jpg.jpg,train,c,c:img196_jpg,7
c_frame2873_jpg.jpg,val,c,c:frame2873_jpg,4
b_ppe_1176_jpg.jpg,train,b,b:ppe_1176_jpg,4
c_kp53_jpg.jpg,train,c,c:kp53_jpg,1
b_Video1_190_jpg.jpg,val,b,b:Video1_190_jpg,4
b_image_631_jpg.jpg,val,b,b:image_631_jpg,6
c_nglovpp2196_jpg.jpg,train,c,c:nglovpp2196_jpg,3
c_frame542_jpg.jpg,test,c,c:frame542_jpg,2
c_kp826_jpg.jpg,train,c,c:kp826_jpg,1
c_frame714_jpg.jpg,train,c,c:frame714_jpg,3
a_003775_jpg.jpg,train,a,a:003775_jpg,14
a_006314_jpg.jpg,train,a,a:006314_jpg,3
a_002745_jpg.jpg,train,a,a:002745_jpg,10
c_frame10_jpg.jpg,val,c,c:frame10_jpg,2
c_kp1589_jpg.jpg,train,c,c:kp1589_jpg,1
c_PP02img1401_jpg.jpg,test,c,c:PP02img1401_jpg,2
c_PP02img837_jpg.jpg,train,c,c:PP02img837_jpg,2
c_frame1268_jpg.jpg,val,c,c:frame1268_jpg,0
b_image_170_jpg.jpg,train,b,b:image_170_jpg,3
c_packing13_jpg.jpg,train,c,c:packing13_jpg,3
c_packing1246_jpg.jpg,train,c,c:packing1246_jpg,1
b_ppe_0106_jpg.jpg,train,b,b:ppe_0106_jpg,2
a_000540_jpg.jpg,val,a,a:000540_jpg,5
c_packing201_jpg.jpg,train,c,c:packing201_jpg,2
c_packing1420_jpg.jpg,train,c,c:packing1420_jpg,2
c_PP02img1053_jpg.jpg,test,c,c:PP02img1053_jpg,3
c_kp863_jpg.jpg,test,c,c:kp863_jpg,1
a_001373_jpg.jpg,train,a,a:001373_jpg,1
a_006587_jpg.jpg,train,a,a:006587_jpg,3
c_kp425_jpg.jpg,train,c,c:kp425_jpg,1
b_images-2022-07-04T013042_jpg.jpg,val,b,b:images-2022-07-04T013042_jpg,3
b_ppe_0143_jpg.jpg,test,b,b:ppe_0143_jpg,2
c_Inside-merge_mov-6_jpg.jpg,train,c,c:Inside-merge_mov-6_jpg,0
b_ppe_0846_jpg.jpg,train,b,b:ppe_0846_jpg,6
c_kp159_jpg.jpg,train,c,c:kp159_jpg,1
c_kp1364_jpg.jpg,train,c,c:kp1364_jpg,1
c_goggle876566_jpg.jpg,test,c,c:goggle876566_jpg,2
c_helmet9991179_jpg.jpg,train,c,c:helmet9991179_jpg,1
a_004039_jpg.jpg,val,a,a:004039_jpg,8
b_ppe_1006_jpg.jpg,train,b,b:ppe_1006_jpg,9
b_Video2_185_jpg.jpg,val,b,b:Video2_185_jpg,4
a_004832_jpg.jpg,train,a,a:004832_jpg,7
c_kp1134_jpg.jpg,test,c,c:kp1134_jpg,1
c_PP02img1015_jpg.jpg,val,c,c:PP02img1015_jpg,3
c_goggle876571_jpg.jpg,train,c,c:goggle876571_jpg,4
c_frame1510_jpg.jpg,train,c,c:frame1510_jpg,3
c_PP02img1261_jpg.jpg,train,c,c:PP02img1261_jpg,3
c_img397_jpg.jpg,train,c,c:img397_jpg,5
c_Inside-merge_mov-27_jpg.jpg,train,c,c:Inside-merge_mov-27_jpg,0
b_Photin0180_jpg.jpg,train,b,b:Photin0180_jpg,1
b_image_888_jpg.jpg,val,b,b:image_888_jpg,8
b_ppe_0293_jpg.jpg,train,b,b:ppe_0293_jpg,2
c_frame313_jpg.jpg,train,c,c:frame313_jpg,1
b_Video4_3_jpg.jpg,train,b,b:Video4_3_jpg,4
c_p113127_jpg.jpg,train,c,c:p113127_jpg,1
a_002838_jpg.jpg,train,a,a:002838_jpg,3
c_nglovpp318_jpg.jpg,train,c,c:nglovpp318_jpg,2
c_frame102_jpg.jpg,test,c,c:frame102_jpg,2
a_002976_jpg.jpg,train,a,a:002976_jpg,1
c_kp1488_jpg.jpg,train,c,c:kp1488_jpg,1
c_mask-wearing-1632939849627_png_jpg.jpg,val,c,c:mask-wearing-1632939849627_png_jpg,1
c_frame3735_jpg.jpg,val,c,c:frame3735_jpg,2
c_sgssgg_jpeg_jpg.jpg,train,c,c:sgssgg_jpeg_jpg,10
c_frame127--2-_jpg.jpg,val,c,c:frame127--2-_jpg,2
a_004158_jpg.jpg,val,a,a:004158_jpg,2
c_kp1677_jpg.jpg,train,c,c:kp1677_jpg,1
b_ppe_0682_jpg.jpg,train,b,b:ppe_0682_jpg,4
a_003172_jpg.jpg,train,a,a:003172_jpg,9
c_005336_jpg.jpg,val,c,c:005336_jpg,2
c_nglovpp34_jpg.jpg,train,c,c:nglovpp34_jpg,1
c_packing1399_jpg.jpg,train,c,c:packing1399_jpg,3
c_MX_img_40_jpg.jpg,test,c,c:MX_img_40_jpg,1
c_helmet999572_jpg.jpg,train,c,c:helmet999572_jpg,1
c_helmet999655_jpg.jpg,train,c,c:helmet999655_jpg,1
c_p113144_jpg.jpg,train,c,c:p113144_jpg,1
c_PP02img27_jpg.jpg,train,c,c:PP02img27_jpg,6
c_N5h_img_169_jpg.jpg,train,c,c:N5h_img_169_jpg,1
c_PP02img63_jpg.jpg,train,c,c:PP02img63_jpg,5
b_Video2_34_jpg.jpg,train,b,b:Video2_34_jpg,4
b_image_807_jpg.jpg,val,b,b:image_807_jpg,3
c_PXL_20210930_152037844_jpg.jpg,train,c,c:PXL_20210930_152037844_jpg,1
b_ppe_0316_jpg.jpg,train,b,b:ppe_0316_jpg,4
c_frame1355_jpg.jpg,train,c,c:frame1355_jpg,0
b_image_227_jpg.jpg,test,b,b:image_227_jpg,3
c_so-24---1-_jpg.jpg,train,c,c:so-24---1-_jpg,5
a_001859_jpg.jpg,train,a,a:001859_jpg,1
c_p113155_jpg.jpg,val,c,c:p113155_jpg,1
c_kp508_jpg.jpg,train,c,c:kp508_jpg,1
b_image_605_jpg.jpg,train,b,b:image_605_jpg,3
c_PP02img1095_jpg.jpg,val,c,c:PP02img1095_jpg,3
c_frame715_jpg.jpg,train,c,c:frame715_jpg,3
a_004146_jpg.jpg,train,a,a:004146_jpg,2
c_frame30_jpg.jpg,train,c,c:frame30_jpg,0
c_packing1340_jpg.jpg,train,c,c:packing1340_jpg,1
a_005629_jpg.jpg,train,a,a:005629_jpg,7
c_frame36_jpg.jpg,val,c,c:frame36_jpg,0
c_kp1403_jpg.jpg,train,c,c:kp1403_jpg,1
a_002160_jpg.jpg,train,a,a:002160_jpg,2
c_005411_jpg.jpg,train,c,c:005411_jpg,3
c_packing182_jpg.jpg,train,c,c:packing182_jpg,2
c_packing768_jpg.jpg,train,c,c:packing768_jpg,1
a_005379_jpg.jpg,train,a,a:005379_jpg,8
c_packing1076_jpg.jpg,train,c,c:packing1076_jpg,2
a_005894_jpg.jpg,train,a,a:005894_jpg,5
a_004691_jpg.jpg,val,a,a:004691_jpg,6
a_004850_jpg.jpg,val,a,a:004850_jpg,2
c_PXL_20210930_151904961_jpg.jpg,train,c,c:PXL_20210930_151904961_jpg,1
c_mask-wearing-1632937914088_png_jpg.jpg,train,c,c:mask-wearing-1632937914088_png_jpg,1
a_003395_jpg.jpg,train,a,a:003395_jpg,16
a_004138_jpg.jpg,train,a,a:004138_jpg,6
c_helmet9991223_jpg.jpg,train,c,c:helmet9991223_jpg,1
c_kp1301_jpg.jpg,train,c,c:kp1301_jpg,1
c_frame1431_jpg.jpg,val,c,c:frame1431_jpg,1
c_p656213123_jpg.jpg,val,c,c:p656213123_jpg,2
c_PP02img584_jpg.jpg,train,c,c:PP02img584_jpg,6
c_frame1428_jpg.jpg,train,c,c:frame1428_jpg,1
c_PP02img26_jpg.jpg,val,c,c:PP02img26_jpg,4
a_000958_jpg.jpg,val,a,a:000958_jpg,2
c_kp262_jpg.jpg,train,c,c:kp262_jpg,1
b_ppe_0063_jpg.jpg,train,b,b:ppe_0063_jpg,6
a_002179_jpg.jpg,train,a,a:002179_jpg,1
c_packing1892_jpg.jpg,val,c,c:packing1892_jpg,1
c_PP02img1077_jpg.jpg,val,c,c:PP02img1077_jpg,4
a_006532_jpg.jpg,train,a,a:006532_jpg,1
c_frame3833_jpg.jpg,test,c,c:frame3833_jpg,3
c_PP02img1046_jpg.jpg,val,c,c:PP02img1046_jpg,3
c_kp1475_jpg.jpg,train,c,c:kp1475_jpg,1
c_frame1354_jpg.jpg,val,c,c:frame1354_jpg,0
c_005316_jpg.jpg,val,c,c:005316_jpg,2
c_PP02img69_jpg.jpg,train,c,c:PP02img69_jpg,3
c_frame744_jpg.jpg,train,c,c:frame744_jpg,1
b_image_1575_jpg.jpg,val,b,b:image_1575_jpg,3
c_kp222_jpg.jpg,train,c,c:kp222_jpg,1
c_fglov1101_jpg.jpg,train,c,c:fglov1101_jpg,1
a_006305_jpg.jpg,train,a,a:006305_jpg,9
c_frame432_jpg.jpg,test,c,c:frame432_jpg,2
c_mask-wearing-1632937758810_png_jpg.jpg,train,c,c:mask-wearing-1632937758810_png_jpg,1
b_ppe_0514_jpg.jpg,val,b,b:ppe_0514_jpg,3
c_PPE_Data_21_jpg.jpg,test,c,c:PPE_Data_21_jpg,2
c_packing1072_jpg.jpg,train,c,c:packing1072_jpg,2
b_ppe_0292_jpg.jpg,train,b,b:ppe_0292_jpg,15
c_kp1111_jpg.jpg,train,c,c:kp1111_jpg,1
c_PP02img512_jpg.jpg,test,c,c:PP02img512_jpg,6
c_mask-wearing-1632937899736_png_jpg.jpg,train,c,c:mask-wearing-1632937899736_png_jpg,1
c_kp1099_jpg.jpg,train,c,c:kp1099_jpg,2
c_kp1656_jpg.jpg,train,c,c:kp1656_jpg,1
c_PP02img779_jpg.jpg,train,c,c:PP02img779_jpg,6
a_004229_jpg.jpg,train,a,a:004229_jpg,1
a_001721_jpg.jpg,train,a,a:001721_jpg,1
c_frame111--2-_jpg.jpg,val,c,c:frame111--2-_jpg,1
c_frame1386_jpg.jpg,val,c,c:frame1386_jpg,0
a_006271_jpg.jpg,val,a,a:006271_jpg,19
b_Nein5075_jpg.jpg,test,b,b:Nein5075_jpg,1
c_N5h_img_96_jpg.jpg,train,c,c:N5h_img_96_jpg,2
c_IMG_4921-2_mp4-69_jpg.jpg,train,c,c:IMG_4921-2_mp4-69_jpg,1
b_Nein4500_jpg.jpg,val,b,b:Nein4500_jpg,1
a_001248_jpg.jpg,train,a,a:001248_jpg,3
c_N5h_img_71_jpg.jpg,train,c,c:N5h_img_71_jpg,1
c_frame468_jpg.jpg,test,c,c:frame468_jpg,0
b_ppe_1068_jpg.jpg,train,b,b:ppe_1068_jpg,6
b_thumb1718_jpg.jpg,train,b,b:thumb1718_jpg,2
b_ppe_1119_jpg.jpg,val,b,b:ppe_1119_jpg,2
a_005173_jpg.jpg,test,a,a:005173_jpg,2
b_image_1676_jpg.jpg,val,b,b:image_1676_jpg,3
c_PPE_Data_348_jpg.jpg,train,c,c:PPE_Data_348_jpg,1
c_img118_jpg.jpg,train,c,c:img118_jpg,5
a_002523_jpg.jpg,train,a,a:002523_jpg,10
c_packing1920_jpg.jpg,val,c,c:packing1920_jpg,1
c_img83_jpg.jpg,train,c,c:img83_jpg,3
c_PP02img1343_jpg.jpg,train,c,c:PP02img1343_jpg,6
c_Nhh_img_189_jpg.jpg,train,c,c:Nhh_img_189_jpg,1
b_ppe_0337_jpg.jpg,train,b,b:ppe_0337_jpg,5
c_p113111_jpg.jpg,train,c,c:p113111_jpg,2
b_image_246_jpg.jpg,train,b,b:image_246_jpg,2
a_003262_jpg.jpg,train,a,a:003262_jpg,5
c_frame3924_jpg.jpg,train,c,c:frame3924_jpg,1
a_002256_jpg.jpg,train,a,a:002256_jpg,5
c_PP02img279_jpg.jpg,val,c,c:PP02img279_jpg,4
c_helmet999935_jpg.jpg,train,c,c:helmet999935_jpg,1
a_004791_jpg.jpg,train,a,a:004791_jpg,1
c_r1000019q679o5611r7_jpg.jpg,train,c,c:r1000019q679o5611r7_jpg,1
a_000711_jpg.jpg,train,a,a:000711_jpg,11
a_002713_jpg.jpg,train,a,a:002713_jpg,4
a_005562_jpg.jpg,val,a,a:005562_jpg,10
c_PP02img1155_jpg.jpg,train,c,c:PP02img1155_jpg,6
c_frame94--3-_jpg.jpg,val,c,c:frame94--3-_jpg,2
c_frame244_jpg.jpg,train,c,c:frame244_jpg,1
c_kp1000_jpg.jpg,train,c,c:kp1000_jpg,1
c_packing136_jpg.jpg,val,c,c:packing136_jpg,3
c_packing1610_jpg.jpg,train,c,c:packing1610_jpg,2
c_packing729_jpg.jpg,train,c,c:packing729_jpg,1
c_005511_jpg.jpg,train,c,c:005511_jpg,3
a_000092_jpg.jpg,train,a,a:000092_jpg,2
c_fglov184_jpg.jpg,train,c,c:fglov184_jpg,4
a_001520_jpg.jpg,train,a,a:001520_jpg,3
a_004301_jpg.jpg,val,a,a:004301_jpg,2
c_PP02img1385_jpg.jpg,val,c,c:PP02img1385_jpg,5
c_PPE_Data_704_jpg.jpg,train,c,c:PPE_Data_704_jpg,2
c_frame147--2-_jpg.jpg,train,c,c:frame147--2-_jpg,2
c_PP02img1278_jpg.jpg,train,c,c:PP02img1278_jpg,4
a_001383_jpg.jpg,val,a,a:001383_jpg,2
a_002673_jpg.jpg,train,a,a:002673_jpg,7
a_006586_jpg.jpg,val,a,a:006586_jpg,2
b_image_1396_jpg.jpg,val,b,b:image_1396_jpg,4
c_helmet999956_jpg.jpg,train,c,c:helmet999956_jpg,1
c_img66_jpg.jpg,train,c,c:img66_jpg,4
b_Photin1167_jpg.jpg,train,b,b:Photin1167_jpg,1
c_PPE_Data_181_jpg.jpg,train,c,c:PPE_Data_181_jpg,3
c_packing566_jpg.jpg,train,c,c:packing566_jpg,1
c_N5h_img_182_jpg.jpg,train,c,c:N5h_img_182_jpg,1
c_fglov1110_jpg.jpg,train,c,c:fglov1110_jpg,5
c_kp1669_jpg.jpg,val,c,c:kp1669_jpg,1
b_image_51_jpg.jpg,test,b,b:image_51_jpg,3
a_005299_jpg.jpg,train,a,a:005299_jpg,1
a_005727_jpg.jpg,train,a,a:005727_jpg,7
c_frame2955_jpg.jpg,train,c,c:frame2955_jpg,2
a_002845_jpg.jpg,train,a,a:002845_jpg,6
a_001486_jpg.jpg,train,a,a:001486_jpg,5
a_004413_jpg.jpg,train,a,a:004413_jpg,1
c_BikesHelmets259_png_jpg.jpg,train,c,c:BikesHelmets259_png_jpg,4
c_goggle876538_jpg.jpg,train,c,c:goggle876538_jpg,3
a_004630_jpg.jpg,val,a,a:004630_jpg,5
c_virus_protection123_jpg.jpg,train,c,c:virus_protection123_jpg,4
c_005469_jpg.jpg,train,c,c:005469_jpg,1
a_000866_jpg.jpg,test,a,a:000866_jpg,3
c_kp1862_jpg.jpg,val,c,c:kp1862_jpg,1
c_N5h_img_38_jpg.jpg,train,c,c:N5h_img_38_jpg,1
c_helmet9991065_jpg.jpg,val,c,c:helmet9991065_jpg,1
c_frame65--3-_jpg.jpg,val,c,c:frame65--3-_jpg,2
b_ppe_0107_jpg.jpg,train,b,b:ppe_0107_jpg,2
c_packing92_jpg.jpg,train,c,c:packing92_jpg,1
c_PPE_Data_605_jpg.jpg,test,c,c:PPE_Data_605_jpg,4
c_frame3917_jpg.jpg,train,c,c:frame3917_jpg,1
c_kp598_jpg.jpg,train,c,c:kp598_jpg,2
a_004521_jpg.jpg,val,a,a:004521_jpg,13
b_ppe_1231_jpg.jpg,train,b,b:ppe_1231_jpg,1
a_004775_jpg.jpg,train,a,a:004775_jpg,1
b_ppe_0215_jpg.jpg,test,b,b:ppe_0215_jpg,2
c_packing1157_jpg.jpg,train,c,c:packing1157_jpg,2
c_PP02img1271_jpg.jpg,train,c,c:PP02img1271_jpg,2
b_Aitin2331_jpg.jpg,train,b,b:Aitin2331_jpg,10
b_image_57_jpg.jpg,val,b,b:image_57_jpg,3
a_000535_jpg.jpg,val,a,a:000535_jpg,2
b_image_1288_jpg.jpg,train,b,b:image_1288_jpg,1
a_000921_jpg.jpg,train,a,a:000921_jpg,2
c_p65213194_jpg.jpg,train,c,c:p65213194_jpg,1
a_002042_jpg.jpg,train,a,a:002042_jpg,2
c_Mask-detector1_mov-47_jpg.jpg,test,c,c:Mask-detector1_mov-47_jpg,1
a_004567_jpg.jpg,train,a,a:004567_jpg,5
a_006248_jpg.jpg,train,a,a:006248_jpg,12
c_kp1477_jpg.jpg,train,c,c:kp1477_jpg,1
c_NVR-09_Trim_3-581_jpg.jpg,train,c,c:NVR-09_Trim_3-581_jpg,0
c_img309_jpg.jpg,test,c,c:img309_jpg,3
c_frame2642_jpg.jpg,val,c,c:frame2642_jpg,2
c_p113188_jpg.jpg,train,c,c:p113188_jpg,1
c_PP02img1139_jpg.jpg,train,c,c:PP02img1139_jpg,6
c_packing1462_jpg.jpg,test,c,c:packing1462_jpg,1
a_002851_jpg.jpg,train,a,a:002851_jpg,5
b_ppe_1229_jpg.jpg,train,b,b:ppe_1229_jpg,7
c_PPE_Data_553_jpg.jpg,train,c,c:PPE_Data_553_jpg,1
b_ppe_0544_jpg.jpg,val,b,b:ppe_0544_jpg,2
b_ppe_1314_jpg.jpg,val,b,b:ppe_1314_jpg,4
c_PP02img1433_jpg.jpg,train,c,c:PP02img1433_jpg,6
b_ppe_0527_jpg.jpg,train,b,b:ppe_0527_jpg,1
c_Nhh_img_167_jpg.jpg,train,c,c:Nhh_img_167_jpg,2
c_005337_jpg.jpg,train,c,c:005337_jpg,3
c_kp607_jpg.jpg,train,c,c:kp607_jpg,2
c_IMG_4921-2_mp4-38_jpg.jpg,val,c,c:IMG_4921-2_mp4-38_jpg,1
b_image_1382_jpg.jpg,test,b,b:image_1382_jpg,3
a_001349_jpg.jpg,test,a,a:001349_jpg,11
a_000030_jpg.jpg,train,a,a:000030_jpg,9
c_kp379_jpg.jpg,train,c,c:kp379_jpg,1
a_003045_jpg.jpg,test,a,a:003045_jpg,11
c_kp1215_jpg.jpg,train,c,c:kp1215_jpg,1
b_00224_jpg.jpg,train,b,b:00224_jpg,4
b_ppe_0524_jpg.jpg,train,b,b:ppe_0524_jpg,10
a_001886_jpg.jpg,train,a,a:001886_jpg,6
c_kp158_jpg.jpg,val,c,c:kp158_jpg,1
a_006933_jpg.jpg,val,a,a:006933_jpg,5
a_005831_jpg.jpg,train,a,a:005831_jpg,7
b_Photin1166_jpg.jpg,val,b,b:Photin1166_jpg,2
a_000298_jpg.jpg,train,a,a:000298_jpg,9
c_MX_img_42_jpg.jpg,train,c,c:MX_img_42_jpg,1
b_ppe_0029_jpg.jpg,train,b,b:ppe_0029_jpg,2
c_helmet999530_jpg.jpg,val,c,c:helmet999530_jpg,2
c_MX_img_178_jpg.jpg,test,c,c:MX_img_178_jpg,1
c_kp1153_jpg.jpg,train,c,c:kp1153_jpg,1
c_kp1952_jpg.jpg,train,c,c:kp1952_jpg,1
c_packing1822_jpg.jpg,train,c,c:packing1822_jpg,2
a_002460_jpg.jpg,test,a,a:002460_jpg,7
c_helmet999881_jpg.jpg,train,c,c:helmet999881_jpg,1
c_NVR-09_Trim_new_Trim-0213_jpg.jpg,val,c,c:NVR-09_Trim_new_Trim-0213_jpg,0
b_image_600_jpg.jpg,train,b,b:image_600_jpg,3
b_ppe_0395_jpg.jpg,test,b,b:ppe_0395_jpg,6
a_006597_jpg.jpg,train,a,a:006597_jpg,1
a_002145_jpg.jpg,train,a,a:002145_jpg,1
c_kp856_jpg.jpg,train,c,c:kp856_jpg,1
b_image_991_jpg.jpg,test,b,b:image_991_jpg,2
a_003951_jpg.jpg,train,a,a:003951_jpg,2
c_PP02img1497_jpg.jpg,train,c,c:PP02img1497_jpg,4
a_002939_jpg.jpg,train,a,a:002939_jpg,2
c_frame1166_jpg.jpg,train,c,c:frame1166_jpg,1
c_helmet999962_jpg.jpg,train,c,c:helmet999962_jpg,1
a_006124_jpg.jpg,val,a,a:006124_jpg,2
c_helmet9991015_jpg.jpg,train,c,c:helmet9991015_jpg,1
c_kp1004_jpg.jpg,train,c,c:kp1004_jpg,2
b_image_561_jpg.jpg,train,b,b:image_561_jpg,3
c_goggle8765115_jpg.jpg,train,c,c:goggle8765115_jpg,3
a_005089_jpg.jpg,train,a,a:005089_jpg,1
c_packing1931_jpg.jpg,train,c,c:packing1931_jpg,1
c_frame1297_jpg.jpg,train,c,c:frame1297_jpg,1
c_nglovpp2132_jpg.jpg,train,c,c:nglovpp2132_jpg,2
b_image_628_jpg.jpg,train,b,b:image_628_jpg,3
c_frame1560_jpg.jpg,test,c,c:frame1560_jpg,1
c_kp176_jpg.jpg,train,c,c:kp176_jpg,1
a_000044_jpg.jpg,val,a,a:000044_jpg,2
c_kp540_jpg.jpg,train,c,c:kp540_jpg,2
a_004970_jpg.jpg,train,a,a:004970_jpg,3
c_packing1559_jpg.jpg,test,c,c:packing1559_jpg,2
b_image_1271_jpg.jpg,train,b,b:image_1271_jpg,3
c_kp1500_jpg.jpg,train,c,c:kp1500_jpg,1
c_kp635_jpg.jpg,val,c,c:kp635_jpg,2
c_img316_jpg.jpg,train,c,c:img316_jpg,4
b_ppe_1307_jpg.jpg,train,b,b:ppe_1307_jpg,3
a_004907_jpg.jpg,train,a,a:004907_jpg,1
c_packing1190_jpg.jpg,train,c,c:packing1190_jpg,2
c_frame3932_jpg.jpg,train,c,c:frame3932_jpg,2
c_kp1065_jpg.jpg,train,c,c:kp1065_jpg,1
a_006188_jpg.jpg,train,a,a:006188_jpg,7
b_ppe_0713_jpg.jpg,val,b,b:ppe_0713_jpg,9
c_p113157_jpg.jpg,train,c,c:p113157_jpg,1
c_helmet9991071_jpg.jpg,train,c,c:helmet9991071_jpg,1
c_kp1599_jpg.jpg,train,c,c:kp1599_jpg,1
c_fglov196_jpg.jpg,train,c,c:fglov196_jpg,3
c_fglov1122_jpg.jpg,train,c,c:fglov1122_jpg,3
a_004879_jpg.jpg,train,a,a:004879_jpg,2
b_image_52_jpg.jpg,train,b,b:image_52_jpg,4
c_img278_jpg.jpg,train,c,c:img278_jpg,5
c_PP02img12_jpg.jpg,val,c,c:PP02img12_jpg,3
c_helmet999953_jpg.jpg,train,c,c:helmet999953_jpg,1
c_p11370_jpg.jpg,train,c,c:p11370_jpg,1
c_IMG_4921-2_mp4-128_jpg.jpg,val,c,c:IMG_4921-2_mp4-128_jpg,1
c_kp602_jpg.jpg,train,c,c:kp602_jpg,2
c_packing1443_jpg.jpg,train,c,c:packing1443_jpg,2
a_003834_jpg.jpg,train,a,a:003834_jpg,3
b_image_691_jpg.jpg,val,b,b:image_691_jpg,3
c_frame73--3-_jpg.jpg,train,c,c:frame73--3-_jpg,2
b_ppe_0052_jpg.jpg,val,b,b:ppe_0052_jpg,4
a_002840_jpg.jpg,train,a,a:002840_jpg,4
c_frame3808_jpg.jpg,train,c,c:frame3808_jpg,3
c_Mask-detector1_mov-45_jpg.jpg,val,c,c:Mask-detector1_mov-45_jpg,1
c_kp1003_jpg.jpg,train,c,c:kp1003_jpg,2
c_kp1863_jpg.jpg,train,c,c:kp1863_jpg,1
b_ppe_1183_jpg.jpg,val,b,b:ppe_1183_jpg,2
a_002008_jpg.jpg,train,a,a:002008_jpg,2
b_ppe_0930_jpg.jpg,val,b,b:ppe_0930_jpg,3
c_PP02img776_jpg.jpg,train,c,c:PP02img776_jpg,2
a_003130_jpg.jpg,train,a,a:003130_jpg,2
c_nglovpp221_jpg.jpg,train,c,c:nglovpp221_jpg,2
a_003970_jpg.jpg,train,a,a:003970_jpg,2
c_packing191_jpg.jpg,test,c,c:packing191_jpg,1
c_frame3819_jpg.jpg,train,c,c:frame3819_jpg,3
c_img82_jpg.jpg,val,c,c:img82_jpg,3
a_000587_jpg.jpg,train,a,a:000587_jpg,2
a_001667_jpg.jpg,test,a,a:001667_jpg,5
c_img410_jpg.jpg,train,c,c:img410_jpg,5
c_p6562133_jpg.jpg,val,c,c:p6562133_jpg,1
a_004966_jpg.jpg,train,a,a:004966_jpg,5
c_packing1239_jpg.jpg,val,c,c:packing1239_jpg,1
b_ppe_0185_jpg.jpg,train,b,b:ppe_0185_jpg,14
a_003671_jpg.jpg,train,a,a:003671_jpg,1
c_packing1038_jpg.jpg,train,c,c:packing1038_jpg,2
a_005619_jpg.jpg,train,a,a:005619_jpg,2
c_packing691_jpg.jpg,train,c,c:packing691_jpg,1
c_PP02img698_jpg.jpg,train,c,c:PP02img698_jpg,3
c_packing849_jpg.jpg,train,c,c:packing849_jpg,1
c_PP02img1108_jpg.jpg,train,c,c:PP02img1108_jpg,3
c_PPE_Data_32_jpg.jpg,train,c,c:PPE_Data_32_jpg,2
a_000532_jpg.jpg,train,a,a:000532_jpg,1
a_006075_jpg.jpg,val,a,a:006075_jpg,12
c_goggle8765102_jpg.jpg,val,c,c:goggle8765102_jpg,3
a_006445_jpg.jpg,train,a,a:006445_jpg,4
a_001577_jpg.jpg,train,a,a:001577_jpg,1
a_002500_jpg.jpg,train,a,a:002500_jpg,8
a_001055_jpg.jpg,train,a,a:001055_jpg,2
c_PP02img1373_jpg.jpg,val,c,c:PP02img1373_jpg,3
a_004915_jpg.jpg,val,a,a:004915_jpg,10
c_helmet999542_jpg.jpg,train,c,c:helmet999542_jpg,2
c_fglov128_jpg.jpg,train,c,c:fglov128_jpg,3
c_PP02img1414_jpg.jpg,train,c,c:PP02img1414_jpg,5
c_packing1113_jpg.jpg,train,c,c:packing1113_jpg,2
c_Mask2_mov-31_jpg.jpg,train,c,c:Mask2_mov-31_jpg,1
a_005258_jpg.jpg,val,a,a:005258_jpg,10
c_frame106--2-_jpg.jpg,train,c,c:frame106--2-_jpg,1
a_003979_jpg.jpg,train,a,a:003979_jpg,4
c_p65133_jpg.jpg,train,c,c:p65133_jpg,1
c_frame129_jpg.jpg,train,c,c:frame129_jpg,2
b_ppe_0554_jpg.jpg,train,b,b:ppe_0554_jpg,6
c_kp474_jpg.jpg,train,c,c:kp474_jpg,1
c_kp1843_jpg.jpg,test,c,c:kp1843_jpg,1
a_000790_jpg.jpg,train,a,a:000790_jpg,4
c_N5h_img_65_jpg.jpg,train,c,c:N5h_img_65_jpg,1
b_ppe_0762_jpg.jpg,train,b,b:ppe_0762_jpg,4
c_kp1676_jpg.jpg,val,c,c:kp1676_jpg,1
c_kp710_jpg.jpg,train,c,c:kp710_jpg,1
c_PPE_Data_573_jpg.jpg,test,c,c:PPE_Data_573_jpg,2
b_image_555_jpg.jpg,train,b,b:image_555_jpg,3
c_packing1234_jpg.jpg,train,c,c:packing1234_jpg,2
a_006560_jpg.jpg,train,a,a:006560_jpg,7
c_mask-wearing-1632931935444_png_jpg.jpg,train,c,c:mask-wearing-1632931935444_png_jpg,2
a_004868_jpg.jpg,train,a,a:004868_jpg,4
c_packing1658_jpg.jpg,test,c,c:packing1658_jpg,2
b_ppe_0651_jpg.jpg,train,b,b:ppe_0651_jpg,5
c_packing1754_jpg.jpg,train,c,c:packing1754_jpg,1
c_p65213153_jpg.jpg,train,c,c:p65213153_jpg,1
c_frame2305_jpg.jpg,train,c,c:frame2305_jpg,2
a_006089_jpg.jpg,val,a,a:006089_jpg,2
c_nglov178_jpg.jpg,train,c,c:nglov178_jpg,4
a_001571_jpg.jpg,train,a,a:001571_jpg,2
c_kp689_jpg.jpg,train,c,c:kp689_jpg,1
c_p11359_jpg.jpg,train,c,c:p11359_jpg,1
c_packing1226_jpg.jpg,train,c,c:packing1226_jpg,1
c_kp1858_jpg.jpg,train,c,c:kp1858_jpg,1
b_ThavantinDuo0848_jpg.jpg,test,b,b:ThavantinDuo0848_jpg,10
a_006683_jpg.jpg,val,a,a:006683_jpg,5
c_img442_jpg.jpg,train,c,c:img442_jpg,3
a_006892_jpg.jpg,train,a,a:006892_jpg,3
a_002810_jpg.jpg,train,a,a:002810_jpg,7
a_004491_jpg.jpg,val,a,a:004491_jpg,5
a_006450_jpg.jpg,train,a,a:006450_jpg,4
c_frame1162_jpg.jpg,train,c,c:frame1162_jpg,1
c_nglov47_jpg.jpg,train,c,c:nglov47_jpg,1
b_ppe_0727_jpg.jpg,train,b,b:ppe_0727_jpg,9
c_packing1821_jpg.jpg,val,c,c:packing1821_jpg,1
c_Nhh_img_47_jpg.jpg,train,c,c:Nhh_img_47_jpg,1
c_NVR-09_Trim_new_Trim-1523_jpg.jpg,train,c,c:NVR-09_Trim_new_Trim-1523_jpg,0
a_001648_jpg.jpg,train,a,a:001648_jpg,8
b_Video3_25_jpg.jpg,train,b,b:Video3_25_jpg,4
c_packing1994_jpg.jpg,train,c,c:packing1994_jpg,1
c_shutterstock_1627199179_jpg.jpg,train,c,c:shutterstock_1627199179_jpg,5
c_packing515_jpg.jpg,val,c,c:packing515_jpg,1
a_006081_jpg.jpg,train,a,a:006081_jpg,2
c_kp398_jpg.jpg,train,c,c:kp398_jpg,1
c_frame755_jpg.jpg,train,c,c:frame755_jpg,3
a_000720_jpg.jpg,train,a,a:000720_jpg,4
a_005028_jpg.jpg,train,a,a:005028_jpg,3
b_Video1_216_jpg.jpg,test,b,b:Video1_216_jpg,4
c_frame3801_jpg.jpg,train,c,c:frame3801_jpg,3
c_NVR-09_Trim_new_Trim-0281_jpg.jpg,train,c,c:NVR-09_Trim_new_Trim-0281_jpg,0
c_PP02img277_jpg.jpg,train,c,c:PP02img277_jpg,4
c_packing337_jpg.jpg,train,c,c:packing337_jpg,1
b_ppe_0299_jpg.jpg,train,b,b:ppe_0299_jpg,3
c_PP02img1244_jpg.jpg,train,c,c:PP02img1244_jpg,4
c_nglovpp346_jpg.jpg,train,c,c:nglovpp346_jpg,1
c_PPE_Data_358_jpg.jpg,train,c,c:PPE_Data_358_jpg,1
c_p11318_jpg.jpg,val,c,c:p11318_jpg,2
b_ppe_0769_jpg.jpg,train,b,b:ppe_0769_jpg,6
c_packing1596_jpg.jpg,train,c,c:packing1596_jpg,3
c_nglovpp354_jpg.jpg,train,c,c:nglovpp354_jpg,2
c_helmet9991205_jpg.jpg,val,c,c:helmet9991205_jpg,1
a_000518_jpg.jpg,val,a,a:000518_jpg,2
c_helmet999948_jpg.jpg,train,c,c:helmet999948_jpg,1
c_PP02img1026_jpg.jpg,val,c,c:PP02img1026_jpg,2
c_p65621336_jpg.jpg,test,c,c:p65621336_jpg,1
c_helmet999746_jpg.jpg,train,c,c:helmet999746_jpg,1
a_006925_jpg.jpg,train,a,a:006925_jpg,11
c_PP02img766_jpg.jpg,train,c,c:PP02img766_jpg,5
c_p65213150_jpg.jpg,train,c,c:p65213150_jpg,1
c_img135_jpg.jpg,train,c,c:img135_jpg,4
c_kp1331_jpg.jpg,train,c,c:kp1331_jpg,1
c_goggle876518_jpg.jpg,test,c,c:goggle876518_jpg,2
c_packing53_jpg.jpg,train,c,c:packing53_jpg,1
b_Video2_181_jpg.jpg,val,b,b:Video2_181_jpg,4
b_Video3_166_jpg.jpg,val,b,b:Video3_166_jpg,4
a_002431_jpg.jpg,train,a,a:002431_jpg,8
a_001706_jpg.jpg,train,a,a:001706_jpg,4
c_PP02img1365_jpg.jpg,train,c,c:PP02img1365_jpg,6
c_PXL_20210930_151754429_jpg.jpg,val,c,c:PXL_20210930_151754429_jpg,1
b_ppe_0114_jpg.jpg,val,b,b:ppe_0114_jpg,3
c_PP02img19_jpg.jpg,train,c,c:PP02img19_jpg,6
c_goggle8765178_jpg.jpg,train,c,c:goggle8765178_jpg,3
c_img239_jpg.jpg,val,c,c:img239_jpg,3
c_PPE_Data_261_jpg.jpg,train,c,c:PPE_Data_261_jpg,0
c_helmet9991144_jpg.jpg,test,c,c:helmet9991144_jpg,1
c_PP02img1067_jpg.jpg,train,c,c:PP02img1067_jpg,3
c_Mask-detector1_mov-36_jpg.jpg,train,c,c:Mask-detector1_mov-36_jpg,1
a_000957_jpg.jpg,train,a,a:000957_jpg,5
a_004168_jpg.jpg,val,a,a:004168_jpg,2
c_MX_img_30_jpg.jpg,val,c,c:MX_img_30_jpg,1
b_Video3_18_jpg.jpg,val,b,b:Video3_18_jpg,4
b_Video2_178_jpg.jpg,train,b,b:Video2_178_jpg,4
a_005231_jpg.jpg,train,a,a:005231_jpg,1
a_005967_jpg.jpg,train,a,a:005967_jpg,2
b_ppe_0634_jpg.jpg,train,b,b:ppe_0634_jpg,4
a_004849_jpg.jpg,val,a,a:004849_jpg,2
c_005493_jpg.jpg,val,c,c:005493_jpg,3
c_kp1404_jpg.jpg,val,c,c:kp1404_jpg,1
c_packing769_jpg.jpg,train,c,c:packing769_jpg,1
c_frame46_jpg.jpg,train,c,c:frame46_jpg,0
c_packing4_jpg.jpg,train,c,c:packing4_jpg,3
b_ppe_0068_jpg.jpg,train,b,b:ppe_0068_jpg,6
c_kp453_jpg.jpg,train,c,c:kp453_jpg,1
c_kp51_jpg.jpg,train,c,c:kp51_jpg,1
c_15h_img_275_jpg.jpg,train,c,c:15h_img_275_jpg,1
c_packing34_jpg.jpg,train,c,c:packing34_jpg,1
a_004714_jpg.jpg,train,a,a:004714_jpg,7
c_p656213124_jpg.jpg,train,c,c:p656213124_jpg,1
c_N5h_img_230_jpg.jpg,train,c,c:N5h_img_230_jpg,1
c_helmet9991030_jpg.jpg,val,c,c:helmet9991030_jpg,1
c_nglovpp3185_jpg.jpg,train,c,c:nglovpp3185_jpg,1
c_NX_img_23_jpg.jpg,val,c,c:NX_img_23_jpg,1
c_PP02img662_jpg.jpg,train,c,c:PP02img662_jpg,2
c_frame2992_jpg.jpg,train,c,c:frame2992_jpg,2
c_packing1805_jpg.jpg,train,c,c:packing1805_jpg,3
a_002550_jpg.jpg,train,a,a:002550_jpg,10
a_003615_jpg.jpg,train,a,a:003615_jpg,13
c_packing1090_jpg.jpg,train,c,c:packing1090_jpg,2
c_MX_img_151_jpg.jpg,val,c,c:MX_img_151_jpg,1
c_img208_jpg.jpg,train,c,c:img208_jpg,4
a_005512_jpg.jpg,val,a,a:005512_jpg,9
a_001798_jpg.jpg,train,a,a:001798_jpg,1
a_000584_jpg.jpg,train,a,a:000584_jpg,2
a_002070_jpg.jpg,train,a,a:002070_jpg,13
c_frame1272_jpg.jpg,train,c,c:frame1272_jpg,0
b_4843_RolePlay_ConstructionWorker_BoyGirl_jpg.jpg,train,b,b:4843_RolePlay_ConstructionWorker_BoyGirl_jpg,4
c_frame3809_jpg.jpg,train,c,c:frame3809_jpg,3
c_frame308_jpg.jpg,train,c,c:frame308_jpg,1
a_002318_jpg.jpg,train,a,a:002318_jpg,4
c_img180_jpg.jpg,train,c,c:img180_jpg,4
c_helmet999736_jpg.jpg,train,c,c:helmet999736_jpg,1
c_kp1460_jpg.jpg,val,c,c:kp1460_jpg,1
b_ppe_1149_jpg.jpg,val,b,b:ppe_1149_jpg,2
c_nglov12_jpg.jpg,val,c,c:nglov12_jpg,5
c_packing1367_jpg.jpg,train,c,c:packing1367_jpg,1
c_IMG_4921-2_mp4-11_jpg.jpg,train,c,c:IMG_4921-2_mp4-11_jpg,1
c_frame1300--2-_jpg.jpg,train,c,c:frame1300--2-_jpg,0
a_006168_jpg.jpg,val,a,a:006168_jpg,2
c_nglovpp338_jpg.jpg,train,c,c:nglovpp338_jpg,2
c_packing1492_jpg.jpg,train,c,c:packing1492_jpg,2
a_001724_jpg.jpg,train,a,a:001724_jpg,4
a_000315_jpg.jpg,test,a,a:000315_jpg,5
a_003438_jpg.jpg,val,a,a:003438_jpg,2
c_packing716_jpg.jpg,train,c,c:packing716_jpg,1
c_packing643_jpg.jpg,train,c,c:packing643_jpg,1
c_p6562137_jpg.jpg,train,c,c:p6562137_jpg,1
a_002864_jpg.jpg,train,a,a:002864_jpg,1
c_Mask2_mov-41_jpg.jpg,train,c,c:Mask2_mov-41_jpg,1
a_002638_jpg.jpg,train,a,a:002638_jpg,6
a_006944_jpg.jpg,train,a,a:006944_jpg,18
c_PPE_Data_745_jpg.jpg,train,c,c:PPE_Data_745_jpg,2
c_kp903_jpg.jpg,train,c,c:kp903_jpg,1
c_Inside-merge_mov-0_jpg.jpg,test,c,c:Inside-merge_mov-0_jpg,0
c_Mask-detector1_mov-61_jpg.jpg,train,c,c:Mask-detector1_mov-61_jpg,1
b_ppe_1163_jpg.jpg,train,b,b:ppe_1163_jpg,4
a_000869_jpg.jpg,val,a,a:000869_jpg,11
c_frame633_jpg.jpg,train,c,c:frame633_jpg,0
c_packing1297_jpg.jpg,train,c,c:packing1297_jpg,2
b_AightSird0207_jpg.jpg,train,b,b:AightSird0207_jpg,7
b_image_1491_jpg.jpg,train,b,b:image_1491_jpg,1
c_frame723_jpg.jpg,train,c,c:frame723_jpg,3
a_001365_jpg.jpg,train,a,a:001365_jpg,4
c_PP02img50_jpg.jpg,train,c,c:PP02img50_jpg,4
b_ppe_0201_jpg.jpg,train,b,b:ppe_0201_jpg,2
b_ppe_0679_jpg.jpg,test,b,b:ppe_0679_jpg,2
a_006900_jpg.jpg,train,a,a:006900_jpg,1
c_kp204_jpg.jpg,train,c,c:kp204_jpg,1
c_packing815_jpg.jpg,val,c,c:packing815_jpg,2
a_004160_jpg.jpg,val,a,a:004160_jpg,9
b_image_855_jpg.jpg,val,b,b:image_855_jpg,2
c_packing1591_jpg.jpg,train,c,c:packing1591_jpg,3
a_005977_jpg.jpg,train,a,a:005977_jpg,1
a_001124_jpg.jpg,train,a,a:001124_jpg,10
c_goggle8765136_jpg.jpg,train,c,c:goggle8765136_jpg,3
c_kp1664_jpg.jpg,train,c,c:kp1664_jpg,1
c_kp1865_jpg.jpg,val,c,c:kp1865_jpg,1
c_packing1416_jpg.jpg,test,c,c:packing1416_jpg,1
c_kp1852_jpg.jpg,train,c,c:kp1852_jpg,1
c_p656213159_jpg.jpg,train,c,c:p656213159_jpg,1
c_packing1062_jpg.jpg,test,c,c:packing1062_jpg,1
c_PPE_Data_234_jpg.jpg,val,c,c:PPE_Data_234_jpg,0
a_002504_jpg.jpg,train,a,a:002504_jpg,2
a_003385_jpg.jpg,val,a,a:003385_jpg,6
c_packing1908_jpg.jpg,val,c,c:packing1908_jpg,1
b_Photin0971_jpg.jpg,val,b,b:Photin0971_jpg,3
c_N5h_img_57_jpg.jpg,train,c,c:N5h_img_57_jpg,1
b_image_245_jpg.jpg,train,b,b:image_245_jpg,3
c_Mask-detector1_mov-58_jpg.jpg,val,c,c:Mask-detector1_mov-58_jpg,1
a_005783_jpg.jpg,train,a,a:005783_jpg,1
c_packing615_jpg.jpg,train,c,c:packing615_jpg,2
b_ppe_0750_jpg.jpg,val,b,b:ppe_0750_jpg,12
c_PP02img96_jpg.jpg,train,c,c:PP02img96_jpg,5
a_003409_jpg.jpg,train,a,a:003409_jpg,4
b_image_106_jpg.jpg,val,b,b:image_106_jpg,3
b_image_416_jpg.jpg,val,b,b:image_416_jpg,3
c_kp1190_jpg.jpg,train,c,c:kp1190_jpg,1
c_PP02img1410_jpg.jpg,val,c,c:PP02img1410_jpg,2
a_004616_jpg.jpg,train,a,a:004616_jpg,11
a_002978_jpg.jpg,train,a,a:002978_jpg,1
a_004355_jpg.jpg,train,a,a:004355_jpg,7
a_003073_jpg.jpg,train,a,a:003073_jpg,1
c_frame3774_jpg.jpg,train,c,c:frame3774_jpg,3
c_nglovpp2117_jpg.jpg,val,c,c:nglovpp2117_jpg,3
c_nglovpp31_jpg.jpg,train,c,c:nglovpp31_jpg,1
c_PP02img1381_jpg.jpg,train,c,c:PP02img1381_jpg,4
a_005649_jpg.jpg,val,a,a:005649_jpg,2
a_002062_jpg.jpg,train,a,a:002062_jpg,4
a_006471_jpg.jpg,train,a,a:006471_jpg,7
b_Video1_41_jpg.jpg,train,b,b:Video1_41_jpg,4
c_Mask2_mov-18_jpg.jpg,train,c,c:Mask2_mov-18_jpg,1
b_image_556_jpg.jpg,val,b,b:image_556_jpg,2
b_image_80_jpg.jpg,val,b,b:image_80_jpg,3
c_kp65_jpg.jpg,train,c,c:kp65_jpg,1
c_packing1516_jpg.jpg,train,c,c:packing1516_jpg,1
c_kp1742_jpg.jpg,val,c,c:kp1742_jpg,1
c_kp934_jpg.jpg,train,c,c:kp934_jpg,1
c_p656213155_jpg.jpg,val,c,c:p656213155_jpg,1
b_image_441_jpg.jpg,test,b,b:image_441_jpg,3
c_packing1881_jpg.jpg,train,c,c:packing1881_jpg,1
b_Aitin1410_jpg.jpg,train,b,b:Aitin1410_jpg,10
b_image_115_jpg.jpg,test,b,b:image_115_jpg,3
a_006565_jpg.jpg,train,a,a:006565_jpg,4
c_p656213130_jpg.jpg,train,c,c:p656213130_jpg,1
c_kp1009_jpg.jpg,train,c,c:kp1009_jpg,1
c_IMG_4920_mov-4_jpg.jpg,val,c,c:IMG_4920_mov-4_jpg,1
c_kp362_jpg.jpg,val,c,c:kp362_jpg,1
c_frame1301_jpg.jpg,train,c,c:frame1301_jpg,1
c_frame540_jpg.jpg,val,c,c:frame540_jpg,2
a_002068_jpg.jpg,test,a,a:002068_jpg,2
b_ppe_0019_jpg.jpg,val,b,b:ppe_0019_jpg,4
c_kp16_jpg.jpg,train,c,c:kp16_jpg,2
c_helmet999910_jpg.jpg,train,c,c:helmet999910_jpg,2
a_003755_jpg.jpg,train,a,a:003755_jpg,4
c_PP02img343_jpg.jpg,test,c,c:PP02img343_jpg,3
a_002664_jpg.jpg,train,a,a:002664_jpg,5
c_frame291_jpg.jpg,train,c,c:frame291_jpg,1
a_002342_jpg.jpg,val,a,a:002342_jpg,9
c_IMG_4921-2_mp4-54_jpg.jpg,train,c,c:IMG_4921-2_mp4-54_jpg,1
c_packing902_jpg.jpg,train,c,c:packing902_jpg,1
b_ppe_1153_jpg.jpg,test,b,b:ppe_1153_jpg,2
c_kp1746_jpg.jpg,train,c,c:kp1746_jpg,1
b_ppe_0336_jpg.jpg,train,b,b:ppe_0336_jpg,2
c_PP02img640_jpg.jpg,train,c,c:PP02img640_jpg,3
c_MX_img_144_jpg.jpg,test,c,c:MX_img_144_jpg,2
a_006409_jpg.jpg,train,a,a:006409_jpg,8
a_001227_jpg.jpg,train,a,a:001227_jpg,5
c_PP02img302_jpg.jpg,train,c,c:PP02img302_jpg,5
b_Video3_17_jpg.jpg,train,b,b:Video3_17_jpg,4
c_kp214_jpg.jpg,train,c,c:kp214_jpg,1
c_nglovpp3141_jpg.jpg,train,c,c:nglovpp3141_jpg,1
c_p113133_jpg.jpg,train,c,c:p113133_jpg,1
c_PP02img1409_jpg.jpg,train,c,c:PP02img1409_jpg,4
c_005340_jpg.jpg,train,c,c:005340_jpg,1
a_006600_jpg.jpg,val,a,a:006600_jpg,3
c_PP02img849_jpg.jpg,train,c,c:PP02img849_jpg,1
c_packing45_jpg.jpg,train,c,c:packing45_jpg,2
a_002936_jpg.jpg,train,a,a:002936_jpg,6
b_image_234_jpg.jpg,train,b,b:image_234_jpg,6
c_PP02img1220_jpg.jpg,train,c,c:PP02img1220_jpg,4
c_packing156_jpg.jpg,val,c,c:packing156_jpg,3
c_packing525_jpg.jpg,train,c,c:packing525_jpg,1
b_ppe_1254_jpg.jpg,train,b,b:ppe_1254_jpg,15
c_Mask-detector1_mov-8_jpg.jpg,train,c,c:Mask-detector1_mov-8_jpg,1
c_mo-justin-mask-NoMask_mov-11_jpg.jpg,train,c,c:mo-justin-mask-NoMask_mov-11_jpg,2
a_000034_jpg.jpg,train,a,a:000034_jpg,1
c_packing514_jpg.jpg,train,c,c:packing514_jpg,1
c_1024x576_939430607723_jpg.jpg,train,c,c:1024x576_939430607723_jpg,6
c_IMG_4920_mov-15_jpg.jpg,val,c,c:IMG_4920_mov-15_jpg,1
c_packing1664_jpg.jpg,train,c,c:packing1664_jpg,2
c_helmet999869_jpg.jpg,train,c,c:helmet999869_jpg,1
b_ppe_0381_jpg.jpg,test,b,b:ppe_0381_jpg,3
c_PPE_Data_220_jpg.jpg,train,c,c:PPE_Data_220_jpg,1
a_006454_jpg.jpg,train,a,a:006454_jpg,2
a_000649_jpg.jpg,val,a,a:000649_jpg,13
b_image_636_jpg.jpg,train,b,b:image_636_jpg,2
c_fglov1143_jpg.jpg,train,c,c:fglov1143_jpg,4
a_004214_jpg.jpg,train,a,a:004214_jpg,4
a_006811_jpg.jpg,train,a,a:006811_jpg,1
c_MX_img_5_jpg.jpg,train,c,c:MX_img_5_jpg,2
c_nglov101_jpg.jpg,val,c,c:nglov101_jpg,4
c_kp1050_jpg.jpg,val,c,c:kp1050_jpg,1
c_kp604_jpg.jpg,val,c,c:kp604_jpg,2
a_005458_jpg.jpg,test,a,a:005458_jpg,5
c_nglovpp252_jpg.jpg,test,c,c:nglovpp252_jpg,2
c_nglovpp2166_jpg.jpg,train,c,c:nglovpp2166_jpg,5
c_PP02img143_jpg.jpg,val,c,c:PP02img143_jpg,3
c_frame532_jpg.jpg,test,c,c:frame532_jpg,1
b_ppe_1037_jpg.jpg,val,b,b:ppe_1037_jpg,2
c_N5h_img_72_jpg.jpg,train,c,c:N5h_img_72_jpg,1
c_frame184_jpg.jpg,test,c,c:frame184_jpg,1
c_helmet999553_jpg.jpg,test,c,c:helmet999553_jpg,1
c_fglov190_jpg.jpg,train,c,c:fglov190_jpg,5
b_image_176_jpg.jpg,train,b,b:image_176_jpg,5
c_p113105_jpg.jpg,test,c,c:p113105_jpg,1
c_frame1097_jpg.jpg,train,c,c:frame1097_jpg,1
b_image_1157_jpg.jpg,test,b,b:image_1157_jpg,3
a_005596_jpg.jpg,train,a,a:005596_jpg,1
c_packing1309_jpg.jpg,train,c,c:packing1309_jpg,2
a_000200_jpg.jpg,train,a,a:000200_jpg,4
c_N5h_img_13_jpg.jpg,train,c,c:N5h_img_13_jpg,2
c_W37H3GWNO5EV5HTJQNP4KLIRGI_jpg.jpg,test,c,c:W37H3GWNO5EV5HTJQNP4KLIRGI_jpg,1
a_002392_jpg.jpg,train,a,a:002392_jpg,1
c_packing918_jpg.jpg,test,c,c:packing918_jpg,1
b_image_303_jpg.jpg,test,b,b:image_303_jpg,3
c_packing1755_jpg.jpg,train,c,c:packing1755_jpg,1
c_PP02img585_jpg.jpg,train,c,c:PP02img585_jpg,5
b_Video4_0_jpg.jpg,val,b,b:Video4_0_jpg,4
c_N5h_img_97_jpg.jpg,val,c,c:N5h_img_97_jpg,2
a_001917_jpg.jpg,train,a,a:001917_jpg,1
b_ppe_0743_jpg.jpg,train,b,b:ppe_0743_jpg,6
c_packing863_jpg.jpg,test,c,c:packing863_jpg,3
c_PP02img561_jpg.jpg,train,c,c:PP02img561_jpg,6
c_p65621387_jpg.jpg,test,c,c:p65621387_jpg,1
a_006184_jpg.jpg,train,a,a:006184_jpg,1
c_PP02img807_jpg.jpg,test,c,c:PP02img807_jpg,1
a_001458_jpg.jpg,train,a,a:001458_jpg,1
c_kp1217_jpg.jpg,train,c,c:kp1217_jpg,1
c_PP02img267_jpg.jpg,val,c,c:PP02img267_jpg,6
c_packing545_jpg.jpg,train,c,c:packing545_jpg,1
b_ppe_1161_jpg.jpg,val,b,b:ppe_1161_jpg,2
c_frame1433_jpg.jpg,val,c,c:frame1433_jpg,1
c_packing808_jpg.jpg,train,c,c:packing808_jpg,2
c_packing1410_jpg.jpg,test,c,c:packing1410_jpg,1
b_Video1_2_jpg.jpg,val,b,b:Video1_2_jpg,4
b_image_614_jpg.jpg,val,b,b:image_614_jpg,3
c_fglov153_jpg.jpg,train,c,c:fglov153_jpg,5
b_ppe_1069_jpg.jpg,val,b,b:ppe_1069_jpg,2
c_Nhh_img_184_jpg.jpg,train,c,c:Nhh_img_184_jpg,1
b_image_657_jpg.jpg,train,b,b:image_657_jpg,2
a_006219_jpg.jpg,val,a,a:006219_jpg,2
c_005331_jpg.jpg,train,c,c:005331_jpg,9
c_img413_jpg.jpg,train,c,c:img413_jpg,5
c_kp75_jpg.jpg,train,c,c:kp75_jpg,1
c_kp258_jpg.jpg,val,c,c:kp258_jpg,1
c_p65621354_jpg.jpg,train,c,c:p65621354_jpg,1
c_TB2R28UvUOWBKNjSZKzXXXfWFXa_--1116877752_jpg.jpg,val,c,c:TB2R28UvUOWBKNjSZKzXXXfWFXa_--1116877752_jpg,2
a_000977_jpg.jpg,train,a,a:000977_jpg,1
c_frame3909_jpg.jpg,train,c,c:frame3909_jpg,2
a_005006_jpg.jpg,train,a,a:005006_jpg,8
c_packing256_jpg.jpg,train,c,c:packing256_jpg,2
b_Video1_51_jpg.jpg,train,b,b:Video1_51_jpg,4
b_ppe_0911_jpg.jpg,train,b,b:ppe_0911_jpg,2
c_Nhh_img_48_jpg.jpg,train,c,c:Nhh_img_48_jpg,1
a_001293_jpg.jpg,train,a,a:001293_jpg,2
a_006792_jpg.jpg,train,a,a:006792_jpg,2
a_000329_jpg.jpg,train,a,a:000329_jpg,3
c_packing336_jpg.jpg,train,c,c:packing336_jpg,1
c_packing245_jpg.jpg,train,c,c:packing245_jpg,1
a_001231_jpg.jpg,train,a,a:001231_jpg,1
a_000061_jpg.jpg,train,a,a:000061_jpg,3
c_PP02img411_jpg.jpg,val,c,c:PP02img411_jpg,6
c_kp761_jpg.jpg,train,c,c:kp761_jpg,2
a_006325_jpg.jpg,train,a,a:006325_jpg,1
a_003258_jpg.jpg,train,a,a:003258_jpg,1
c_kp420_jpg.jpg,train,c,c:kp420_jpg,1
c_kp1230_jpg.jpg,val,c,c:kp1230_jpg,1
c_frame1646_jpg.jpg,train,c,c:frame1646_jpg,1
c_frame1201_jpg.jpg,test,c,c:frame1201_jpg,2
c_nglovpp2181_jpg.jpg,train,c,c:nglovpp2181_jpg,5
b_00041_jpg.jpg,train,b,b:00041_jpg,2
c_PP02img479_jpg.jpg,test,c,c:PP02img479_jpg,5
b_ppe_1025_jpg.jpg,train,b,b:ppe_1025_jpg,6
a_004686_jpg.jpg,val,a,a:004686_jpg,2
c_frame128_jpg.jpg,train,c,c:frame128_jpg,2
c_packing258_jpg.jpg,val,c,c:packing258_jpg,1
c_frame1369_jpg.jpg,train,c,c:frame1369_jpg,0
a_001549_jpg.jpg,train,a,a:001549_jpg,8
c_kp1259_jpg.jpg,train,c,c:kp1259_jpg,1
c_PP02img451_jpg.jpg,train,c,c:PP02img451_jpg,5
c_frame1241_jpg.jpg,train,c,c:frame1241_jpg,0
c_PP02img1496_jpg.jpg,test,c,c:PP02img1496_jpg,4
a_002127_jpg.jpg,train,a,a:002127_jpg,1
c_helmet999670_jpg.jpg,train,c,c:helmet999670_jpg,1
c_frame245--2-_jpg.jpg,train,c,c:frame245--2-_jpg,2
c_kp229_jpg.jpg,val,c,c:kp229_jpg,1
b_KakaoTalk_20221018_001726988_01_jpg.jpg,train,b,b:KakaoTalk_20221018_001726988_01_jpg,2
a_001786_jpg.jpg,val,a,a:001786_jpg,2
c_PP02img722_jpg.jpg,train,c,c:PP02img722_jpg,3
b_Video1_42_jpg.jpg,train,b,b:Video1_42_jpg,4
c_0602623232127-web-tete_jpg.jpg,train,c,c:0602623232127-web-tete_jpg,13
c_packing1050_jpg.jpg,train,c,c:packing1050_jpg,2
b_ppe_0010_jpg.jpg,train,b,b:ppe_0010_jpg,3
a_000827_jpg.jpg,val,a,a:000827_jpg,2
c_nglovpp2143_jpg.jpg,test,c,c:nglovpp2143_jpg,2
a_003334_jpg.jpg,train,a,a:003334_jpg,10
c_kp613_jpg.jpg,val,c,c:kp613_jpg,2
b_Video1_16_jpg.jpg,val,b,b:Video1_16_jpg,6
c_nglovpp33_jpg.jpg,train,c,c:nglovpp33_jpg,1
c_frame1157--2-_jpg.jpg,train,c,c:frame1157--2-_jpg,0
a_003575_jpg.jpg,train,a,a:003575_jpg,1
c_nglov114_jpg.jpg,train,c,c:nglov114_jpg,4
a_004687_jpg.jpg,train,a,a:004687_jpg,8
b_98_JPG_jpg.jpg,train,b,b:98_JPG_jpg,4
c_kp384_jpg.jpg,train,c,c:kp384_jpg,1
c_packing133_jpg.jpg,train,c,c:packing133_jpg,3
c_nglovpp39_jpg.jpg,train,c,c:nglovpp39_jpg,2
c_PP02img592_jpg.jpg,train,c,c:PP02img592_jpg,6
c_PP02img706_jpg.jpg,val,c,c:PP02img706_jpg,3
b_ppe_0389_jpg.jpg,val,b,b:ppe_0389_jpg,2
c_PP02img1503_jpg.jpg,train,c,c:PP02img1503_jpg,2
a_004600_jpg.jpg,train,a,a:004600_jpg,1
a_000296_jpg.jpg,train,a,a:000296_jpg,3
c_kp175_jpg.jpg,train,c,c:kp175_jpg,1
c_goggle876527_jpg.jpg,train,c,c:goggle876527_jpg,3
c_kp1932_jpg.jpg,train,c,c:kp1932_jpg,2
a_000339_jpg.jpg,train,a,a:000339_jpg,10
a_003367_jpg.jpg,val,a,a:003367_jpg,2
a_004916_jpg.jpg,train,a,a:004916_jpg,5
c_kp759_jpg.jpg,train,c,c:kp759_jpg,1
c_img46_jpg.jpg,train,c,c:img46_jpg,4
c_kp782_jpg.jpg,train,c,c:kp782_jpg,1
c_PP02img468_jpg.jpg,test,c,c:PP02img468_jpg,5
c_packing1248_jpg.jpg,train,c,c:packing1248_jpg,1
a_001535_jpg.jpg,test,a,a:001535_jpg,2
c_goggle876569_jpg.jpg,train,c,c:goggle876569_jpg,5
c_helmet9991036_jpg.jpg,test,c,c:helmet9991036_jpg,1
c_Mask2_mov-30_jpg.jpg,train,c,c:Mask2_mov-30_jpg,1
a_003277_jpg.jpg,train,a,a:003277_jpg,5
c_IMG_4920_mov-16_jpg.jpg,test,c,c:IMG_4920_mov-16_jpg,1
c_packing1256_jpg.jpg,train,c,c:packing1256_jpg,1
c_frame1311_jpg.jpg,train,c,c:frame1311_jpg,1
c_fglov188_jpg.jpg,train,c,c:fglov188_jpg,1
a_006614_jpg.jpg,train,a,a:006614_jpg,3
c_packing1787_jpg.jpg,train,c,c:packing1787_jpg,2
c_kp561_jpg.jpg,train,c,c:kp561_jpg,2
c_IMG_4921-2_mp4-22_jpg.jpg,train,c,c:IMG_4921-2_mp4-22_jpg,1
c_kp1695_jpg.jpg,val,c,c:kp1695_jpg,1
b_image_287_jpg.jpg,val,b,b:image_287_jpg,3
a_001842_jpg.jpg,train,a,a:001842_jpg,2
c_img149_jpg.jpg,train,c,c:img149_jpg,4
c_kp1368_jpg.jpg,train,c,c:kp1368_jpg,1
c_img289_jpg.jpg,val,c,c:img289_jpg,2
c_packing1562_jpg.jpg,train,c,c:packing1562_jpg,1
c_frame1182_jpg.jpg,train,c,c:frame1182_jpg,0
c_helmet999824_jpg.jpg,train,c,c:helmet999824_jpg,1
c_frame3815_jpg.jpg,train,c,c:frame3815_jpg,3
b_image_518_jpg.jpg,train,b,b:image_518_jpg,2
b_image_818_jpg.jpg,train,b,b:image_818_jpg,8
c_PP02img979_jpg.jpg,train,c,c:PP02img979_jpg,1
a_004354_jpg.jpg,train,a,a:004354_jpg,3
c_packing1070_jpg.jpg,train,c,c:packing1070_jpg,2
a_005670_jpg.jpg,val,a,a:005670_jpg,2
c_PP02img464_jpg.jpg,train,c,c:PP02img464_jpg,6
c_PPE_Data_250_jpg.jpg,test,c,c:PPE_Data_250_jpg,1
c_frame2173_jpg.jpg,train,c,c:frame2173_jpg,0
a_002305_jpg.jpg,train,a,a:002305_jpg,1
b_Video2_84_jpg.jpg,train,b,b:Video2_84_jpg,5
a_004277_jpg.jpg,val,a,a:004277_jpg,9
c_goggle876554_jpg.jpg,train,c,c:goggle876554_jpg,1
c_005443_jpg.jpg,val,c,c:005443_jpg,2
c_PP02img981_jpg.jpg,train,c,c:PP02img981_jpg,3
c_helmet999985_jpg.jpg,train,c,c:helmet999985_jpg,1
c_packing833_jpg.jpg,train,c,c:packing833_jpg,2
c_frame947_jpg.jpg,train,c,c:frame947_jpg,1
c_kp1766_jpg.jpg,train,c,c:kp1766_jpg,1
c_005415_jpg.jpg,train,c,c:005415_jpg,3
c_helmet999772_jpg.jpg,train,c,c:helmet999772_jpg,1
c_nglov51_jpg.jpg,train,c,c:nglov51_jpg,1
c_PP02img249_jpg.jpg,val,c,c:PP02img249_jpg,4
c_kp234_jpg.jpg,train,c,c:kp234_jpg,1
c_helmet999693_jpg.jpg,train,c,c:helmet999693_jpg,1
b_Video4_48_jpg.jpg,val,b,b:Video4_48_jpg,4
c_PP02img1062_jpg.jpg,train,c,c:PP02img1062_jpg,2
b_ppe_0425_jpg.jpg,train,b,b:ppe_0425_jpg,4
c_p113198_jpg.jpg,train,c,c:p113198_jpg,1
c_UDD3JG3E4JFQ5KSFNGQQ5REINU_jpg.jpg,train,c,c:UDD3JG3E4JFQ5KSFNGQQ5REINU_jpg,15
a_001108_jpg.jpg,test,a,a:001108_jpg,2
a_005997_jpg.jpg,train,a,a:005997_jpg,1
b_Image_ipg-516-_jpg.jpg,train,b,b:Image_ipg-516-_jpg,10
a_000364_jpg.jpg,train,a,a:000364_jpg,4
a_001879_jpg.jpg,train,a,a:001879_jpg,1
c_frame3838_jpg.jpg,val,c,c:frame3838_jpg,3
a_000447_jpg.jpg,train,a,a:000447_jpg,2
c_p113138_jpg.jpg,train,c,c:p113138_jpg,1
c_nglovpp2121_jpg.jpg,val,c,c:nglovpp2121_jpg,5
c_Nhh_img_191_jpg.jpg,train,c,c:Nhh_img_191_jpg,1
c_img42_jpg.jpg,val,c,c:img42_jpg,4
a_004848_jpg.jpg,val,a,a:004848_jpg,2
c_kp1400_jpg.jpg,train,c,c:kp1400_jpg,1
c_w1240-p16x9-coronavirus_CHINA-HEALTH_jpg.jpg,train,c,c:w1240-p16x9-coronavirus_CHINA-HEALTH_jpg,4
b_ppe_0945_jpg.jpg,train,b,b:ppe_0945_jpg,4
c_005361_jpg.jpg,train,c,c:005361_jpg,2
c_frame1314_jpg.jpg,val,c,c:frame1314_jpg,1
c_packing1650_jpg.jpg,train,c,c:packing1650_jpg,2
c_packing289_jpg.jpg,train,c,c:packing289_jpg,2
b_image_14_jpg.jpg,test,b,b:image_14_jpg,3
a_003708_jpg.jpg,train,a,a:003708_jpg,5
b_image_501_jpg.jpg,train,b,b:image_501_jpg,9
c_PP02img164_jpg.jpg,val,c,c:PP02img164_jpg,3
a_000321_jpg.jpg,train,a,a:000321_jpg,7
c_PP02img820_jpg.jpg,val,c,c:PP02img820_jpg,1
a_001975_jpg.jpg,test,a,a:001975_jpg,1
c_frame64--3-_jpg.jpg,val,c,c:frame64--3-_jpg,2
c_helmet999933_jpg.jpg,train,c,c:helmet999933_jpg,1
c_frame481_jpg.jpg,val,c,c:frame481_jpg,0
a_006681_jpg.jpg,train,a,a:006681_jpg,7
a_003176_jpg.jpg,val,a,a:003176_jpg,2
b_image_1367_jpg.jpg,val,b,b:image_1367_jpg,3
c_nglov66_jpg.jpg,train,c,c:nglov66_jpg,3
c_frame1641_jpg.jpg,test,c,c:frame1641_jpg,1
c_p651322_jpg.jpg,train,c,c:p651322_jpg,1
c_no-mask_mov-22_jpg.jpg,train,c,c:no-mask_mov-22_jpg,1
a_001521_jpg.jpg,train,a,a:001521_jpg,1
c_img210_jpg.jpg,val,c,c:img210_jpg,3
b_image_1322_jpg.jpg,train,b,b:image_1322_jpg,1
b_image_686_jpg.jpg,train,b,b:image_686_jpg,3
c_PPE_Data_507_jpg.jpg,test,c,c:PPE_Data_507_jpg,0
c_frame632_jpg.jpg,train,c,c:frame632_jpg,0
c_PP02img429_jpg.jpg,train,c,c:PP02img429_jpg,8
c_goggle876530_jpg.jpg,train,c,c:goggle876530_jpg,3
c_packing1759_jpg.jpg,train,c,c:packing1759_jpg,1
a_005726_jpg.jpg,train,a,a:005726_jpg,2
c_PPE_Data_548_jpg.jpg,train,c,c:PPE_Data_548_jpg,0
c_img476_jpg.jpg,train,c,c:img476_jpg,4
c_packing17_jpg.jpg,train,c,c:packing17_jpg,1
c_PPE_Data_130_jpg.jpg,train,c,c:PPE_Data_130_jpg,3
a_000744_jpg.jpg,train,a,a:000744_jpg,3
c_N5h_img_52_jpg.jpg,train,c,c:N5h_img_52_jpg,1
c_PPE_Data_133_jpg.jpg,train,c,c:PPE_Data_133_jpg,0
b_Video4_265_jpg.jpg,train,b,b:Video4_265_jpg,5
c_goggle876542_jpg.jpg,train,c,c:goggle876542_jpg,1
c_kp557_jpg.jpg,train,c,c:kp557_jpg,2
c_frame2207_jpg.jpg,train,c,c:frame2207_jpg,0
c_frame980_jpg.jpg,train,c,c:frame980_jpg,1
c_frame1359_jpg.jpg,train,c,c:frame1359_jpg,0
a_006899_jpg.jpg,train,a,a:006899_jpg,6
a_002325_jpg.jpg,val,a,a:002325_jpg,2
c_nglov30_jpg.jpg,train,c,c:nglov30_jpg,2
b_Video2_49_jpg.jpg,test,b,b:Video2_49_jpg,4
a_006891_jpg.jpg,val,a,a:006891_jpg,2
c_NVR-09_Trim_new_Trim-1774_jpg.jpg,train,c,c:NVR-09_Trim_new_Trim-1774_jpg,0
c_p11356_jpg.jpg,train,c,c:p11356_jpg,1
c_PP02img7_jpg.jpg,val,c,c:PP02img7_jpg,7
c_08165739_jpg.jpg,train,c,c:08165739_jpg,6
b_ppe_0551_jpg.jpg,train,b,b:ppe_0551_jpg,3
c_packing799_jpg.jpg,train,c,c:packing799_jpg,2
c_kp562_jpg.jpg,train,c,c:kp562_jpg,2
c_frame39_jpg.jpg,test,c,c:frame39_jpg,2
a_003479_jpg.jpg,test,a,a:003479_jpg,6
c_kp988_jpg.jpg,train,c,c:kp988_jpg,1
c_fglov154_jpg.jpg,train,c,c:fglov154_jpg,4
a_002822_jpg.jpg,val,a,a:002822_jpg,6
c_frame539_jpg.jpg,train,c,c:frame539_jpg,2
c_frame83_jpg.jpg,val,c,c:frame83_jpg,3
c_packing270_jpg.jpg,val,c,c:packing270_jpg,3
c_MX_img_126_jpg.jpg,test,c,c:MX_img_126_jpg,1
c_kp1465_jpg.jpg,train,c,c:kp1465_jpg,1
c_helmet9991122_jpg.jpg,train,c,c:helmet9991122_jpg,1
b_ppe_0075_jpg.jpg,train,b,b:ppe_0075_jpg,2
a_004237_jpg.jpg,train,a,a:004237_jpg,3
c_kp906_jpg.jpg,val,c,c:kp906_jpg,1
c_helmet999682_jpg.jpg,train,c,c:helmet999682_jpg,1
a_005921_jpg.jpg,train,a,a:005921_jpg,6
c_helmet999602_jpg.jpg,test,c,c:helmet999602_jpg,1
b_ppe_0543_jpg.jpg,val,b,b:ppe_0543_jpg,2
c_IMG_4921-2_mp4-81_jpg.jpg,train,c,c:IMG_4921-2_mp4-81_jpg,1
a_004605_jpg.jpg,train,a,a:004605_jpg,4
c_packing843_jpg.jpg,train,c,c:packing843_jpg,2
c_goggle876594_jpg.jpg,train,c,c:goggle876594_jpg,4
a_000217_jpg.jpg,train,a,a:000217_jpg,12
c_frame1086_jpg.jpg,train,c,c:frame1086_jpg,1
c_PP02img862_jpg.jpg,train,c,c:PP02img862_jpg,1
a_001900_jpg.jpg,train,a,a:001900_jpg,1
a_004004_jpg.jpg,train,a,a:004004_jpg,1
c_PP02img259_jpg.jpg,train,c,c:PP02img259_jpg,4
c_img110_jpg.jpg,train,c,c:img110_jpg,4
a_003742_jpg.jpg,train,a,a:003742_jpg,2
c_packing720_jpg.jpg,train,c,c:packing720_jpg,1
c_kp99_jpg.jpg,train,c,c:kp99_jpg,1
c_packing1171_jpg.jpg,test,c,c:packing1171_jpg,1
c_nglovpp2184_jpg.jpg,train,c,c:nglovpp2184_jpg,4
b_Video1_189_jpg.jpg,train,b,b:Video1_189_jpg,4
a_003855_jpg.jpg,train,a,a:003855_jpg,9
c_kp890_jpg.jpg,train,c,c:kp890_jpg,1
b_ppe_1021_jpg.jpg,val,b,b:ppe_1021_jpg,6
b_image_39_jpg.jpg,test,b,b:image_39_jpg,2
a_002906_jpg.jpg,train,a,a:002906_jpg,2
a_002883_jpg.jpg,train,a,a:002883_jpg,6
c_packing1029_jpg.jpg,train,c,c:packing1029_jpg,1
c_kp576_jpg.jpg,val,c,c:kp576_jpg,2
a_002473_jpg.jpg,val,a,a:002473_jpg,9
c_packing1371_jpg.jpg,train,c,c:packing1371_jpg,1
a_006341_jpg.jpg,train,a,a:006341_jpg,8
a_001971_jpg.jpg,train,a,a:001971_jpg,4
c_PP02img1102_jpg.jpg,train,c,c:PP02img1102_jpg,3
a_003712_jpg.jpg,train,a,a:003712_jpg,1
c_kp1609_jpg.jpg,test,c,c:kp1609_jpg,1
c_005390_jpg.jpg,train,c,c:005390_jpg,1
c_packing280_jpg.jpg,train,c,c:packing280_jpg,2
a_003403_jpg.jpg,train,a,a:003403_jpg,1
c_packing1241_jpg.jpg,test,c,c:packing1241_jpg,1
b_ppe_0278_jpg.jpg,test,b,b:ppe_0278_jpg,3
c_kp1641_jpg.jpg,val,c,c:kp1641_jpg,1
a_000203_jpg.jpg,val,a,a:000203_jpg,2
a_000237_jpg.jpg,train,a,a:000237_jpg,3
c_MX_img_189_jpg.jpg,train,c,c:MX_img_189_jpg,1
c_kp1348_jpg.jpg,train,c,c:kp1348_jpg,1
c_PP02img634_jpg.jpg,val,c,c:PP02img634_jpg,7
a_006270_jpg.jpg,val,a,a:006270_jpg,11
c_frame61--2-_jpg.jpg,train,c,c:frame61--2-_jpg,2
c_packing968_jpg.jpg,train,c,c:packing968_jpg,1
a_002149_jpg.jpg,train,a,a:002149_jpg,6
c_PP02img1085_jpg.jpg,train,c,c:PP02img1085_jpg,4
a_005931_jpg.jpg,train,a,a:005931_jpg,7
a_000026_jpg.jpg,val,a,a:000026_jpg,2
a_002649_jpg.jpg,test,a,a:002649_jpg,5
c_kp1847_jpg.jpg,train,c,c:kp1847_jpg,1
a_002526_jpg.jpg,val,a,a:002526_jpg,1
c_img408_jpg.jpg,train,c,c:img408_jpg,5
c_025418_springwest005_jpg.jpg,train,c,c:025418_springwest005_jpg,7
c_frame771--2-_jpg.jpg,test,c,c:frame771--2-_jpg,1
c_mask-wearing-1632933595158_png_jpg.jpg,val,c,c:mask-wearing-1632933595158_png_jpg,1
c_kp1709_jpg.jpg,train,c,c:kp1709_jpg,1
c_PPE_Data_109_jpg.jpg,test,c,c:PPE_Data_109_jpg,0
b_image_197_jpg.jpg,train,b,b:image_197_jpg,4
c_helmet999632_jpg.jpg,train,c,c:helmet999632_jpg,1
b_ppe_0217_jpg.jpg,train,b,b:ppe_0217_jpg,2
a_001433_jpg.jpg,train,a,a:001433_jpg,9
a_004645_jpg.jpg,test,a,a:004645_jpg,2
c_img272_jpg.jpg,train,c,c:img272_jpg,4
c_kp1047_jpg.jpg,train,c,c:kp1047_jpg,1
b_ppe_1139_jpg.jpg,train,b,b:ppe_1139_jpg,9
a_002272_jpg.jpg,train,a,a:002272_jpg,9
a_006955_jpg.jpg,train,a,a:006955_jpg,4
b_ppe_0809_jpg.jpg,val,b,b:ppe_0809_jpg,4
c_img392_jpg.jpg,train,c,c:img392_jpg,6
a_002597_jpg.jpg,test,a,a:002597_jpg,3
b_Video2_151_jpg.jpg,train,b,b:Video2_151_jpg,4
c_packing767_jpg.jpg,test,c,c:packing767_jpg,1
c_packing71_jpg.jpg,train,c,c:packing71_jpg,2
a_004469_jpg.jpg,val,a,a:004469_jpg,8
b_image_1646_jpg.jpg,train,b,b:image_1646_jpg,1
c_img292_jpg.jpg,train,c,c:img292_jpg,5
c_Inside-merge_mov-57_jpg.jpg,train,c,c:Inside-merge_mov-57_jpg,0
c_kp1502_jpg.jpg,train,c,c:kp1502_jpg,2
c_N5h_img_63_jpg.jpg,train,c,c:N5h_img_63_jpg,1
c_005517_jpg.jpg,val,c,c:005517_jpg,4
a_000016_jpg.jpg,train,a,a:000016_jpg,1
c_N5h_img_134_jpg.jpg,train,c,c:N5h_img_134_jpg,1
c_MX_img_104_jpg.jpg,test,c,c:MX_img_104_jpg,1
a_004441_jpg.jpg,train,a,a:004441_jpg,4
c_p11366_jpg.jpg,test,c,c:p11366_jpg,1
a_003504_jpg.jpg,train,a,a:003504_jpg,1
a_000436_jpg.jpg,train,a,a:000436_jpg,3
c_N5h_img_201_jpg.jpg,val,c,c:N5h_img_201_jpg,2
c_packing1607_jpg.jpg,train,c,c:packing1607_jpg,2
c_PP02img454_jpg.jpg,train,c,c:PP02img454_jpg,5
c_helmet999645_jpg.jpg,train,c,c:helmet999645_jpg,1
a_002792_jpg.jpg,train,a,a:002792_jpg,1
a_001290_jpg.jpg,train,a,a:001290_jpg,3
a_001356_jpg.jpg,train,a,a:001356_jpg,3
c_nglov13_jpg.jpg,val,c,c:nglov13_jpg,7
c_kp1393_jpg.jpg,train,c,c:kp1393_jpg,1
c_PP02img580_jpg.jpg,train,c,c:PP02img580_jpg,6
c_p113179_jpg.jpg,val,c,c:p113179_jpg,1
c_PP02img1258_jpg.jpg,test,c,c:PP02img1258_jpg,2
c_packing1907_jpg.jpg,test,c,c:packing1907_jpg,1
c_frame121--2-_jpg.jpg,test,c,c:frame121--2-_jpg,2
a_003673_jpg.jpg,val,a,a:003673_jpg,2
c_frame2640_jpg.jpg,train,c,c:frame2640_jpg,2
c_PPE_Data_620_jpg.jpg,train,c,c:PPE_Data_620_jpg,2
b_ppe_0104_jpg.jpg,train,b,b:ppe_0104_jpg,2
b_Video4_239_jpg.jpg,train,b,b:Video4_239_jpg,4
c_PPE_Data_330_jpg.jpg,val,c,c:PPE_Data_330_jpg,2
b_image_6_jpg.jpg,val,b,b:image_6_jpg,2
b_Video1_164_jpg.jpg,train,b,b:Video1_164_jpg,4
c_PP02img1467_jpg.jpg,val,c,c:PP02img1467_jpg,3
c_img409_jpg.jpg,train,c,c:img409_jpg,4
c_packing138_jpg.jpg,test,c,c:packing138_jpg,3
c_0ad90195-cd77-489e-bf85-08c83b80d3e0_jpg.jpg,train,c,c:0ad90195-cd77-489e-bf85-08c83b80d3e0_jpg,3
a_006054_jpg.jpg,train,a,a:006054_jpg,5
b_ppe_0394_jpg.jpg,test,b,b:ppe_0394_jpg,2
c_PP02img942_jpg.jpg,train,c,c:PP02img942_jpg,1
c_PP02img1167_jpg.jpg,val,c,c:PP02img1167_jpg,3
a_001768_jpg.jpg,train,a,a:001768_jpg,2
c_packing1868_jpg.jpg,train,c,c:packing1868_jpg,1
b_ppe_0748_jpg.jpg,val,b,b:ppe_0748_jpg,4
c_kp1670_jpg.jpg,train,c,c:kp1670_jpg,1
c_kp1041_jpg.jpg,train,c,c:kp1041_jpg,1
c_helmet999844_jpg.jpg,train,c,c:helmet999844_jpg,1
c_N5h_img_178_jpg.jpg,train,c,c:N5h_img_178_jpg,1
c_kp579_jpg.jpg,val,c,c:kp579_jpg,2
a_002594_jpg.jpg,val,a,a:002594_jpg,2
c_kp60_jpg.jpg,train,c,c:kp60_jpg,1
c_frame3748_jpg.jpg,train,c,c:frame3748_jpg,3
c_nglovpp2198_jpg.jpg,train,c,c:nglovpp2198_jpg,1
c_packing585_jpg.jpg,train,c,c:packing585_jpg,2
a_000056_jpg.jpg,train,a,a:000056_jpg,7
c_frame301_jpg.jpg,val,c,c:frame301_jpg,1
b_image_831_jpg.jpg,test,b,b:image_831_jpg,3
c_PP02img131_jpg.jpg,train,c,c:PP02img131_jpg,5
c_Mask2_mov-67_jpg.jpg,train,c,c:Mask2_mov-67_jpg,1
b_ppe_1057_jpg.jpg,train,b,b:ppe_1057_jpg,5
c_packing784_jpg.jpg,train,c,c:packing784_jpg,2
c_kp1623_jpg.jpg,val,c,c:kp1623_jpg,1
b_Video3_125_jpg.jpg,train,b,b:Video3_125_jpg,4
c_kp933_jpg.jpg,train,c,c:kp933_jpg,1
c_PP02img555_jpg.jpg,train,c,c:PP02img555_jpg,7
b_ppe_0991_jpg.jpg,train,b,b:ppe_0991_jpg,6
a_002592_jpg.jpg,train,a,a:002592_jpg,2
c_nglov89_jpg.jpg,test,c,c:nglov89_jpg,3
c_packing838_jpg.jpg,train,c,c:packing838_jpg,2
c_p651338_jpg.jpg,train,c,c:p651338_jpg,1
c_helmet999805_jpg.jpg,train,c,c:helmet999805_jpg,1
a_002083_jpg.jpg,train,a,a:002083_jpg,5
c_Mask-detector1_mov-59_jpg.jpg,val,c,c:Mask-detector1_mov-59_jpg,1
c_kp883_jpg.jpg,train,c,c:kp883_jpg,1
b_ppe_0603_jpg.jpg,train,b,b:ppe_0603_jpg,6
c_frame1189_jpg.jpg,train,c,c:frame1189_jpg,0
b_Video1_168_jpg.jpg,train,b,b:Video1_168_jpg,4
c_helmet999781_jpg.jpg,train,c,c:helmet999781_jpg,1
c_frame2598_jpg.jpg,train,c,c:frame2598_jpg,2
a_003980_jpg.jpg,train,a,a:003980_jpg,2
c_MX_img_183_jpg.jpg,val,c,c:MX_img_183_jpg,1
b_image_823_jpg.jpg,val,b,b:image_823_jpg,1
c_kp1274_jpg.jpg,test,c,c:kp1274_jpg,1
c_packing1733_jpg.jpg,train,c,c:packing1733_jpg,2
c_nglov122_jpg.jpg,train,c,c:nglov122_jpg,3
c_us-state-department-warns-against-visiting-china-citing-coronavirus_jpg.jpg,train,c,c:us-state-department-warns-against-visiting-china-citing-coronavirus_jpg,5
c_packing1456_jpg.jpg,train,c,c:packing1456_jpg,2
b_image_668_jpg.jpg,test,b,b:image_668_jpg,3
c_kp210_jpg.jpg,val,c,c:kp210_jpg,1
a_004106_jpg.jpg,val,a,a:004106_jpg,2
c_PPE_Data_650_jpg.jpg,train,c,c:PPE_Data_650_jpg,0
a_003727_jpg.jpg,train,a,a:003727_jpg,10
c_packing533_jpg.jpg,train,c,c:packing533_jpg,1
c_kp1759_jpg.jpg,val,c,c:kp1759_jpg,1
a_003574_jpg.jpg,train,a,a:003574_jpg,15
c_img418_jpg.jpg,train,c,c:img418_jpg,5
c_packing657_jpg.jpg,val,c,c:packing657_jpg,1
b_Video2_7_jpg.jpg,train,b,b:Video2_7_jpg,4
a_001662_jpg.jpg,train,a,a:001662_jpg,1
b_ppe_0012_jpg.jpg,train,b,b:ppe_0012_jpg,2
c_p113126_jpg.jpg,train,c,c:p113126_jpg,1
c_kp941_jpg.jpg,train,c,c:kp941_jpg,1
a_003806_jpg.jpg,train,a,a:003806_jpg,1
a_002650_jpg.jpg,train,a,a:002650_jpg,3
c_packing1204_jpg.jpg,train,c,c:packing1204_jpg,2
c_kp1338_jpg.jpg,test,c,c:kp1338_jpg,1
c_PP02img529_jpg.jpg,train,c,c:PP02img529_jpg,6
c_packing232_jpg.jpg,train,c,c:packing232_jpg,2
b_Twalv0395_jpg.jpg,train,b,b:Twalv0395_jpg,2
c_helmet9991212_jpg.jpg,test,c,c:helmet9991212_jpg,1
b_image_1048_jpg.jpg,val,b,b:image_1048_jpg,15
b_image_1197_jpg.jpg,val,b,b:image_1197_jpg,3
c_kp1854_jpg.jpg,train,c,c:kp1854_jpg,1
b_image_734_jpg.jpg,val,b,b:image_734_jpg,3
a_004727_jpg.jpg,train,a,a:004727_jpg,6
c_PPE_Data_147_jpg.jpg,val,c,c:PPE_Data_147_jpg,1
c_frame757_jpg.jpg,test,c,c:frame757_jpg,3
b_Video3_273_jpg.jpg,test,b,b:Video3_273_jpg,4
c_PP02img898_jpg.jpg,train,c,c:PP02img898_jpg,1
b_ppe_0534_jpg.jpg,train,b,b:ppe_0534_jpg,5
c_MX_img_174_jpg.jpg,val,c,c:MX_img_174_jpg,1
a_001664_jpg.jpg,train,a,a:001664_jpg,3
c_packing1019_jpg.jpg,train,c,c:packing1019_jpg,2
a_005768_jpg.jpg,train,a,a:005768_jpg,3
c_nglovpp2187_jpg.jpg,train,c,c:nglovpp2187_jpg,2
a_005759_jpg.jpg,val,a,a:005759_jpg,2
c_p113110_jpg.jpg,val,c,c:p113110_jpg,2
a_003913_jpg.jpg,train,a,a:003913_jpg,9
c_helmet9991124_jpg.jpg,train,c,c:helmet9991124_jpg,1
a_004656_jpg.jpg,train,a,a:004656_jpg,3
c_005527_jpg.jpg,train,c,c:005527_jpg,1
c_helmet999789_jpg.jpg,train,c,c:helmet999789_jpg,1
c_goggle876592_jpg.jpg,train,c,c:goggle876592_jpg,4
c_kp1993_jpg.jpg,train,c,c:kp1993_jpg,1
c_packing292_jpg.jpg,train,c,c:packing292_jpg,2
b_ppe_0526_jpg.jpg,test,b,b:ppe_0526_jpg,2
c_kp1511_jpg.jpg,train,c,c:kp1511_jpg,1
c_frame3906_jpg.jpg,train,c,c:frame3906_jpg,2
c_kp69_jpg.jpg,val,c,c:kp69_jpg,2
c_packing1118_jpg.jpg,train,c,c:packing1118_jpg,2
a_005836_jpg.jpg,train,a,a:005836_jpg,3
a_006571_jpg.jpg,train,a,a:006571_jpg,4
c_packing1138_jpg.jpg,train,c,c:packing1138_jpg,2
c_nglovpp246_jpg.jpg,test,c,c:nglovpp246_jpg,3
c_img251_jpg.jpg,train,c,c:img251_jpg,4
c_packing517_jpg.jpg,train,c,c:packing517_jpg,1
c_IMG_4921-2_mp4-56_jpg.jpg,train,c,c:IMG_4921-2_mp4-56_jpg,1
a_002409_jpg.jpg,train,a,a:002409_jpg,1
c_packing1233_jpg.jpg,train,c,c:packing1233_jpg,2
c_PP02img1419_jpg.jpg,test,c,c:PP02img1419_jpg,2
b_ppe_0462_jpg.jpg,train,b,b:ppe_0462_jpg,4
b_KakaoTalk_20221018_001605157_12_jpg.jpg,train,b,b:KakaoTalk_20221018_001605157_12_jpg,4
c_Mask-detector1_mov-16_jpg.jpg,train,c,c:Mask-detector1_mov-16_jpg,1
a_000895_jpg.jpg,train,a,a:000895_jpg,4
c_packing731_jpg.jpg,train,c,c:packing731_jpg,1
b_image_1409_jpg.jpg,train,b,b:image_1409_jpg,3
c_goggle876599_jpg.jpg,train,c,c:goggle876599_jpg,5
c_kp965_jpg.jpg,train,c,c:kp965_jpg,1
c_img335_jpg.jpg,test,c,c:img335_jpg,3
c_packing1487_jpg.jpg,train,c,c:packing1487_jpg,1
c_kp66_jpg.jpg,train,c,c:kp66_jpg,1
a_002882_jpg.jpg,train,a,a:002882_jpg,1
c_005450_jpg.jpg,val,c,c:005450_jpg,5
c_frame544_jpg.jpg,train,c,c:frame544_jpg,0
c_PPE_Data_324_jpg.jpg,train,c,c:PPE_Data_324_jpg,2
c_MX_img_105_jpg.jpg,val,c,c:MX_img_105_jpg,1
c_kp348_jpg.jpg,train,c,c:kp348_jpg,1
c_mo-justin-mask-NoMask_mov-37_jpg.jpg,train,c,c:mo-justin-mask-NoMask_mov-37_jpg,2
a_001153_jpg.jpg,train,a,a:001153_jpg,3
c_mask-wearing-1632937805740_png_jpg.jpg,train,c,c:mask-wearing-1632937805740_png_jpg,1
c_packing1341_jpg.jpg,train,c,c:packing1341_jpg,2
c_PPE_Data_246_jpg.jpg,train,c,c:PPE_Data_246_jpg,4
b_ppe_0998_jpg.jpg,train,b,b:ppe_0998_jpg,16
c_mask-wearing-1632932335319_png_jpg.jpg,train,c,c:mask-wearing-1632932335319_png_jpg,1
c_PPE_Data_287_jpg.jpg,val,c,c:PPE_Data_287_jpg,2
c_nglovpp237_jpg.jpg,train,c,c:nglovpp237_jpg,3
b_Twalv1052_jpg.jpg,train,b,b:Twalv1052_jpg,1
c_005513_jpg.jpg,train,c,c:005513_jpg,5
c_helmet999897_jpg.jpg,val,c,c:helmet999897_jpg,2
a_003190_jpg.jpg,train,a,a:003190_jpg,1
c_IMG_4921-2_mp4-72_jpg.jpg,train,c,c:IMG_4921-2_mp4-72_jpg,1
c_PPE_Data_705_jpg.jpg,train,c,c:PPE_Data_705_jpg,2
c_PP02img147_jpg.jpg,test,c,c:PP02img147_jpg,3
c_nglov29_jpg.jpg,train,c,c:nglov29_jpg,2
c_frame75--2-_jpg.jpg,train,c,c:frame75--2-_jpg,2
c_kp799_jpg.jpg,train,c,c:kp799_jpg,1
c_frame117--2-_jpg.jpg,train,c,c:frame117--2-_jpg,1
c_N5h_img_151_jpg.jpg,train,c,c:N5h_img_151_jpg,1
c_nglovpp334_jpg.jpg,train,c,c:nglovpp334_jpg,3
a_004722_jpg.jpg,val,a,a:004722_jpg,1
b_image_1010_jpg.jpg,val,b,b:image_1010_jpg,3
c_PPE_Data_101_jpg.jpg,train,c,c:PPE_Data_101_jpg,1
a_006228_jpg.jpg,train,a,a:006228_jpg,4
b_Video2_175_jpg.jpg,train,b,b:Video2_175_jpg,4
a_000904_jpg.jpg,train,a,a:000904_jpg,3
c_frame54_jpg.jpg,test,c,c:frame54_jpg,1
a_006115_jpg.jpg,train,a,a:006115_jpg,4
c_nglov115_jpg.jpg,train,c,c:nglov115_jpg,5
c_p651361_jpg.jpg,train,c,c:p651361_jpg,1
a_000858_jpg.jpg,train,a,a:000858_jpg,3
c_frame1161_jpg.jpg,train,c,c:frame1161_jpg,1
c_PP02img946_jpg.jpg,train,c,c:PP02img946_jpg,1
a_004694_jpg.jpg,train,a,a:004694_jpg,3
c_PP02img1330_jpg.jpg,train,c,c:PP02img1330_jpg,6
c_MX_img_161_jpg.jpg,train,c,c:MX_img_161_jpg,1
c_packing1671_jpg.jpg,train,c,c:packing1671_jpg,1
c_kp1982_jpg.jpg,val,c,c:kp1982_jpg,1
c_p113113_jpg.jpg,train,c,c:p113113_jpg,1
c_PP02img1404_jpg.jpg,test,c,c:PP02img1404_jpg,2
c_kp1432_jpg.jpg,train,c,c:kp1432_jpg,1
c_PP02img1159_jpg.jpg,train,c,c:PP02img1159_jpg,5
c_PP02img1471_jpg.jpg,train,c,c:PP02img1471_jpg,5
c_img360_jpg.jpg,train,c,c:img360_jpg,1
c_helmet999905_jpg.jpg,train,c,c:helmet999905_jpg,1
c_fglov183_jpg.jpg,train,c,c:fglov183_jpg,4
b_image_1003_jpg.jpg,train,b,b:image_1003_jpg,3
c_PPE_Data_318_jpg.jpg,val,c,c:PPE_Data_318_jpg,2
a_005448_jpg.jpg,train,a,a:005448_jpg,3
a_003836_jpg.jpg,val,a,a:003836_jpg,2
c_PP02img1243_jpg.jpg,train,c,c:PP02img1243_jpg,4
a_000245_jpg.jpg,test,a,a:000245_jpg,4
b_ppe_0767_jpg.jpg,test,b,b:ppe_0767_jpg,18
c_packing521_jpg.jpg,train,c,c:packing521_jpg,2
a_001488_jpg.jpg,train,a,a:001488_jpg,4
c_helmet9991200_jpg.jpg,train,c,c:helmet9991200_jpg,1
c_Mask-detector1_mov-42_jpg.jpg,train,c,c:Mask-detector1_mov-42_jpg,1
c_packing170_jpg.jpg,test,c,c:packing170_jpg,3
b_image_430_jpg.jpg,train,b,b:image_430_jpg,6
a_005229_jpg.jpg,test,a,a:005229_jpg,7
a_003941_jpg.jpg,train,a,a:003941_jpg,5
b_image_101_jpg.jpg,val,b,b:image_101_jpg,3
c_PP02img1353_jpg.jpg,train,c,c:PP02img1353_jpg,5
a_004684_jpg.jpg,train,a,a:004684_jpg,9
c_fglov1128_jpg.jpg,train,c,c:fglov1128_jpg,4
a_004858_jpg.jpg,train,a,a:004858_jpg,8
c_img18_jpg.jpg,train,c,c:img18_jpg,5
c_IMG_4921-2_mp4-76_jpg.jpg,test,c,c:IMG_4921-2_mp4-76_jpg,1
c_PP02img999_jpg.jpg,train,c,c:PP02img999_jpg,2
c_helmet999858_jpg.jpg,train,c,c:helmet999858_jpg,1
c_PP02img1291_jpg.jpg,val,c,c:PP02img1291_jpg,2
c_PP02img53_jpg.jpg,val,c,c:PP02img53_jpg,6
c_005405_jpg.jpg,train,c,c:005405_jpg,1
c_frame1176_jpg.jpg,val,c,c:frame1176_jpg,0
c_frame210_jpg.jpg,test,c,c:frame210_jpg,2
a_003873_jpg.jpg,train,a,a:003873_jpg,3
c_frame749_jpg.jpg,test,c,c:frame749_jpg,1
c_005304_jpg.jpg,train,c,c:005304_jpg,4
b_image_324_jpg.jpg,train,b,b:image_324_jpg,3
c_PP02img453_jpg.jpg,val,c,c:PP02img453_jpg,3
a_003966_jpg.jpg,train,a,a:003966_jpg,1
c_kp1597_jpg.jpg,train,c,c:kp1597_jpg,1
b_ppe_1172_jpg.jpg,train,b,b:ppe_1172_jpg,4
a_005116_jpg.jpg,train,a,a:005116_jpg,1
c_frame34_jpg.jpg,test,c,c:frame34_jpg,0
b_image_195_jpg.jpg,val,b,b:image_195_jpg,6
a_006611_jpg.jpg,train,a,a:006611_jpg,1
a_003328_jpg.jpg,val,a,a:003328_jpg,2
b_image_397_jpg.jpg,val,b,b:image_397_jpg,3
c_nglov169_jpg.jpg,val,c,c:nglov169_jpg,4
c_kp1196_jpg.jpg,train,c,c:kp1196_jpg,1
a_002335_jpg.jpg,train,a,a:002335_jpg,3
c_frame444_jpg.jpg,test,c,c:frame444_jpg,2
c_helmet9991088_jpg.jpg,train,c,c:helmet9991088_jpg,1
c_p113145_jpg.jpg,train,c,c:p113145_jpg,1
c_p656213132_jpg.jpg,test,c,c:p656213132_jpg,1
c_kp1891_jpg.jpg,train,c,c:kp1891_jpg,1
c_kp1222_jpg.jpg,train,c,c:kp1222_jpg,1
c_packing1177_jpg.jpg,train,c,c:packing1177_jpg,2
a_004840_jpg.jpg,val,a,a:004840_jpg,7
c_helmet9991155_jpg.jpg,val,c,c:helmet9991155_jpg,1
c_PP02img1473_jpg.jpg,train,c,c:PP02img1473_jpg,3
c_packing1770_jpg.jpg,val,c,c:packing1770_jpg,1
b_ppe_0561_jpg.jpg,val,b,b:ppe_0561_jpg,2
b_ppe_0432_jpg.jpg,test,b,b:ppe_0432_jpg,3
a_003215_jpg.jpg,test,a,a:003215_jpg,4
c_PP02img783_jpg.jpg,train,c,c:PP02img783_jpg,5
b_image_7_jpg.jpg,val,b,b:image_7_jpg,6
c_helmet9991013_jpg.jpg,val,c,c:helmet9991013_jpg,1
b_image_343_jpg.jpg,train,b,b:image_343_jpg,1
c_PP02img300_jpg.jpg,val,c,c:PP02img300_jpg,4
b_image_3_jpg.jpg,train,b,b:image_3_jpg,4
c_helmet999951_jpg.jpg,train,c,c:helmet999951_jpg,1
c_PP02img806_jpg.jpg,val,c,c:PP02img806_jpg,2
c_PP02img134_jpg.jpg,val,c,c:PP02img134_jpg,4
c_packing326_jpg.jpg,val,c,c:packing326_jpg,1
c_kp1165_jpg.jpg,train,c,c:kp1165_jpg,1
b_KakaoTalk_20221018_001219713_18_jpg.jpg,train,b,b:KakaoTalk_20221018_001219713_18_jpg,2
a_003208_jpg.jpg,val,a,a:003208_jpg,10
c_N5h_img_155_jpg.jpg,train,c,c:N5h_img_155_jpg,1
a_005497_jpg.jpg,train,a,a:005497_jpg,3
b_image_799_jpg.jpg,train,b,b:image_799_jpg,3
b_ppe_0961_jpg.jpg,train,b,b:ppe_0961_jpg,5
a_005224_jpg.jpg,train,a,a:005224_jpg,1
c_Nhh_img_39_jpg.jpg,train,c,c:Nhh_img_39_jpg,1
c_packing638_jpg.jpg,train,c,c:packing638_jpg,1
c_p65213200_jpg.jpg,train,c,c:p65213200_jpg,1
a_002862_jpg.jpg,train,a,a:002862_jpg,3
c_frame255_jpg.jpg,train,c,c:frame255_jpg,1
a_001742_jpg.jpg,train,a,a:001742_jpg,2
c_p651364_jpg.jpg,train,c,c:p651364_jpg,1
c_packing1081_jpg.jpg,val,c,c:packing1081_jpg,1
c_frame1763_jpg.jpg,train,c,c:frame1763_jpg,2
c_kp985_jpg.jpg,train,c,c:kp985_jpg,1
b_Video3_127_jpg.jpg,val,b,b:Video3_127_jpg,4
a_005733_jpg.jpg,train,a,a:005733_jpg,2
a_005974_jpg.jpg,train,a,a:005974_jpg,6
c_kp1866_jpg.jpg,train,c,c:kp1866_jpg,1
a_000107_jpg.jpg,train,a,a:000107_jpg,3
b_image_353_jpg.jpg,val,b,b:image_353_jpg,3
c_0_8w7mkX-PHcfMM5s6_jpeg_jpg.jpg,train,c,c:0_8w7mkX-PHcfMM5s6_jpeg_jpg,109
c_frame548_jpg.jpg,train,c,c:frame548_jpg,4
c_Mask-detector1_mov-13_jpg.jpg,train,c,c:Mask-detector1_mov-13_jpg,1
a_005501_jpg.jpg,train,a,a:005501_jpg,6
c_packing895_jpg.jpg,train,c,c:packing895_jpg,1
c_helmet9991082_jpg.jpg,train,c,c:helmet9991082_jpg,1
c_kp695_jpg.jpg,train,c,c:kp695_jpg,1
a_000821_jpg.jpg,train,a,a:000821_jpg,1
b_ppe_0126_jpg.jpg,train,b,b:ppe_0126_jpg,1
c_1579924271_jpg.jpg,train,c,c:1579924271_jpg,16
c_img452_jpg.jpg,train,c,c:img452_jpg,5
c_helmet999983_jpg.jpg,train,c,c:helmet999983_jpg,1
a_005210_jpg.jpg,train,a,a:005210_jpg,1
a_005162_jpg.jpg,train,a,a:005162_jpg,1
c_helmet999723_jpg.jpg,train,c,c:helmet999723_jpg,1
b_ppe_1220_jpg.jpg,test,b,b:ppe_1220_jpg,2
c_p65213159_jpg.jpg,train,c,c:p65213159_jpg,1
c_kp975_jpg.jpg,train,c,c:kp975_jpg,1
c_N5h_img_251_jpg.jpg,train,c,c:N5h_img_251_jpg,1
c_005487_jpg.jpg,train,c,c:005487_jpg,2
c_fglov148_jpg.jpg,test,c,c:fglov148_jpg,2
b_image_981_jpg.jpg,test,b,b:image_981_jpg,3
c_packing37_jpg.jpg,train,c,c:packing37_jpg,3
c_PXL_20210930_152016197_jpg.jpg,val,c,c:PXL_20210930_152016197_jpg,1
a_004888_jpg.jpg,train,a,a:004888_jpg,5
c_PP02img565_jpg.jpg,train,c,c:PP02img565_jpg,5
a_006772_jpg.jpg,train,a,a:006772_jpg,3
c_kp756_jpg.jpg,test,c,c:kp756_jpg,1
a_004614_jpg.jpg,train,a,a:004614_jpg,3
c_p656213114_jpg.jpg,test,c,c:p656213114_jpg,1
c_kp1295_jpg.jpg,val,c,c:kp1295_jpg,1
c_Nhh_img_187_jpg.jpg,train,c,c:Nhh_img_187_jpg,1
c_img254_jpg.jpg,test,c,c:img254_jpg,3
c_N5h_img_215_jpg.jpg,train,c,c:N5h_img_215_jpg,1
c_packing1845_jpg.jpg,train,c,c:packing1845_jpg,1
a_000612_jpg.jpg,train,a,a:000612_jpg,9
a_003250_jpg.jpg,train,a,a:003250_jpg,2
c_kp1994_jpg.jpg,train,c,c:kp1994_jpg,1
c_packing1110_jpg.jpg,train,c,c:packing1110_jpg,2
a_001249_jpg.jpg,train,a,a:001249_jpg,1
b_image_1562_jpg.jpg,train,b,b:image_1562_jpg,6
a_001867_jpg.jpg,test,a,a:001867_jpg,4
b_image_58_jpg.jpg,train,b,b:image_58_jpg,2
c_Mask2_mov-12_jpg.jpg,test,c,c:Mask2_mov-12_jpg,1
c_kp1661_jpg.jpg,train,c,c:kp1661_jpg,1
c_kp407_jpg.jpg,train,c,c:kp407_jpg,1
c_IMG_4921-2_mp4-36_jpg.jpg,train,c,c:IMG_4921-2_mp4-36_jpg,1
a_002728_jpg.jpg,val,a,a:002728_jpg,4
c_PP02img1072_jpg.jpg,test,c,c:PP02img1072_jpg,3
b_ppe_0444_jpg.jpg,test,b,b:ppe_0444_jpg,34
c_p113174_jpg.jpg,val,c,c:p113174_jpg,1
c_frame1310_jpg.jpg,train,c,c:frame1310_jpg,1
a_005766_jpg.jpg,train,a,a:005766_jpg,2
c_no-mask_mov-6_jpg.jpg,val,c,c:no-mask_mov-6_jpg,1
c_N5h_img_106_jpg.jpg,val,c,c:N5h_img_106_jpg,2
b_ppe_0264_jpg.jpg,train,b,b:ppe_0264_jpg,4
b_image_34_jpg.jpg,val,b,b:image_34_jpg,2
b_ppe_0445_jpg.jpg,test,b,b:ppe_0445_jpg,2
c_frame676_jpg.jpg,val,c,c:frame676_jpg,0
c_kp565_jpg.jpg,val,c,c:kp565_jpg,2
c_packing1508_jpg.jpg,train,c,c:packing1508_jpg,3
a_003279_jpg.jpg,train,a,a:003279_jpg,3
a_002361_jpg.jpg,train,a,a:002361_jpg,9
b_ppe_1035_jpg.jpg,train,b,b:ppe_1035_jpg,12
b_image_1315_jpg.jpg,val,b,b:image_1315_jpg,3
a_002951_jpg.jpg,train,a,a:002951_jpg,2
c_PP02img1207_jpg.jpg,train,c,c:PP02img1207_jpg,4
a_000671_jpg.jpg,train,a,a:000671_jpg,8
b_ppe_0333_jpg.jpg,train,b,b:ppe_0333_jpg,2
c_PP02img330_jpg.jpg,train,c,c:PP02img330_jpg,5
c_PP02img233_jpg.jpg,test,c,c:PP02img233_jpg,5
c_kp1537_jpg.jpg,train,c,c:kp1537_jpg,1
c_frame3923_jpg.jpg,train,c,c:frame3923_jpg,1
c_kp1341_jpg.jpg,train,c,c:kp1341_jpg,1
c_nglovpp2161_jpg.jpg,train,c,c:nglovpp2161_jpg,4
c_frame3844_jpg.jpg,train,c,c:frame3844_jpg,3
b_image_558_jpg.jpg,train,b,b:image_558_jpg,2
b_ppe_1201_jpg.jpg,val,b,b:ppe_1201_jpg,4
c_MX_img_20_jpg.jpg,val,c,c:MX_img_20_jpg,1
c_frame717_jpg.jpg,train,c,c:frame717_jpg,3
c_frame217_jpg.jpg,test,c,c:frame217_jpg,1
c_kp1484_jpg.jpg,train,c,c:kp1484_jpg,1
c_frame288_jpg.jpg,train,c,c:frame288_jpg,1
c_fglov1191_jpg.jpg,train,c,c:fglov1191_jpg,4
c_PP02img621_jpg.jpg,train,c,c:PP02img621_jpg,5
c_frame213--2-_jpg.jpg,train,c,c:frame213--2-_jpg,2
c_kp10_jpg.jpg,train,c,c:kp10_jpg,2
a_006158_jpg.jpg,val,a,a:006158_jpg,3
b_47_JPG_jpg.jpg,train,b,b:47_JPG_jpg,1
c_frame134_jpg.jpg,val,c,c:frame134_jpg,2
c_005498_jpg.jpg,train,c,c:005498_jpg,2
a_002982_jpg.jpg,train,a,a:002982_jpg,1
c_1133x768_20200130000023_jpg.jpg,val,c,c:1133x768_20200130000023_jpg,4
c_p65137_jpg.jpg,train,c,c:p65137_jpg,1
b_images-2022-07-04T013045_jpg.jpg,val,b,b:images-2022-07-04T013045_jpg,3
c_kp990_jpg.jpg,train,c,c:kp990_jpg,1
b_ppe_0589_jpg.jpg,train,b,b:ppe_0589_jpg,10
c_img224_jpg.jpg,train,c,c:img224_jpg,4
c_frame70_jpg.jpg,train,c,c:frame70_jpg,0
c_img186_jpg.jpg,train,c,c:img186_jpg,3
c_frame108--2-_jpg.jpg,test,c,c:frame108--2-_jpg,1
a_001235_jpg.jpg,train,a,a:001235_jpg,15
c_helmet9991045_jpg.jpg,val,c,c:helmet9991045_jpg,1
c_img22_jpg.jpg,train,c,c:img22_jpg,4
a_004664_jpg.jpg,train,a,a:004664_jpg,1
b_ppe_0655_jpg.jpg,val,b,b:ppe_0655_jpg,5
c_kp104_jpg.jpg,val,c,c:kp104_jpg,1
c_img45_jpg.jpg,train,c,c:img45_jpg,4
c_nglovpp225_jpg.jpg,train,c,c:nglovpp225_jpg,3
c_helmet999568_jpg.jpg,val,c,c:helmet999568_jpg,1
a_003084_jpg.jpg,train,a,a:003084_jpg,5
a_002343_jpg.jpg,train,a,a:002343_jpg,1
c_helmet999934_jpg.jpg,train,c,c:helmet999934_jpg,1
c_frame63_jpg.jpg,train,c,c:frame63_jpg,1
c_PP02img989_jpg.jpg,train,c,c:PP02img989_jpg,1
c_packing1146_jpg.jpg,train,c,c:packing1146_jpg,1
c_IMG_4921-2_mp4-40_jpg.jpg,train,c,c:IMG_4921-2_mp4-40_jpg,1
c_kp1763_jpg.jpg,train,c,c:kp1763_jpg,1
c_img334_jpg.jpg,train,c,c:img334_jpg,6
c_img63_jpg.jpg,train,c,c:img63_jpg,4
a_001021_jpg.jpg,train,a,a:001021_jpg,1
c_PPE_Data_328_jpg.jpg,train,c,c:PPE_Data_328_jpg,2
c_005306_jpg.jpg,train,c,c:005306_jpg,1
c_kp1562_jpg.jpg,train,c,c:kp1562_jpg,2
c_packing599_jpg.jpg,test,c,c:packing599_jpg,1
c_packing695_jpg.jpg,train,c,c:packing695_jpg,1
c_PP02img941_jpg.jpg,train,c,c:PP02img941_jpg,1
b_ppe_0732_jpg.jpg,train,b,b:ppe_0732_jpg,6
c_frame307_jpg.jpg,val,c,c:frame307_jpg,1
c_PP02img1135_jpg.jpg,train,c,c:PP02img1135_jpg,5
c_frame750_jpg.jpg,train,c,c:frame750_jpg,1
c_IMG_4921-2_mp4-29_jpg.jpg,train,c,c:IMG_4921-2_mp4-29_jpg,1
c_packing748_jpg.jpg,train,c,c:packing748_jpg,2
b_ppe_1268_jpg.jpg,test,b,b:ppe_1268_jpg,2
c_p113194_jpg.jpg,train,c,c:p113194_jpg,1
c_005406_jpg.jpg,train,c,c:005406_jpg,2
c_kp284_jpg.jpg,train,c,c:kp284_jpg,1
a_004317_jpg.jpg,train,a,a:004317_jpg,7
c_img482_jpg.jpg,train,c,c:img482_jpg,5
a_007013_jpg.jpg,train,a,a:007013_jpg,4
c_frame700_jpg.jpg,test,c,c:frame700_jpg,0
c_p656213118_jpg.jpg,test,c,c:p656213118_jpg,1
c_kp1596_jpg.jpg,train,c,c:kp1596_jpg,1
c_fglov1150_jpg.jpg,test,c,c:fglov1150_jpg,3
c_frame1114_jpg.jpg,train,c,c:frame1114_jpg,1
c_kp1211_jpg.jpg,train,c,c:kp1211_jpg,1
b_image_497_jpg.jpg,train,b,b:image_497_jpg,4
c_p651348_jpg.jpg,train,c,c:p651348_jpg,1
c_p651359_jpg.jpg,train,c,c:p651359_jpg,1
c_packing1814_jpg.jpg,train,c,c:packing1814_jpg,2
c_packing1276_jpg.jpg,train,c,c:packing1276_jpg,1
a_001921_jpg.jpg,train,a,a:001921_jpg,2
c_kp1583_jpg.jpg,train,c,c:kp1583_jpg,1
c_packing1507_jpg.jpg,train,c,c:packing1507_jpg,3
b_image_1139_jpg.jpg,train,b,b:image_1139_jpg,6
c_p65213158_jpg.jpg,train,c,c:p65213158_jpg,1
c_IMG_4921-2_mp4-44_jpg.jpg,train,c,c:IMG_4921-2_mp4-44_jpg,1
a_005830_jpg.jpg,test,a,a:005830_jpg,8
c_PP02img759_jpg.jpg,train,c,c:PP02img759_jpg,4
c_N5h_img_245_jpg.jpg,train,c,c:N5h_img_245_jpg,1
c_kp50_jpg.jpg,train,c,c:kp50_jpg,1
a_000748_jpg.jpg,val,a,a:000748_jpg,2
c_frame692_jpg.jpg,train,c,c:frame692_jpg,0
c_nglov62_jpg.jpg,test,c,c:nglov62_jpg,1
c_kp1380_jpg.jpg,train,c,c:kp1380_jpg,1
a_005031_jpg.jpg,train,a,a:005031_jpg,9
c_PPE_Data_539_jpg.jpg,train,c,c:PPE_Data_539_jpg,2
c_frame551_jpg.jpg,val,c,c:frame551_jpg,4
a_005567_jpg.jpg,val,a,a:005567_jpg,7
c_frame1099_jpg.jpg,train,c,c:frame1099_jpg,1
a_003205_jpg.jpg,test,a,a:003205_jpg,11
b_ppe_0933_jpg.jpg,train,b,b:ppe_0933_jpg,5
b_image_854_jpg.jpg,test,b,b:image_854_jpg,3
c_p11312_jpg.jpg,train,c,c:p11312_jpg,3
c_packing1229_jpg.jpg,train,c,c:packing1229_jpg,2
b_Video3_229_jpg.jpg,train,b,b:Video3_229_jpg,4
b_ppe_1248_jpg.jpg,test,b,b:ppe_1248_jpg,2
b_image_798_jpg.jpg,val,b,b:image_798_jpg,3
a_006724_jpg.jpg,train,a,a:006724_jpg,1
c_nglovpp355_jpg.jpg,train,c,c:nglovpp355_jpg,2
c_frame2340_jpg.jpg,train,c,c:frame2340_jpg,1
c_packing287_jpg.jpg,train,c,c:packing287_jpg,2
c_helmet999791_jpg.jpg,train,c,c:helmet999791_jpg,1
c_kp1628_jpg.jpg,train,c,c:kp1628_jpg,1
c_kp651_jpg.jpg,train,c,c:kp651_jpg,1
b_image_114_jpg.jpg,val,b,b:image_114_jpg,3
c_nglovpp3193_jpg.jpg,train,c,c:nglovpp3193_jpg,2
b_ppe_0456_jpg.jpg,test,b,b:ppe_0456_jpg,1
a_004969_jpg.jpg,train,a,a:004969_jpg,1
b_image_419_jpg.jpg,train,b,b:image_419_jpg,2
c_PP02img1130_jpg.jpg,train,c,c:PP02img1130_jpg,1
a_005600_jpg.jpg,val,a,a:005600_jpg,5
c_kp1635_jpg.jpg,train,c,c:kp1635_jpg,2
c_frame533_jpg.jpg,train,c,c:frame533_jpg,1
c_frame74--3-_jpg.jpg,train,c,c:frame74--3-_jpg,2
b_image_1565_jpg.jpg,train,b,b:image_1565_jpg,1
a_003823_jpg.jpg,val,a,a:003823_jpg,10
c_frame68_jpg.jpg,train,c,c:frame68_jpg,1
c_img30_jpg.jpg,train,c,c:img30_jpg,5
c_packing260_jpg.jpg,train,c,c:packing260_jpg,1
c_packing1363_jpg.jpg,train,c,c:packing1363_jpg,2
c_packing1209_jpg.jpg,train,c,c:packing1209_jpg,2
c_frame1259_jpg.jpg,test,c,c:frame1259_jpg,0
b_ppe_0002_jpg.jpg,train,b,b:ppe_0002_jpg,6
c_IMG_4921-2_mp4-84_jpg.jpg,train,c,c:IMG_4921-2_mp4-84_jpg,1
b_image_918_jpg.jpg,train,b,b:image_918_jpg,1
c_packing317_jpg.jpg,train,c,c:packing317_jpg,3
c_p65621381_jpg.jpg,train,c,c:p65621381_jpg,1
b_r124_jpg.jpg,train,b,b:r124_jpg,1
c_helmet9991221_jpg.jpg,val,c,c:helmet9991221_jpg,1
c_packing1702_jpg.jpg,train,c,c:packing1702_jpg,2
b_images-2022-07-04T013634_jpg.jpg,val,b,b:images-2022-07-04T013634_jpg,1
b_ppe_0135_jpg.jpg,train,b,b:ppe_0135_jpg,8
a_000166_jpg.jpg,train,a,a:000166_jpg,1
b_image_183_jpg.jpg,test,b,b:image_183_jpg,6
a_003803_jpg.jpg,train,a,a:003803_jpg,1
a_003010_jpg.jpg,train,a,a:003010_jpg,1
c_nglov15_jpg.jpg,val,c,c:nglov15_jpg,2
a_005462_jpg.jpg,val,a,a:005462_jpg,3
c_helmet9991137_jpg.jpg,train,c,c:helmet9991137_jpg,1
c_frame63--2-_jpg.jpg,test,c,c:frame63--2-_jpg,2
c_frame6_jpg.jpg,train,c,c:frame6_jpg,0
c_p656213128_jpg.jpg,val,c,c:p656213128_jpg,1
c_kp221_jpg.jpg,train,c,c:kp221_jpg,1
a_006856_jpg.jpg,val,a,a:006856_jpg,2
a_006987_jpg.jpg,val,a,a:006987_jpg,11
b_ppe_0829_jpg.jpg,train,b,b:ppe_0829_jpg,4
c_PP02img761_jpg.jpg,val,c,c:PP02img761_jpg,5
c_nglovpp36_jpg.jpg,train,c,c:nglovpp36_jpg,1
c_p113106_jpg.jpg,train,c,c:p113106_jpg,1
c_kp813_jpg.jpg,train,c,c:kp813_jpg,1
c_005365_jpg.jpg,train,c,c:005365_jpg,3
b_Video2_20_jpg.jpg,train,b,b:Video2_20_jpg,4
c_IMG_4920_mov-1_jpg.jpg,train,c,c:IMG_4920_mov-1_jpg,1
a_004692_jpg.jpg,train,a,a:004692_jpg,4
a_001767_jpg.jpg,train,a,a:001767_jpg,1
c_frame118--2-_jpg.jpg,train,c,c:frame118--2-_jpg,1
c_PP02img1435_jpg.jpg,val,c,c:PP02img1435_jpg,6
b_Video1_13_jpg.jpg,train,b,b:Video1_13_jpg,4
b_image_1601_jpg.jpg,val,b,b:image_1601_jpg,3
b_Video1_173_jpg.jpg,train,b,b:Video1_173_jpg,4
c_frame1232_jpg.jpg,train,c,c:frame1232_jpg,0
a_004762_jpg.jpg,val,a,a:004762_jpg,15
b_r168_jpg.jpg,test,b,b:r168_jpg,4
c_kp1444_jpg.jpg,train,c,c:kp1444_jpg,1
c_frame1144_jpg.jpg,train,c,c:frame1144_jpg,0
c_PP02img669_jpg.jpg,train,c,c:PP02img669_jpg,2
c_frame1509_jpg.jpg,train,c,c:frame1509_jpg,3
a_006734_jpg.jpg,train,a,a:006734_jpg,1
c_kp1523_jpg.jpg,train,c,c:kp1523_jpg,2
c_fglov141_jpg.jpg,train,c,c:fglov141_jpg,4
c_N5h_img_132_jpg.jpg,train,c,c:N5h_img_132_jpg,1
c_kp461_jpg.jpg,train,c,c:kp461_jpg,1
c_packing293_jpg.jpg,train,c,c:packing293_jpg,1
c_nglovpp316_jpg.jpg,train,c,c:nglovpp316_jpg,2
c_PP02img432_jpg.jpg,train,c,c:PP02img432_jpg,6
b_ppe_0459_jpg.jpg,val,b,b:ppe_0459_jpg,4
b_image_1165_jpg.jpg,val,b,b:image_1165_jpg,3
a_000331_jpg.jpg,train,a,a:000331_jpg,4
b_image_1237_jpg.jpg,val,b,b:image_1237_jpg,2
c_frame83--2-_jpg.jpg,train,c,c:frame83--2-_jpg,2
b_image_75_jpg.jpg,val,b,b:image_75_jpg,3
c_p113104_jpg.jpg,val,c,c:p113104_jpg,1
c_frame781_jpg.jpg,train,c,c:frame781_jpg,3
c_frame75_jpg.jpg,val,c,c:frame75_jpg,2
a_002591_jpg.jpg,train,a,a:002591_jpg,8
c_fglov1112_jpg.jpg,train,c,c:fglov1112_jpg,2
b_ppe_0633_jpg.jpg,val,b,b:ppe_0633_jpg,9
a_002485_jpg.jpg,train,a,a:002485_jpg,8
c_packing1330_jpg.jpg,test,c,c:packing1330_jpg,1
a_002910_jpg.jpg,train,a,a:002910_jpg,1
b_image_1720_jpg.jpg,train,b,b:image_1720_jpg,14
c_PP02img488_jpg.jpg,test,c,c:PP02img488_jpg,5
c_fglov1125_jpg.jpg,val,c,c:fglov1125_jpg,2
c_frame643_jpg.jpg,train,c,c:frame643_jpg,0
c_MX_img_88_jpg.jpg,val,c,c:MX_img_88_jpg,1
c_125895-untitled-design-30_jpg.jpg,train,c,c:125895-untitled-design-30_jpg,15
c_frame2416_jpg.jpg,train,c,c:frame2416_jpg,0
c_kp1917_jpg.jpg,train,c,c:kp1917_jpg,1
a_003722_jpg.jpg,val,a,a:003722_jpg,5
a_002873_jpg.jpg,train,a,a:002873_jpg,1
b_Video1_19_jpg.jpg,val,b,b:Video1_19_jpg,6
c_nglov11_jpg.jpg,train,c,c:nglov11_jpg,3
b_ppe_0787_jpg.jpg,val,b,b:ppe_0787_jpg,3
c_MX_img_17_jpg.jpg,val,c,c:MX_img_17_jpg,1
b_image_244_jpg.jpg,train,b,b:image_244_jpg,2
a_000124_jpg.jpg,train,a,a:000124_jpg,2
a_002540_jpg.jpg,train,a,a:002540_jpg,3
c_IMG_4921-2_mp4-64_jpg.jpg,train,c,c:IMG_4921-2_mp4-64_jpg,1
b_ppe_0816_jpg.jpg,train,b,b:ppe_0816_jpg,5
b_image_511_jpg.jpg,train,b,b:image_511_jpg,3
b_image_439_jpg.jpg,train,b,b:image_439_jpg,2
c_kp740_jpg.jpg,val,c,c:kp740_jpg,1
a_004323_jpg.jpg,train,a,a:004323_jpg,12
c_helmet999812_jpg.jpg,train,c,c:helmet999812_jpg,2
c_PP02img1097_jpg.jpg,train,c,c:PP02img1097_jpg,4
c_kp215_jpg.jpg,train,c,c:kp215_jpg,1
b_r129_jpg.jpg,train,b,b:r129_jpg,3
c_p65213173_jpg.jpg,train,c,c:p65213173_jpg,1
b_Twalv1069_jpg.jpg,test,b,b:Twalv1069_jpg,1
c_PPE_Data_513_jpg.jpg,train,c,c:PPE_Data_513_jpg,0
c_mo-justin-mask-NoMask_mov-8_jpg.jpg,train,c,c:mo-justin-mask-NoMask_mov-8_jpg,2
c_kp241_jpg.jpg,train,c,c:kp241_jpg,1
a_006849_jpg.jpg,train,a,a:006849_jpg,3
c_p65213168_jpg.jpg,train,c,c:p65213168_jpg,1
c_PP02img415_jpg.jpg,val,c,c:PP02img415_jpg,9
c_helmet9991185_jpg.jpg,train,c,c:helmet9991185_jpg,1
c_kp1868_jpg.jpg,train,c,c:kp1868_jpg,1
a_002359_jpg.jpg,train,a,a:002359_jpg,3
b_r136_jpg.jpg,train,b,b:r136_jpg,8
c_img67_jpg.jpg,train,c,c:img67_jpg,5
c_frame3803_jpg.jpg,val,c,c:frame3803_jpg,3
c_kp1344_jpg.jpg,train,c,c:kp1344_jpg,1
a_005194_jpg.jpg,train,a,a:005194_jpg,3
c_15391513324714o1n0r10n6_jpg.jpg,train,c,c:15391513324714o1n0r10n6_jpg,1
b_ppe_1230_jpg.jpg,train,b,b:ppe_1230_jpg,11
c_packing1315_jpg.jpg,train,c,c:packing1315_jpg,2
b_ppe_0680_jpg.jpg,train,b,b:ppe_0680_jpg,4
a_006317_jpg.jpg,train,a,a:006317_jpg,1
c_PP02img1377_jpg.jpg,train,c,c:PP02img1377_jpg,2
c_Mask-detector1_mov-32_jpg.jpg,train,c,c:Mask-detector1_mov-32_jpg,1
c_no-mask_mov-18_jpg.jpg,train,c,c:no-mask_mov-18_jpg,1
b_Video2_138_jpg.jpg,train,b,b:Video2_138_jpg,6
c_helmet999817_jpg.jpg,train,c,c:helmet999817_jpg,1
a_000834_jpg.jpg,train,a,a:000834_jpg,4
b_image_811_jpg.jpg,train,b,b:image_811_jpg,2
c_nglovpp2186_jpg.jpg,train,c,c:nglovpp2186_jpg,4
b_ppe_0253_jpg.jpg,val,b,b:ppe_0253_jpg,3
c_frame729_jpg.jpg,val,c,c:frame729_jpg,3
c_helmet9991074_jpg.jpg,train,c,c:helmet9991074_jpg,1
c_nglov90_jpg.jpg,train,c,c:nglov90_jpg,3
c_goggle8765177_jpg.jpg,test,c,c:goggle8765177_jpg,2
b_ppe_0180_jpg.jpg,train,b,b:ppe_0180_jpg,3
a_002098_jpg.jpg,val,a,a:002098_jpg,7
c_packing1646_jpg.jpg,train,c,c:packing1646_jpg,1
a_006429_jpg.jpg,train,a,a:006429_jpg,7
c_IMG_4921-2_mp4-16_jpg.jpg,train,c,c:IMG_4921-2_mp4-16_jpg,1
a_002729_jpg.jpg,val,a,a:002729_jpg,18
a_001489_jpg.jpg,train,a,a:001489_jpg,3
b_ppe_0356_jpg.jpg,train,b,b:ppe_0356_jpg,2
c_kp858_jpg.jpg,train,c,c:kp858_jpg,1
c_nglov185_jpg.jpg,train,c,c:nglov185_jpg,3
a_002161_jpg.jpg,val,a,a:002161_jpg,2
c_kp447_jpg.jpg,val,c,c:kp447_jpg,1
c_kp1516_jpg.jpg,val,c,c:kp1516_jpg,1
c_PPE_Data_195_jpg.jpg,test,c,c:PPE_Data_195_jpg,2
c_frame1191_jpg.jpg,train,c,c:frame1191_jpg,0
c_kp742_jpg.jpg,val,c,c:kp742_jpg,1
c_mask-wearing-1632933675148_png_jpg.jpg,train,c,c:mask-wearing-1632933675148_png_jpg,4
b_Video4_39_jpg.jpg,val,b,b:Video4_39_jpg,4
b_images-2022-07-04T013101_jpg.jpg,train,b,b:images-2022-07-04T013101_jpg,5
c_PPE_Data_192_jpg.jpg,val,c,c:PPE_Data_192_jpg,2
c_MX_img_103_jpg.jpg,val,c,c:MX_img_103_jpg,2
c_kp1293_jpg.jpg,train,c,c:kp1293_jpg,1
b_image_378_jpg.jpg,train,b,b:image_378_jpg,3
c_packing1851_jpg.jpg,val,c,c:packing1851_jpg,1
c_packing1564_jpg.jpg,test,c,c:packing1564_jpg,2
c_frame128--2-_jpg.jpg,train,c,c:frame128--2-_jpg,2
a_006665_jpg.jpg,train,a,a:006665_jpg,4
c_helmet999760_jpg.jpg,train,c,c:helmet999760_jpg,1
a_004564_jpg.jpg,train,a,a:004564_jpg,8
b_image_1510_jpg.jpg,train,b,b:image_1510_jpg,4
a_002122_jpg.jpg,train,a,a:002122_jpg,5
c_frame1131_jpg.jpg,train,c,c:frame1131_jpg,0
c_packing1310_jpg.jpg,train,c,c:packing1310_jpg,2
c_kp236_jpg.jpg,val,c,c:kp236_jpg,1
c_packing1307_jpg.jpg,train,c,c:packing1307_jpg,3
c_kp983_jpg.jpg,train,c,c:kp983_jpg,1
a_004049_jpg.jpg,train,a,a:004049_jpg,4
c_frame1140_jpg.jpg,train,c,c:frame1140_jpg,0
c_frame1150_jpg.jpg,train,c,c:frame1150_jpg,1
c_goggle8765154_jpg.jpg,train,c,c:goggle8765154_jpg,3
b_image_427_jpg.jpg,test,b,b:image_427_jpg,2
c_packing1873_jpg.jpg,train,c,c:packing1873_jpg,2
a_005016_jpg.jpg,train,a,a:005016_jpg,5
a_000908_jpg.jpg,train,a,a:000908_jpg,2
c_img470_jpg.jpg,val,c,c:img470_jpg,4
c_frame1378_jpg.jpg,train,c,c:frame1378_jpg,0
c_PPE_Data_286_jpg.jpg,val,c,c:PPE_Data_286_jpg,4
c_MX_img_96_jpg.jpg,train,c,c:MX_img_96_jpg,1
c_frame519_jpg.jpg,train,c,c:frame519_jpg,0
c_kp1423_jpg.jpg,train,c,c:kp1423_jpg,1
a_002055_jpg.jpg,train,a,a:002055_jpg,8
a_001306_jpg.jpg,train,a,a:001306_jpg,1
b_Video1_27_jpg.jpg,train,b,b:Video1_27_jpg,4
c_PP02img1058_jpg.jpg,train,c,c:PP02img1058_jpg,5
c_frame1289_jpg.jpg,val,c,c:frame1289_jpg,2
c_phplpE73q_jpg.jpg,train,c,c:phplpE73q_jpg,40
c_kp1574_jpg.jpg,train,c,c:kp1574_jpg,2
c_packing573_jpg.jpg,val,c,c:packing573_jpg,1
c_N5h_img_137_jpg.jpg,train,c,c:N5h_img_137_jpg,1
a_005877_jpg.jpg,train,a,a:005877_jpg,8
c_frame1094_jpg.jpg,train,c,c:frame1094_jpg,1
a_001186_jpg.jpg,train,a,a:001186_jpg,3
c_kp1109_jpg.jpg,test,c,c:kp1109_jpg,1
c_helmet999984_jpg.jpg,train,c,c:helmet999984_jpg,1
c_IMG_4920_mov-13_jpg.jpg,val,c,c:IMG_4920_mov-13_jpg,1
c_img429_jpg.jpg,train,c,c:img429_jpg,4
c_packing231_jpg.jpg,test,c,c:packing231_jpg,2
c_frame1199_jpg.jpg,val,c,c:frame1199_jpg,2
c_kp77_jpg.jpg,val,c,c:kp77_jpg,2
c_p113103_jpg.jpg,val,c,c:p113103_jpg,1
c_img184_jpg.jpg,train,c,c:img184_jpg,4
c_15h_img_299_jpg.jpg,test,c,c:15h_img_299_jpg,1
c_packing1767_jpg.jpg,train,c,c:packing1767_jpg,1
c_PP02img219_jpg.jpg,val,c,c:PP02img219_jpg,3
a_002278_jpg.jpg,train,a,a:002278_jpg,1
a_004806_jpg.jpg,val,a,a:004806_jpg,5
c_kp182_jpg.jpg,val,c,c:kp182_jpg,1
a_000242_jpg.jpg,train,a,a:000242_jpg,5
c_helmet999896_jpg.jpg,train,c,c:helmet999896_jpg,2
a_001576_jpg.jpg,train,a,a:001576_jpg,3
c_frame64_jpg.jpg,val,c,c:frame64_jpg,0
c_ST_20190917_SPTHAZE_5120715_jpg.jpg,train,c,c:ST_20190917_SPTHAZE_5120715_jpg,7
c_frame2956_jpg.jpg,test,c,c:frame2956_jpg,2
b_ppe_1327_jpg.jpg,train,b,b:ppe_1327_jpg,10
b_ppe_1232_jpg.jpg,train,b,b:ppe_1232_jpg,4
a_002603_jpg.jpg,train,a,a:002603_jpg,2
c_helmet999583_jpg.jpg,test,c,c:helmet999583_jpg,1
c_mo-justin-mask-NoMask_mov-30_jpg.jpg,train,c,c:mo-justin-mask-NoMask_mov-30_jpg,2
c_img28_jpg.jpg,train,c,c:img28_jpg,6
c_frame107_jpg.jpg,train,c,c:frame107_jpg,2
c_frame2413_jpg.jpg,train,c,c:frame2413_jpg,0
a_002217_jpg.jpg,val,a,a:002217_jpg,2
c_packing1816_jpg.jpg,train,c,c:packing1816_jpg,1
c_packing1448_jpg.jpg,test,c,c:packing1448_jpg,1
c_kp1418_jpg.jpg,train,c,c:kp1418_jpg,1
c_packing1460_jpg.jpg,train,c,c:packing1460_jpg,2
a_006258_jpg.jpg,train,a,a:006258_jpg,12
c_kp166_jpg.jpg,train,c,c:kp166_jpg,2
a_006747_jpg.jpg,train,a,a:006747_jpg,1
c_frame1146_jpg.jpg,train,c,c:frame1146_jpg,1
c_N5h_img_190_jpg.jpg,train,c,c:N5h_img_190_jpg,2
b_ppe_1304_jpg.jpg,train,b,b:ppe_1304_jpg,6
b_ppe_1168_jpg.jpg,train,b,b:ppe_1168_jpg,4
c_kp1683_jpg.jpg,train,c,c:kp1683_jpg,1
b_ppe_0266_jpg.jpg,test,b,b:ppe_0266_jpg,3
c_fglov168_jpg.jpg,val,c,c:fglov168_jpg,3
b_Twalv0324_jpg.jpg,val,b,b:Twalv0324_jpg,1
b_ppe_0643_jpg.jpg,train,b,b:ppe_0643_jpg,8
c_PPE_Data_320_jpg.jpg,val,c,c:PPE_Data_320_jpg,0
c_frame3775_jpg.jpg,train,c,c:frame3775_jpg,3
c_PP02img780_jpg.jpg,val,c,c:PP02img780_jpg,5
c_helmet9991210_jpg.jpg,train,c,c:helmet9991210_jpg,1
a_005360_jpg.jpg,train,a,a:005360_jpg,13
c_frame3922_jpg.jpg,val,c,c:frame3922_jpg,1
a_004173_jpg.jpg,train,a,a:004173_jpg,4
c_PP02img733_jpg.jpg,train,c,c:PP02img733_jpg,4
a_002692_jpg.jpg,train,a,a:002692_jpg,4
c_PP02img511_jpg.jpg,val,c,c:PP02img511_jpg,6
a_003012_jpg.jpg,train,a,a:003012_jpg,3
a_005014_jpg.jpg,train,a,a:005014_jpg,3
c_PP02img126_jpg.jpg,train,c,c:PP02img126_jpg,5
c_packing1033_jpg.jpg,train,c,c:packing1033_jpg,2
c_1155x768_20200129000089_jpg.jpg,train,c,c:1155x768_20200129000089_jpg,4
c_kp122_jpg.jpg,train,c,c:kp122_jpg,1
c_kp1680_jpg.jpg,train,c,c:kp1680_jpg,1
c_packing1167_jpg.jpg,train,c,c:packing1167_jpg,2
c_frame1366_jpg.jpg,val,c,c:frame1366_jpg,0
a_000459_jpg.jpg,val,a,a:000459_jpg,2
b_Video4_51_jpg.jpg,val,b,b:Video4_51_jpg,4
c_PP02img967_jpg.jpg,val,c,c:PP02img967_jpg,4
b_Video2_173_jpg.jpg,train,b,b:Video2_173_jpg,4
c_kp40_jpg.jpg,train,c,c:kp40_jpg,1
c_PP02img83_jpg.jpg,test,c,c:PP02img83_jpg,4
a_000449_jpg.jpg,train,a,a:000449_jpg,8
a_000314_jpg.jpg,train,a,a:000314_jpg,3
b_image_987_jpg.jpg,train,b,b:image_987_jpg,2
c_kp868_jpg.jpg,train,c,c:kp868_jpg,1
c_PP02img896_jpg.jpg,train,c,c:PP02img896_jpg,1
a_000164_jpg.jpg,train,a,a:000164_jpg,4
a_000424_jpg.jpg,val,a,a:000424_jpg,2
c_PP02img1317_jpg.jpg,train,c,c:PP02img1317_jpg,8
c_frame1316_jpg.jpg,train,c,c:frame1316_jpg,1
c_PP02img1214_jpg.jpg,val,c,c:PP02img1214_jpg,1
c_PP02img1492_jpg.jpg,train,c,c:PP02img1492_jpg,4
c_frame1285_jpg.jpg,val,c,c:frame1285_jpg,0
c_kp1087_jpg.jpg,train,c,c:kp1087_jpg,1
c_PP02img828_jpg.jpg,train,c,c:PP02img828_jpg,2
c_helmet9991166_jpg.jpg,test,c,c:helmet9991166_jpg,1
a_001694_jpg.jpg,train,a,a:001694_jpg,1
c_mask-wearing-1632937856467_png_jpg.jpg,val,c,c:mask-wearing-1632937856467_png_jpg,1
c_N5h_img_124_jpg.jpg,test,c,c:N5h_img_124_jpg,2
c_PP02img348_jpg.jpg,train,c,c:PP02img348_jpg,2
a_006074_jpg.jpg,train,a,a:006074_jpg,2
a_000234_jpg.jpg,train,a,a:000234_jpg,1
a_004226_jpg.jpg,train,a,a:004226_jpg,1
c_frame124_jpg.jpg,test,c,c:frame124_jpg,2
a_001889_jpg.jpg,train,a,a:001889_jpg,1
a_006408_jpg.jpg,train,a,a:006408_jpg,8
c_helmet999745_jpg.jpg,train,c,c:helmet999745_jpg,1
c_p651352_jpg.jpg,train,c,c:p651352_jpg,1
c_kp1442_jpg.jpg,val,c,c:kp1442_jpg,1
b_ppe_0223_jpg.jpg,train,b,b:ppe_0223_jpg,10
a_000158_jpg.jpg,train,a,a:000158_jpg,3
c_nglov181_jpg.jpg,train,c,c:nglov181_jpg,3
a_001357_jpg.jpg,train,a,a:001357_jpg,16
c_kp1113_jpg.jpg,test,c,c:kp1113_jpg,1
c_packing1259_jpg.jpg,train,c,c:packing1259_jpg,1
a_002054_jpg.jpg,train,a,a:002054_jpg,3
c_packing1791_jpg.jpg,train,c,c:packing1791_jpg,1
c_packing1656_jpg.jpg,train,c,c:packing1656_jpg,2
a_000933_jpg.jpg,train,a,a:000933_jpg,1
c_PP02img724_jpg.jpg,train,c,c:PP02img724_jpg,4
a_001651_jpg.jpg,train,a,a:001651_jpg,8
c_img116_jpg.jpg,train,c,c:img116_jpg,5
c_packing1467_jpg.jpg,train,c,c:packing1467_jpg,2
c_helmet9991153_jpg.jpg,train,c,c:helmet9991153_jpg,1
c_PP02img409_jpg.jpg,train,c,c:PP02img409_jpg,5
a_005152_jpg.jpg,train,a,a:005152_jpg,6
c_PP02img1323_jpg.jpg,test,c,c:PP02img1323_jpg,6
c_fglov175_jpg.jpg,test,c,c:fglov175_jpg,3
c_kp375_jpg.jpg,train,c,c:kp375_jpg,1
a_003929_jpg.jpg,val,a,a:003929_jpg,2
a_004756_jpg.jpg,train,a,a:004756_jpg,3
b_ppe_0573_jpg.jpg,train,b,b:ppe_0573_jpg,14
c_kp1639_jpg.jpg,train,c,c:kp1639_jpg,1
c_kp610_jpg.jpg,train,c,c:kp610_jpg,2
a_004723_jpg.jpg,test,a,a:004723_jpg,11
c_N5h_img_229_jpg.jpg,train,c,c:N5h_img_229_jpg,1
c_PP02img1376_jpg.jpg,train,c,c:PP02img1376_jpg,3
c_kp73_jpg.jpg,val,c,c:kp73_jpg,2
c_img112_jpg.jpg,train,c,c:img112_jpg,3
c_kp867_jpg.jpg,val,c,c:kp867_jpg,1
c_PP02img132_jpg.jpg,test,c,c:PP02img132_jpg,7
c_kp1949_jpg.jpg,val,c,c:kp1949_jpg,1
c_nglov161_jpg.jpg,train,c,c:nglov161_jpg,5
b_00350_jpg.jpg,train,b,b:00350_jpg,9
b_ppe_0096_jpg.jpg,train,b,b:ppe_0096_jpg,3
c_kp1434_jpg.jpg,val,c,c:kp1434_jpg,1
c_img393_jpg.jpg,test,c,c:img393_jpg,4
c_PXL_20210930_151752537_jpg.jpg,train,c,c:PXL_20210930_151752537_jpg,1
c_PP02img209_jpg.jpg,train,c,c:PP02img209_jpg,4
a_006829_jpg.jpg,train,a,a:006829_jpg,2
c_packing1540_jpg.jpg,train,c,c:packing1540_jpg,1
c_frame136_jpg.jpg,train,c,c:frame136_jpg,1
b_r119_jpg.jpg,train,b,b:r119_jpg,2
a_006362_jpg.jpg,train,a,a:006362_jpg,1
b_image_93_jpg.jpg,train,b,b:image_93_jpg,3
a_005474_jpg.jpg,train,a,a:005474_jpg,1
a_004265_jpg.jpg,train,a,a:004265_jpg,3
b_image_1300_jpg.jpg,val,b,b:image_1300_jpg,3
c_-1x-1_jpg.jpg,train,c,c:-1x-1_jpg,13
c_kp36_jpg.jpg,train,c,c:kp36_jpg,2
c_frame279_jpg.jpg,train,c,c:frame279_jpg,1
c_frame3760_jpg.jpg,train,c,c:frame3760_jpg,3
c_download--4-_jpeg_jpg.jpg,val,c,c:download--4-_jpeg_jpg,1
c_img373_jpg.jpg,train,c,c:img373_jpg,2
c_img355_jpg.jpg,train,c,c:img355_jpg,2
a_004097_jpg.jpg,train,a,a:004097_jpg,1
c_kp772_jpg.jpg,train,c,c:kp772_jpg,1
a_006138_jpg.jpg,train,a,a:006138_jpg,7
c_packing44_jpg.jpg,train,c,c:packing44_jpg,1
c_frame101_jpg.jpg,val,c,c:frame101_jpg,2
a_001282_jpg.jpg,test,a,a:001282_jpg,8
b_ppe_0486_jpg.jpg,val,b,b:ppe_0486_jpg,3
b_image_386_jpg.jpg,test,b,b:image_386_jpg,2
b_ppe_1109_jpg.jpg,train,b,b:ppe_1109_jpg,1
a_005663_jpg.jpg,val,a,a:005663_jpg,2
c_PP02img231_jpg.jpg,test,c,c:PP02img231_jpg,3
b_image_61_jpg.jpg,val,b,b:image_61_jpg,3
c_packing1667_jpg.jpg,train,c,c:packing1667_jpg,2
c_nglov126_jpg.jpg,test,c,c:nglov126_jpg,4
c_kp1547_jpg.jpg,train,c,c:kp1547_jpg,2
c_kp415_jpg.jpg,train,c,c:kp415_jpg,1
c_p65621348_jpg.jpg,train,c,c:p65621348_jpg,1
a_002755_jpg.jpg,train,a,a:002755_jpg,2
c_NVR-09_Trim_new_Trim-2504_jpg.jpg,train,c,c:NVR-09_Trim_new_Trim-2504_jpg,3
c_frame53_jpg.jpg,train,c,c:frame53_jpg,0
c_packing888_jpg.jpg,train,c,c:packing888_jpg,1
c_PP02img496_jpg.jpg,train,c,c:PP02img496_jpg,8
b_ppe_0781_jpg.jpg,train,b,b:ppe_0781_jpg,6
c_img338_jpg.jpg,train,c,c:img338_jpg,3
b_image_247_jpg.jpg,train,b,b:image_247_jpg,3
b_ppe_0772_jpg.jpg,train,b,b:ppe_0772_jpg,4
c_img269_jpg.jpg,train,c,c:img269_jpg,4
c_frame1148--2-_jpg.jpg,train,c,c:frame1148--2-_jpg,0
c_NVR-09_Trim_new_Trim-2690_jpg.jpg,val,c,c:NVR-09_Trim_new_Trim-2690_jpg,3
b_r167_jpg.jpg,val,b,b:r167_jpg,6
b_Video4_224_jpg.jpg,test,b,b:Video4_224_jpg,5
c_nglovpp244_jpg.jpg,train,c,c:nglovpp244_jpg,2
c_mask-wearing-1632937512804_png_jpg.jpg,train,c,c:mask-wearing-1632937512804_png_jpg,1
c_PXL_20210930_152039085_jpg.jpg,train,c,c:PXL_20210930_152039085_jpg,1
a_006635_jpg.jpg,val,a,a:006635_jpg,2
c_PP02img280_jpg.jpg,train,c,c:PP02img280_jpg,3
c_Inside-merge_mov-14_jpg.jpg,train,c,c:Inside-merge_mov-14_jpg,0
a_005700_jpg.jpg,train,a,a:005700_jpg,2
c_helmet999977_jpg.jpg,train,c,c:helmet999977_jpg,1
c_helmet999787_jpg.jpg,train,c,c:helmet999787_jpg,1
c_kp1643_jpg.jpg,test,c,c:kp1643_jpg,1
a_006730_jpg.jpg,train,a,a:006730_jpg,3
c_frame2204_jpg.jpg,train,c,c:frame2204_jpg,0
c_NVR-09_Trim_new_Trim-2313_jpg.jpg,test,c,c:NVR-09_Trim_new_Trim-2313_jpg,0
c_mask-wearing-1632932251429_png_jpg.jpg,train,c,c:mask-wearing-1632932251429_png_jpg,1
c_frame7_jpg.jpg,val,c,c:frame7_jpg,0
a_003313_jpg.jpg,train,a,a:003313_jpg,1
c_kp778_jpg.jpg,train,c,c:kp778_jpg,1
a_005300_jpg.jpg,test,a,a:005300_jpg,2
a_005892_jpg.jpg,train,a,a:005892_jpg,4
c_PPE_Data_106_jpg.jpg,test,c,c:PPE_Data_106_jpg,1
c_PP02img1206_jpg.jpg,train,c,c:PP02img1206_jpg,3
b_image_171_jpg.jpg,val,b,b:image_171_jpg,4
b_images-2022-07-04T013836_jpg.jpg,test,b,b:images-2022-07-04T013836_jpg,1
c_frame260_jpg.jpg,train,c,c:frame260_jpg,1
c_packing596_jpg.jpg,train,c,c:packing596_jpg,1
a_005808_jpg.jpg,train,a,a:005808_jpg,1
c_PP02img1138_jpg.jpg,train,c,c:PP02img1138_jpg,7
a_006036_jpg.jpg,train,a,a:006036_jpg,1
c_fglov125_jpg.jpg,train,c,c:fglov125_jpg,4
c_kp1180_jpg.jpg,train,c,c:kp1180_jpg,1
c_kp451_jpg.jpg,train,c,c:kp451_jpg,1
c_packing50_jpg.jpg,train,c,c:packing50_jpg,2
c_nglov127_jpg.jpg,train,c,c:nglov127_jpg,2
c_packing1002_jpg.jpg,train,c,c:packing1002_jpg,2
a_005255_jpg.jpg,train,a,a:005255_jpg,4
a_002014_jpg.jpg,train,a,a:002014_jpg,1
c_packing6_jpg.jpg,train,c,c:packing6_jpg,1
a_001092_jpg.jpg,train,a,a:001092_jpg,3
c_goggle8765128_jpg.jpg,train,c,c:goggle8765128_jpg,1
c_goggle8765169_jpg.jpg,val,c,c:goggle8765169_jpg,1
c_kp1224_jpg.jpg,train,c,c:kp1224_jpg,1
b_ppe_1273_jpg.jpg,train,b,b:ppe_1273_jpg,4
b_Video1_15_jpg.jpg,train,b,b:Video1_15_jpg,6
c_frame88_jpg.jpg,train,c,c:frame88_jpg,3
a_005310_jpg.jpg,train,a,a:005310_jpg,1
c_packing1476_jpg.jpg,train,c,c:packing1476_jpg,1
c_kp458_jpg.jpg,train,c,c:kp458_jpg,1
c_PP02img965_jpg.jpg,train,c,c:PP02img965_jpg,3
c_frame1128_jpg.jpg,train,c,c:frame1128_jpg,0
b_ppe_1122_jpg.jpg,train,b,b:ppe_1122_jpg,5
c_frame1361_jpg.jpg,val,c,c:frame1361_jpg,0
c_Mask-detector1_mov-17_jpg.jpg,train,c,c:Mask-detector1_mov-17_jpg,1
c_PP02img80_jpg.jpg,train,c,c:PP02img80_jpg,2
a_002181_jpg.jpg,train,a,a:002181_jpg,5
c_img222_jpg.jpg,train,c,c:img222_jpg,4
c_frame1118_jpg.jpg,val,c,c:frame1118_jpg,1
a_005673_jpg.jpg,test,a,a:005673_jpg,12
b_00035_jpg.jpg,test,b,b:00035_jpg,4
c_kp809_jpg.jpg,val,c,c:kp809_jpg,1
b_image_285_jpg.jpg,val,b,b:image_285_jpg,3
a_003766_jpg.jpg,train,a,a:003766_jpg,9
c_PP02img852_jpg.jpg,train,c,c:PP02img852_jpg,1
c_fglov1179_jpg.jpg,train,c,c:fglov1179_jpg,1
c_kp770_jpg.jpg,train,c,c:kp770_jpg,1
b_ppe_0276_jpg.jpg,train,b,b:ppe_0276_jpg,3
c_frame100_jpg.jpg,train,c,c:frame100_jpg,2
a_001623_jpg.jpg,train,a,a:001623_jpg,1
c_PP02img264_jpg.jpg,val,c,c:PP02img264_jpg,4
c_N5h_img_50_jpg.jpg,train,c,c:N5h_img_50_jpg,1
c_packing1026_jpg.jpg,train,c,c:packing1026_jpg,2
a_004054_jpg.jpg,val,a,a:004054_jpg,2
c_kp1922_jpg.jpg,train,c,c:kp1922_jpg,1
c_packing225_jpg.jpg,val,c,c:packing225_jpg,3
c_PP02img1192_jpg.jpg,train,c,c:PP02img1192_jpg,1
a_006244_jpg.jpg,val,a,a:006244_jpg,2
c_packing1848_jpg.jpg,train,c,c:packing1848_jpg,1
a_006679_jpg.jpg,train,a,a:006679_jpg,1
c_PP02img1024_jpg.jpg,train,c,c:PP02img1024_jpg,2
c_PPE_Data_119_jpg.jpg,train,c,c:PPE_Data_119_jpg,1
c_kp224_jpg.jpg,train,c,c:kp224_jpg,1
a_005147_jpg.jpg,train,a,a:005147_jpg,1
b_ppe_1257_jpg.jpg,train,b,b:ppe_1257_jpg,8
b_image_153_jpg.jpg,train,b,b:image_153_jpg,4
a_004183_jpg.jpg,test,a,a:004183_jpg,10
b_image_270_jpg.jpg,val,b,b:image_270_jpg,3
b_ppe_1090_jpg.jpg,train,b,b:ppe_1090_jpg,5
c_kp1654_jpg.jpg,val,c,c:kp1654_jpg,1
b_image_580_jpg.jpg,train,b,b:image_580_jpg,12
c_PP02img734_jpg.jpg,train,c,c:PP02img734_jpg,2
c_p113128_jpg.jpg,val,c,c:p113128_jpg,1
b_thumb0454_jpg.jpg,train,b,b:thumb0454_jpg,2
c_kp1179_jpg.jpg,test,c,c:kp1179_jpg,1
c_img155_jpg.jpg,train,c,c:img155_jpg,4
b_ppe_0311_jpg.jpg,train,b,b:ppe_0311_jpg,5
a_001316_jpg.jpg,train,a,a:001316_jpg,1
c_PP02img1485_jpg.jpg,val,c,c:PP02img1485_jpg,2
c_fglov114_jpg.jpg,test,c,c:fglov114_jpg,3
c_005504_jpg.jpg,val,c,c:005504_jpg,3
c_kp1329_jpg.jpg,train,c,c:kp1329_jpg,1
c_helmet999642_jpg.jpg,train,c,c:helmet999642_jpg,1
a_004903_jpg.jpg,train,a,a:004903_jpg,3
c_PP02img13_jpg.jpg,train,c,c:PP02img13_jpg,4
c_kp656_jpg.jpg,test,c,c:kp656_jpg,2
c_PPE_Data_692_jpg.jpg,val,c,c:PPE_Data_692_jpg,0
c_frame531_jpg.jpg,train,c,c:frame531_jpg,1
c_fglov1169_jpg.jpg,train,c,c:fglov1169_jpg,2
a_001704_jpg.jpg,val,a,a:001704_jpg,2
c_IMG_4920_mov-14_jpg.jpg,val,c,c:IMG_4920_mov-14_jpg,1
b_image_1568_jpg.jpg,val,b,b:image_1568_jpg,3
b_ppe_0416_jpg.jpg,train,b,b:ppe_0416_jpg,3
a_006129_jpg.jpg,train,a,a:006129_jpg,1
c_PP02img671_jpg.jpg,val,c,c:PP02img671_jpg,1
c_goggle8765195_jpg.jpg,train,c,c:goggle8765195_jpg,7
a_004020_jpg.jpg,train,a,a:004020_jpg,2
c_kp816_jpg.jpg,train,c,c:kp816_jpg,1
b_image_1640_jpg.jpg,train,b,b:image_1640_jpg,3
c_p65213129_jpg.jpg,train,c,c:p65213129_jpg,1
c_PP02img133_jpg.jpg,val,c,c:PP02img133_jpg,5
c_kp1744_jpg.jpg,test,c,c:kp1744_jpg,1
c_nglov46_jpg.jpg,train,c,c:nglov46_jpg,1
c_nglovpp2164_jpg.jpg,train,c,c:nglovpp2164_jpg,6
c_frame78--3-_jpg.jpg,test,c,c:frame78--3-_jpg,2
c_frame2599_jpg.jpg,val,c,c:frame2599_jpg,2
b_image_588_jpg.jpg,test,b,b:image_588_jpg,3
c_kp820_jpg.jpg,train,c,c:kp820_jpg,1
c_helmet999931_jpg.jpg,train,c,c:helmet999931_jpg,1
c_PP02img367_jpg.jpg,test,c,c:PP02img367_jpg,4
c_packing1929_jpg.jpg,train,c,c:packing1929_jpg,1
a_006483_jpg.jpg,train,a,a:006483_jpg,2
c_kp567_jpg.jpg,train,c,c:kp567_jpg,2
c_PP02img30_jpg.jpg,test,c,c:PP02img30_jpg,4
a_003933_jpg.jpg,val,a,a:003933_jpg,3
a_001584_jpg.jpg,train,a,a:001584_jpg,1
c_nglovpp256_jpg.jpg,train,c,c:nglovpp256_jpg,3
c_frame1417_jpg.jpg,val,c,c:frame1417_jpg,1
c_mask-wearing-1632932256530_png_jpg.jpg,train,c,c:mask-wearing-1632932256530_png_jpg,1
a_006041_jpg.jpg,train,a,a:006041_jpg,2
c_PPE_Data_173_jpg.jpg,train,c,c:PPE_Data_173_jpg,4
a_006488_jpg.jpg,train,a,a:006488_jpg,1
c_IMG_4921-2_mp4-53_jpg.jpg,train,c,c:IMG_4921-2_mp4-53_jpg,1
b_ppe_0936_jpg.jpg,train,b,b:ppe_0936_jpg,4
a_001234_jpg.jpg,train,a,a:001234_jpg,1
c_kp758_jpg.jpg,train,c,c:kp758_jpg,1
a_006795_jpg.jpg,val,a,a:006795_jpg,3
c_nglov82_jpg.jpg,train,c,c:nglov82_jpg,3
c_packing641_jpg.jpg,test,c,c:packing641_jpg,1
c_frame1151_jpg.jpg,val,c,c:frame1151_jpg,1
c_kp1195_jpg.jpg,train,c,c:kp1195_jpg,1
c_frame777_jpg.jpg,val,c,c:frame777_jpg,3
c_frame684_jpg.jpg,train,c,c:frame684_jpg,0
a_000924_jpg.jpg,val,a,a:000924_jpg,4
c_frame65--2-_jpg.jpg,val,c,c:frame65--2-_jpg,2
a_002837_jpg.jpg,train,a,a:002837_jpg,1
a_001871_jpg.jpg,train,a,a:001871_jpg,3
a_005741_jpg.jpg,val,a,a:005741_jpg,1
a_006671_jpg.jpg,train,a,a:006671_jpg,9
c_frame147_jpg.jpg,train,c,c:frame147_jpg,0
c_shutterstock_584407723_jpg.jpg,val,c,c:shutterstock_584407723_jpg,3
c_packing914_jpg.jpg,train,c,c:packing914_jpg,2
c_frame258_jpg.jpg,train,c,c:frame258_jpg,1
c_PPE_Data_530_jpg.jpg,train,c,c:PPE_Data_530_jpg,0
c_helmet9991097_jpg.jpg,train,c,c:helmet9991097_jpg,1
c_005328_jpg.jpg,train,c,c:005328_jpg,1
c_img59_jpg.jpg,train,c,c:img59_jpg,4
c_packing1096_jpg.jpg,train,c,c:packing1096_jpg,2
a_000894_jpg.jpg,test,a,a:000894_jpg,13
a_003179_jpg.jpg,train,a,a:003179_jpg,1
c_nglov20_jpg.jpg,train,c,c:nglov20_jpg,1
c_kp465_jpg.jpg,train,c,c:kp465_jpg,1
c_packing73_jpg.jpg,train,c,c:packing73_jpg,2
c_nglovpp216_jpg.jpg,train,c,c:nglovpp216_jpg,2
a_005267_jpg.jpg,train,a,a:005267_jpg,5
b_Video2_18_jpg.jpg,test,b,b:Video2_18_jpg,4
a_004349_jpg.jpg,val,a,a:004349_jpg,10
b_ppe_0371_jpg.jpg,train,b,b:ppe_0371_jpg,1
c_N5h_img_223_jpg.jpg,train,c,c:N5h_img_223_jpg,1
a_006880_jpg.jpg,train,a,a:006880_jpg,6
a_006356_jpg.jpg,train,a,a:006356_jpg,4
c_packing1193_jpg.jpg,train,c,c:packing1193_jpg,2
b_ppe_1328_jpg.jpg,val,b,b:ppe_1328_jpg,27
c_PP02img890_jpg.jpg,train,c,c:PP02img890_jpg,1
c_005428_jpg.jpg,test,c,c:005428_jpg,5
c_nglovpp2151_jpg.jpg,train,c,c:nglovpp2151_jpg,4
c_kp350_jpg.jpg,train,c,c:kp350_jpg,1
c_kp1220_jpg.jpg,train,c,c:kp1220_jpg,1
c_nglovpp3195_jpg.jpg,train,c,c:nglovpp3195_jpg,1
c_kp1131_jpg.jpg,val,c,c:kp1131_jpg,1
a_000616_jpg.jpg,train,a,a:000616_jpg,8
c_mask-wearing-1632937711552_png_jpg.jpg,train,c,c:mask-wearing-1632937711552_png_jpg,1
a_000086_jpg.jpg,train,a,a:000086_jpg,2
c_packing1568_jpg.jpg,train,c,c:packing1568_jpg,3
c_frame703_jpg.jpg,val,c,c:frame703_jpg,0
c_kp520_jpg.jpg,train,c,c:kp520_jpg,2
a_003586_jpg.jpg,train,a,a:003586_jpg,4
c_PP02img830_jpg.jpg,train,c,c:PP02img830_jpg,2
b_image_864_jpg.jpg,val,b,b:image_864_jpg,2
c_PP02img996_jpg.jpg,train,c,c:PP02img996_jpg,2
a_004994_jpg.jpg,train,a,a:004994_jpg,2
a_003347_jpg.jpg,train,a,a:003347_jpg,1
b_ppe_0428_jpg.jpg,val,b,b:ppe_0428_jpg,2
c_packing27_jpg.jpg,train,c,c:packing27_jpg,2
c_img376_jpg.jpg,test,c,c:img376_jpg,4
a_003735_jpg.jpg,val,a,a:003735_jpg,22
c_PPE_Data_163_jpg.jpg,train,c,c:PPE_Data_163_jpg,2
c_packing721_jpg.jpg,test,c,c:packing721_jpg,1
c_PPE_Data_299_jpg.jpg,train,c,c:PPE_Data_299_jpg,0
c_kp1397_jpg.jpg,train,c,c:kp1397_jpg,1
a_002207_jpg.jpg,val,a,a:002207_jpg,7
b_ppe_1239_jpg.jpg,train,b,b:ppe_1239_jpg,6
b_ppe_1281_jpg.jpg,train,b,b:ppe_1281_jpg,5
c_PP02img1049_jpg.jpg,val,c,c:PP02img1049_jpg,2
c_PP02img427_jpg.jpg,train,c,c:PP02img427_jpg,6
c_packing598_jpg.jpg,train,c,c:packing598_jpg,2
c_frame1113_jpg.jpg,val,c,c:frame1113_jpg,1
b_IMG-20221020-WA0121_jpg.jpg,train,b,b:IMG-20221020-WA0121_jpg,4
c_packing1463_jpg.jpg,train,c,c:packing1463_jpg,2
b_ppe_1209_jpg.jpg,train,b,b:ppe_1209_jpg,4
c_frame1163--2-_jpg.jpg,train,c,c:frame1163--2-_jpg,0
c_kp12_jpg.jpg,train,c,c:kp12_jpg,1
c_frame1283_jpg.jpg,val,c,c:frame1283_jpg,0
c_img108_jpg.jpg,train,c,c:img108_jpg,3
c_nglov28_jpg.jpg,test,c,c:nglov28_jpg,5
a_003802_jpg.jpg,train,a,a:003802_jpg,5
c_kp44_jpg.jpg,train,c,c:kp44_jpg,1
a_005032_jpg.jpg,train,a,a:005032_jpg,2
c_PP02img993_jpg.jpg,train,c,c:PP02img993_jpg,2
b_Video4_5_jpg.jpg,train,b,b:Video4_5_jpg,4
a_000881_jpg.jpg,val,a,a:000881_jpg,8
c_Nhh_img_87_jpg.jpg,train,c,c:Nhh_img_87_jpg,1
c_nglovpp2180_jpg.jpg,train,c,c:nglovpp2180_jpg,3
a_001918_jpg.jpg,train,a,a:001918_jpg,1
c_15h_img_276_jpg.jpg,val,c,c:15h_img_276_jpg,1
c_frame1627_jpg.jpg,train,c,c:frame1627_jpg,1
a_001691_jpg.jpg,train,a,a:001691_jpg,10
c_PPE_Data_212_jpg.jpg,val,c,c:PPE_Data_212_jpg,2
a_001780_jpg.jpg,train,a,a:001780_jpg,7
c_kp1738_jpg.jpg,val,c,c:kp1738_jpg,1
c_packing1136_jpg.jpg,train,c,c:packing1136_jpg,1
c_005419_jpg.jpg,test,c,c:005419_jpg,13
c_mask-wearing-1632932297086_png_jpg.jpg,train,c,c:mask-wearing-1632932297086_png_jpg,1
a_002026_jpg.jpg,train,a,a:002026_jpg,3
c_frame2648_jpg.jpg,val,c,c:frame2648_jpg,2
a_006056_jpg.jpg,train,a,a:006056_jpg,11
c_kp864_jpg.jpg,val,c,c:kp864_jpg,1
a_000073_jpg.jpg,train,a,a:000073_jpg,9
c_packing1228_jpg.jpg,train,c,c:packing1228_jpg,2
a_007060_jpg.jpg,train,a,a:007060_jpg,5
b_ppe_0157_jpg.jpg,train,b,b:ppe_0157_jpg,3
a_000583_jpg.jpg,val,a,a:000583_jpg,2
c_PPE_Data_102_jpg.jpg,train,c,c:PPE_Data_102_jpg,0
b_image_243_jpg.jpg,test,b,b:image_243_jpg,4
c_packing1047_jpg.jpg,train,c,c:packing1047_jpg,2
c_kp1205_jpg.jpg,val,c,c:kp1205_jpg,1
c_N5h_img_2_jpg.jpg,val,c,c:N5h_img_2_jpg,3
c_fglov121_jpg.jpg,test,c,c:fglov121_jpg,4
c_kp807_jpg.jpg,train,c,c:kp807_jpg,1
c_frame109_jpg.jpg,val,c,c:frame109_jpg,2
c_N5h_img_142_jpg.jpg,train,c,c:N5h_img_142_jpg,1
b_ppe_0837_jpg.jpg,train,b,b:ppe_0837_jpg,15
c_PP02img506_jpg.jpg,train,c,c:PP02img506_jpg,4
a_003707_jpg.jpg,val,a,a:003707_jpg,2
c_Mask2_mov-32_jpg.jpg,train,c,c:Mask2_mov-32_jpg,1
a_001555_jpg.jpg,train,a,a:001555_jpg,4
c_packing1080_jpg.jpg,train,c,c:packing1080_jpg,2
c_MX_img_197_jpg.jpg,train,c,c:MX_img_197_jpg,1
c_PP02img443_jpg.jpg,val,c,c:PP02img443_jpg,5
c_MX_img_67_jpg.jpg,train,c,c:MX_img_67_jpg,2
a_002517_jpg.jpg,train,a,a:002517_jpg,5
c_PP02img1337_jpg.jpg,test,c,c:PP02img1337_jpg,5
c_frame3744_jpg.jpg,val,c,c:frame3744_jpg,2
c_kp311_jpg.jpg,train,c,c:kp311_jpg,1
a_005725_jpg.jpg,train,a,a:005725_jpg,2
c_kp1354_jpg.jpg,val,c,c:kp1354_jpg,1
a_003284_jpg.jpg,train,a,a:003284_jpg,1
c_MX_img_117_jpg.jpg,test,c,c:MX_img_117_jpg,1
c_PP02img651_jpg.jpg,train,c,c:PP02img651_jpg,3
c_packing195_jpg.jpg,train,c,c:packing195_jpg,1
b_image_862_jpg.jpg,train,b,b:image_862_jpg,3
a_004618_jpg.jpg,val,a,a:004618_jpg,10
a_004203_jpg.jpg,train,a,a:004203_jpg,1
c_PP02img982_jpg.jpg,test,c,c:PP02img982_jpg,2
c_frame1557_jpg.jpg,test,c,c:frame1557_jpg,1
a_005634_jpg.jpg,train,a,a:005634_jpg,5
c_nglovpp2102_jpg.jpg,train,c,c:nglovpp2102_jpg,4
c_N5h_img_233_jpg.jpg,train,c,c:N5h_img_233_jpg,1
c_PPE_Data_628_jpg.jpg,val,c,c:PPE_Data_628_jpg,2
c_packing1461_jpg.jpg,val,c,c:packing1461_jpg,1
a_001725_jpg.jpg,test,a,a:001725_jpg,3
c_kp1322_jpg.jpg,train,c,c:kp1322_jpg,1
c_frame1106_jpg.jpg,train,c,c:frame1106_jpg,1
c_PP02img452_jpg.jpg,train,c,c:PP02img452_jpg,4
a_002153_jpg.jpg,test,a,a:002153_jpg,2
b_ppe_0850_jpg.jpg,val,b,b:ppe_0850_jpg,4
c_kp1848_jpg.jpg,train,c,c:kp1848_jpg,1
c_PP02img817_jpg.jpg,train,c,c:PP02img817_jpg,1
c_img36_jpg.jpg,train,c,c:img36_jpg,5
c_kp309_jpg.jpg,train,c,c:kp309_jpg,1
a_002255_jpg.jpg,val,a,a:002255_jpg,2
c_p113162_jpg.jpg,test,c,c:p113162_jpg,1
c_packing690_jpg.jpg,train,c,c:packing690_jpg,1
c_frame731_jpg.jpg,train,c,c:frame731_jpg,3
c_mask-wearing-1632932312273_png_jpg.jpg,train,c,c:mask-wearing-1632932312273_png_jpg,1
c_frame1147--2-_jpg.jpg,train,c,c:frame1147--2-_jpg,0
a_006879_jpg.jpg,test,a,a:006879_jpg,5
c_nglov131_jpg.jpg,val,c,c:nglov131_jpg,3
a_006066_jpg.jpg,train,a,a:006066_jpg,1
c_packing1404_jpg.jpg,val,c,c:packing1404_jpg,1
c_kp1040_jpg.jpg,train,c,c:kp1040_jpg,1
c_p656213200_jpg.jpg,val,c,c:p656213200_jpg,1
c_PP02img9_jpg.jpg,train,c,c:PP02img9_jpg,5
c_mask-wearing-1632937938545_png_jpg.jpg,train,c,c:mask-wearing-1632937938545_png_jpg,1
c_Nhh_img_188_jpg.jpg,train,c,c:Nhh_img_188_jpg,1
c_PP02img1499_jpg.jpg,train,c,c:PP02img1499_jpg,4
c_PPE_Data_693_jpg.jpg,val,c,c:PPE_Data_693_jpg,0
c_kp1769_jpg.jpg,val,c,c:kp1769_jpg,1
b_ppe_1012_jpg.jpg,train,b,b:ppe_1012_jpg,2
c_packing551_jpg.jpg,train,c,c:packing551_jpg,2
c_goggle8765188_jpg.jpg,test,c,c:goggle8765188_jpg,2
c_kp899_jpg.jpg,test,c,c:kp899_jpg,1
c_kp1524_jpg.jpg,train,c,c:kp1524_jpg,2
a_004288_jpg.jpg,train,a,a:004288_jpg,6
c_PP02img1111_jpg.jpg,test,c,c:PP02img1111_jpg,2
a_003758_jpg.jpg,train,a,a:003758_jpg,7
a_006083_jpg.jpg,train,a,a:006083_jpg,5
a_006123_jpg.jpg,train,a,a:006123_jpg,1
c_helmet9991091_jpg.jpg,train,c,c:helmet9991091_jpg,1
b_ppe_1018_jpg.jpg,val,b,b:ppe_1018_jpg,2
c_img496_jpg.jpg,train,c,c:img496_jpg,3
c_Inside-merge_mov-8_jpg.jpg,train,c,c:Inside-merge_mov-8_jpg,0
c_frame437_jpg.jpg,test,c,c:frame437_jpg,2
c_img469_jpg.jpg,test,c,c:img469_jpg,2
a_003315_jpg.jpg,val,a,a:003315_jpg,2
c_kp277_jpg.jpg,val,c,c:kp277_jpg,1
b_image_312_jpg.jpg,train,b,b:image_312_jpg,1
c_nglovpp2112_jpg.jpg,train,c,c:nglovpp2112_jpg,4
c_kp1845_jpg.jpg,val,c,c:kp1845_jpg,1
c_nglovpp2130_jpg.jpg,train,c,c:nglovpp2130_jpg,3
c_IMG_4921-2_mp4-110_jpg.jpg,train,c,c:IMG_4921-2_mp4-110_jpg,1
c_PP02img884_jpg.jpg,train,c,c:PP02img884_jpg,1
c_PP02img281_jpg.jpg,train,c,c:PP02img281_jpg,5
c_kp1457_jpg.jpg,train,c,c:kp1457_jpg,1
b_ppe_1235_jpg.jpg,val,b,b:ppe_1235_jpg,2
c_nglovpp2190_jpg.jpg,test,c,c:nglovpp2190_jpg,5
b_image_221_jpg.jpg,train,b,b:image_221_jpg,7
c_NVR-09_Trim_new_Trim-0669_jpg.jpg,train,c,c:NVR-09_Trim_new_Trim-0669_jpg,2
a_003336_jpg.jpg,train,a,a:003336_jpg,1
c_packing1534_jpg.jpg,train,c,c:packing1534_jpg,2
a_001731_jpg.jpg,train,a,a:001731_jpg,4
a_006555_jpg.jpg,train,a,a:006555_jpg,3
c_kp1582_jpg.jpg,train,c,c:kp1582_jpg,1
b_ppe_0777_jpg.jpg,train,b,b:ppe_0777_jpg,16
c_img378_jpg.jpg,val,c,c:img378_jpg,3
b_Aitin3852_jpg.jpg,train,b,b:Aitin3852_jpg,31
a_000299_jpg.jpg,train,a,a:000299_jpg,5
c_frame1561_jpg.jpg,test,c,c:frame1561_jpg,1
c_kp421_jpg.jpg,train,c,c:kp421_jpg,1
c_nglovpp345_jpg.jpg,train,c,c:nglovpp345_jpg,1
b_image_1652_jpg.jpg,train,b,b:image_1652_jpg,3
b_image_920_jpg.jpg,val,b,b:image_920_jpg,3
c_img1_jpg.jpg,train,c,c:img1_jpg,6
b_TsirinTu0046_jpg.jpg,train,b,b:TsirinTu0046_jpg,6
c_mask-wearing-1632932097427_png_jpg.jpg,train,c,c:mask-wearing-1632932097427_png_jpg,2
c_MX_img_44_jpg.jpg,val,c,c:MX_img_44_jpg,1
a_006520_jpg.jpg,train,a,a:006520_jpg,7
b_Video3_26_jpg.jpg,val,b,b:Video3_26_jpg,4
b_Aitin0937_jpg.jpg,train,b,b:Aitin0937_jpg,10
a_000167_jpg.jpg,train,a,a:000167_jpg,3
a_006898_jpg.jpg,train,a,a:006898_jpg,7
c_frame2306_jpg.jpg,train,c,c:frame2306_jpg,2
b_image_726_jpg.jpg,train,b,b:image_726_jpg,2
c_kp1363_jpg.jpg,train,c,c:kp1363_jpg,1
a_003949_jpg.jpg,train,a,a:003949_jpg,2
a_005170_jpg.jpg,train,a,a:005170_jpg,7
a_002657_jpg.jpg,train,a,a:002657_jpg,3
c_PP02img1264_jpg.jpg,train,c,c:PP02img1264_jpg,4
b_ppe_0737_jpg.jpg,val,b,b:ppe_0737_jpg,2
a_002403_jpg.jpg,train,a,a:002403_jpg,3
b_image_858_jpg.jpg,val,b,b:image_858_jpg,3
c_PP02img547_jpg.jpg,val,c,c:PP02img547_jpg,7
c_005515_jpg.jpg,train,c,c:005515_jpg,3
c_packing1429_jpg.jpg,train,c,c:packing1429_jpg,1
b_ppe_1244_jpg.jpg,train,b,b:ppe_1244_jpg,3
c_MX_img_145_jpg.jpg,test,c,c:MX_img_145_jpg,1
c_helmet999943_jpg.jpg,train,c,c:helmet999943_jpg,1
c_packing199_jpg.jpg,train,c,c:packing199_jpg,2
c_helmet9991004_jpg.jpg,train,c,c:helmet9991004_jpg,1
a_004913_jpg.jpg,train,a,a:004913_jpg,3
c_frame133_jpg.jpg,train,c,c:frame133_jpg,2
c_mask-wearing-1632937930163_png_jpg.jpg,test,c,c:mask-wearing-1632937930163_png_jpg,1
c_kp1236_jpg.jpg,train,c,c:kp1236_jpg,1
c_frame1300_jpg.jpg,train,c,c:frame1300_jpg,1
b_image_1294_jpg.jpg,train,b,b:image_1294_jpg,6
c_p11350_jpg.jpg,train,c,c:p11350_jpg,1
b_ppe_0071_jpg.jpg,val,b,b:ppe_0071_jpg,3
c_kp680_jpg.jpg,train,c,c:kp680_jpg,1
a_000376_jpg.jpg,train,a,a:000376_jpg,8
a_005204_jpg.jpg,val,a,a:005204_jpg,6
c_kp341_jpg.jpg,val,c,c:kp341_jpg,1
b_00347_jpg.jpg,val,b,b:00347_jpg,1
c_PPE_Data_259_jpg.jpg,test,c,c:PPE_Data_259_jpg,0
c_N5h_img_189_jpg.jpg,val,c,c:N5h_img_189_jpg,2
c_kp583_jpg.jpg,test,c,c:kp583_jpg,2
c_kp938_jpg.jpg,train,c,c:kp938_jpg,1
b_image_96_jpg.jpg,train,b,b:image_96_jpg,4
a_003174_jpg.jpg,train,a,a:003174_jpg,9
c_packing1589_jpg.jpg,train,c,c:packing1589_jpg,3
a_005383_jpg.jpg,train,a,a:005383_jpg,6
b_Video2_10_jpg.jpg,test,b,b:Video2_10_jpg,4
c_NX_img_99_jpg.jpg,val,c,c:NX_img_99_jpg,1
c_mo-justin-mask-NoMask_mov-32_jpg.jpg,test,c,c:mo-justin-mask-NoMask_mov-32_jpg,2
c_packing1883_jpg.jpg,train,c,c:packing1883_jpg,1
a_003771_jpg.jpg,train,a,a:003771_jpg,6
c_frame3818_jpg.jpg,train,c,c:frame3818_jpg,3
c_skypost16012020a01s_jpg.jpg,val,c,c:skypost16012020a01s_jpg,14
c_PP02img1451_jpg.jpg,train,c,c:PP02img1451_jpg,8
c_helmet999898_jpg.jpg,train,c,c:helmet999898_jpg,2
c_PPE_Data_317_jpg.jpg,train,c,c:PPE_Data_317_jpg,2
c_img104_jpg.jpg,train,c,c:img104_jpg,4
c_Mask2_mov-61_jpg.jpg,train,c,c:Mask2_mov-61_jpg,1
b_Video4_255_jpg.jpg,test,b,b:Video4_255_jpg,6
b_ppe_0011_jpg.jpg,train,b,b:ppe_0011_jpg,2
c_RTX7CD4D-e1580252893876_jpg.jpg,val,c,c:RTX7CD4D-e1580252893876_jpg,4
a_003026_jpg.jpg,train,a,a:003026_jpg,4
c_goggle8765122_jpg.jpg,train,c,c:goggle8765122_jpg,1
c_frame1303_jpg.jpg,val,c,c:frame1303_jpg,1
c_p65213162_jpg.jpg,train,c,c:p65213162_jpg,1
a_000236_jpg.jpg,train,a,a:000236_jpg,8
a_001043_jpg.jpg,train,a,a:001043_jpg,1
c_packing76_jpg.jpg,train,c,c:packing76_jpg,2
b_image_1050_jpg.jpg,train,b,b:image_1050_jpg,3
c_PPE_Data_282_jpg.jpg,train,c,c:PPE_Data_282_jpg,2
c_packing642_jpg.jpg,train,c,c:packing642_jpg,1
c_kp919_jpg.jpg,train,c,c:kp919_jpg,1
c_frame275_jpg.jpg,val,c,c:frame275_jpg,1
a_005209_jpg.jpg,train,a,a:005209_jpg,1
c_PP02img1480_jpg.jpg,train,c,c:PP02img1480_jpg,2
c_p113172_jpg.jpg,train,c,c:p113172_jpg,1
b_ppe_0277_jpg.jpg,train,b,b:ppe_0277_jpg,2
c_packing1598_jpg.jpg,train,c,c:packing1598_jpg,3
a_001005_jpg.jpg,train,a,a:001005_jpg,4
c_PP02img633_jpg.jpg,val,c,c:PP02img633_jpg,7
c_frame138_jpg.jpg,train,c,c:frame138_jpg,1
a_004920_jpg.jpg,train,a,a:004920_jpg,10
c_packing1625_jpg.jpg,train,c,c:packing1625_jpg,2
c_packing878_jpg.jpg,train,c,c:packing878_jpg,2
c_000_1ov3n5_0_jpeg_jpg.jpg,val,c,c:000_1ov3n5_0_jpeg_jpg,1
a_004902_jpg.jpg,train,a,a:004902_jpg,7
c_PP02img764_jpg.jpg,train,c,c:PP02img764_jpg,6
c_PP02img168_jpg.jpg,train,c,c:PP02img168_jpg,2
a_001037_jpg.jpg,val,a,a:001037_jpg,2
c_helmet999991_jpg.jpg,train,c,c:helmet999991_jpg,1
c_frame1103--2-_jpg.jpg,train,c,c:frame1103--2-_jpg,0
c_kp426_jpg.jpg,test,c,c:kp426_jpg,1
c_kp721_jpg.jpg,val,c,c:kp721_jpg,1
c_PP02img957_jpg.jpg,train,c,c:PP02img957_jpg,1
a_006430_jpg.jpg,train,a,a:006430_jpg,3
c_PP02img1476_jpg.jpg,train,c,c:PP02img1476_jpg,4
c_img344_jpg.jpg,train,c,c:img344_jpg,2
a_002479_jpg.jpg,train,a,a:002479_jpg,3
c_nglov86_jpg.jpg,test,c,c:nglov86_jpg,2
c_PP02img112_jpg.jpg,train,c,c:PP02img112_jpg,7
a_001659_jpg.jpg,train,a,a:001659_jpg,1
c_img206_jpg.jpg,train,c,c:img206_jpg,3
b_Video4_278_jpg.jpg,train,b,b:Video4_278_jpg,4
b_image_640_jpg.jpg,train,b,b:image_640_jpg,2
b_Video4_65_jpg.jpg,train,b,b:Video4_65_jpg,4
c_mask-wearing-1632937533220_png_jpg.jpg,train,c,c:mask-wearing-1632937533220_png_jpg,1
c_kp1714_jpg.jpg,train,c,c:kp1714_jpg,1
c_img300_jpg.jpg,train,c,c:img300_jpg,4
c_PP02img1096_jpg.jpg,train,c,c:PP02img1096_jpg,4
c_PP02img1061_jpg.jpg,val,c,c:PP02img1061_jpg,2
c_packing806_jpg.jpg,train,c,c:packing806_jpg,2
c_packing848_jpg.jpg,train,c,c:packing848_jpg,2
c_frame1649_jpg.jpg,train,c,c:frame1649_jpg,1
c_img356_jpg.jpg,train,c,c:img356_jpg,2
b_image_1188_jpg.jpg,train,b,b:image_1188_jpg,6
c_kp1207_jpg.jpg,val,c,c:kp1207_jpg,1
c_frame1076_jpg.jpg,train,c,c:frame1076_jpg,0
c_PPE_Data_784_jpg.jpg,val,c,c:PPE_Data_784_jpg,2
c_packing329_jpg.jpg,train,c,c:packing329_jpg,1
a_003865_jpg.jpg,train,a,a:003865_jpg,8
c_nglovpp2131_jpg.jpg,train,c,c:nglovpp2131_jpg,4
c_kp1371_jpg.jpg,train,c,c:kp1371_jpg,1
c_NVR-09_Trim_new_Trim-0201_jpg.jpg,train,c,c:NVR-09_Trim_new_Trim-0201_jpg,0
c_PP02img1002_jpg.jpg,train,c,c:PP02img1002_jpg,4
c_helmet9991105_jpg.jpg,train,c,c:helmet9991105_jpg,1
b_image_957_jpg.jpg,train,b,b:image_957_jpg,3
b_ppe_0388_jpg.jpg,train,b,b:ppe_0388_jpg,7
a_002811_jpg.jpg,train,a,a:002811_jpg,7
c_frame101--3-_jpg.jpg,train,c,c:frame101--3-_jpg,3
a_006451_jpg.jpg,train,a,a:006451_jpg,10
c_helmet999926_jpg.jpg,train,c,c:helmet999926_jpg,2
a_006250_jpg.jpg,train,a,a:006250_jpg,10
c_PP02img874_jpg.jpg,train,c,c:PP02img874_jpg,1
c_NX_img_6_jpg.jpg,val,c,c:NX_img_6_jpg,1
c_kp1149_jpg.jpg,test,c,c:kp1149_jpg,1
a_001407_jpg.jpg,train,a,a:001407_jpg,2
a_006725_jpg.jpg,train,a,a:006725_jpg,8
a_006633_jpg.jpg,train,a,a:006633_jpg,4
c_frame3823_jpg.jpg,train,c,c:frame3823_jpg,3
c_kp764_jpg.jpg,train,c,c:kp764_jpg,1
c_helmet9991115_jpg.jpg,val,c,c:helmet9991115_jpg,2
a_003079_jpg.jpg,train,a,a:003079_jpg,3
a_003861_jpg.jpg,val,a,a:003861_jpg,2
b_Video1_36_jpg.jpg,train,b,b:Video1_36_jpg,4
c_kp1651_jpg.jpg,train,c,c:kp1651_jpg,1
c_fglov197_jpg.jpg,train,c,c:fglov197_jpg,4
c_frame123--2-_jpg.jpg,train,c,c:frame123--2-_jpg,2
b_Video1_28_jpg.jpg,train,b,b:Video1_28_jpg,6
c_PPE_Data_144_jpg.jpg,train,c,c:PPE_Data_144_jpg,2
c_packing1447_jpg.jpg,val,c,c:packing1447_jpg,1
a_005632_jpg.jpg,train,a,a:005632_jpg,1
a_005942_jpg.jpg,train,a,a:005942_jpg,4
c_PP02img1131_jpg.jpg,train,c,c:PP02img1131_jpg,3
c_kp893_jpg.jpg,train,c,c:kp893_jpg,1
b_00176_jpg.jpg,train,b,b:00176_jpg,4
c_img41_jpg.jpg,val,c,c:img41_jpg,7
c_MX_img_125_jpg.jpg,train,c,c:MX_img_125_jpg,1
c_kp940_jpg.jpg,train,c,c:kp940_jpg,1
b_ppe_0375_jpg.jpg,train,b,b:ppe_0375_jpg,10
a_002180_jpg.jpg,test,a,a:002180_jpg,5
c_kp25_jpg.jpg,train,c,c:kp25_jpg,2
c_img275_jpg.jpg,test,c,c:img275_jpg,3
b_Video4_78_jpg.jpg,val,b,b:Video4_78_jpg,6
c_frame695_jpg.jpg,val,c,c:frame695_jpg,0
b_image_1103_jpg.jpg,val,b,b:image_1103_jpg,4
a_004112_jpg.jpg,train,a,a:004112_jpg,7
c_packing1001_jpg.jpg,train,c,c:packing1001_jpg,2
c_nglovpp2175_jpg.jpg,train,c,c:nglovpp2175_jpg,5
c_img234_jpg.jpg,train,c,c:img234_jpg,2
c_PP02img1333_jpg.jpg,train,c,c:PP02img1333_jpg,6
c_packing1264_jpg.jpg,train,c,c:packing1264_jpg,2
c_PP02img384_jpg.jpg,train,c,c:PP02img384_jpg,6
c_IMG_4921-2_mp4-77_jpg.jpg,train,c,c:IMG_4921-2_mp4-77_jpg,1
b_r113_jpg.jpg,val,b,b:r113_jpg,2
c_PPE_Data_291_jpg.jpg,train,c,c:PPE_Data_291_jpg,2
c_kp1280_jpg.jpg,train,c,c:kp1280_jpg,1
c_frame1632_jpg.jpg,test,c,c:frame1632_jpg,1
a_003448_jpg.jpg,train,a,a:003448_jpg,3
b_Video4_82_jpg.jpg,train,b,b:Video4_82_jpg,5
b_Video2_140_jpg.jpg,test,b,b:Video2_140_jpg,4
c_kp400_jpg.jpg,train,c,c:kp400_jpg,1
c_p651354_jpg.jpg,train,c,c:p651354_jpg,1
c_frame1508_jpg.jpg,train,c,c:frame1508_jpg,3
c_frame1328_jpg.jpg,test,c,c:frame1328_jpg,2
c_fglov163_jpg.jpg,val,c,c:fglov163_jpg,3
b_ppe_0467_jpg.jpg,val,b,b:ppe_0467_jpg,2
c_PP02img1146_jpg.jpg,train,c,c:PP02img1146_jpg,7
c_packing1159_jpg.jpg,val,c,c:packing1159_jpg,1
c_PP02img1340_jpg.jpg,train,c,c:PP02img1340_jpg,5
c_kp1872_jpg.jpg,val,c,c:kp1872_jpg,1
c_kp1533_jpg.jpg,train,c,c:kp1533_jpg,2
c_packing816_jpg.jpg,train,c,c:packing816_jpg,1
c_kp1871_jpg.jpg,train,c,c:kp1871_jpg,2
b_image_102_jpg.jpg,train,b,b:image_102_jpg,2
c_nglovpp2138_jpg.jpg,train,c,c:nglovpp2138_jpg,3
b_image_1401_jpg.jpg,train,b,b:image_1401_jpg,3
c_frame719_jpg.jpg,val,c,c:frame719_jpg,3
a_006229_jpg.jpg,val,a,a:006229_jpg,2
b_image_1469_jpg.jpg,train,b,b:image_1469_jpg,1
c_fglov1192_jpg.jpg,val,c,c:fglov1192_jpg,1
b_Video3_143_jpg.jpg,train,b,b:Video3_143_jpg,4
a_006850_jpg.jpg,train,a,a:006850_jpg,1
c_img421_jpg.jpg,val,c,c:img421_jpg,2
a_005367_jpg.jpg,train,a,a:005367_jpg,2
c_PP02img1234_jpg.jpg,val,c,c:PP02img1234_jpg,2
c_goggle87658_jpg.jpg,train,c,c:goggle87658_jpg,3
b_Photin0518_jpg.jpg,val,b,b:Photin0518_jpg,1
c_kp1594_jpg.jpg,test,c,c:kp1594_jpg,1
c_packing129_jpg.jpg,train,c,c:packing129_jpg,3
c_img151_jpg.jpg,train,c,c:img151_jpg,4
c_kp506_jpg.jpg,train,c,c:kp506_jpg,1
c_kp387_jpg.jpg,val,c,c:kp387_jpg,1
c_packing565_jpg.jpg,val,c,c:packing565_jpg,1
c_nglovpp2153_jpg.jpg,train,c,c:nglovpp2153_jpg,4
c_kp1266_jpg.jpg,train,c,c:kp1266_jpg,1
c_PP02img322_jpg.jpg,val,c,c:PP02img322_jpg,3
c_PPE_Data_575_jpg.jpg,test,c,c:PPE_Data_575_jpg,2
b_ppe_0238_jpg.jpg,val,b,b:ppe_0238_jpg,2
c_PP02img916_jpg.jpg,train,c,c:PP02img916_jpg,1
c_PP02img1431_jpg.jpg,train,c,c:PP02img1431_jpg,4
c_N5h_img_203_jpg.jpg,test,c,c:N5h_img_203_jpg,2
a_004857_jpg.jpg,train,a,a:004857_jpg,1
c_img365_jpg.jpg,val,c,c:img365_jpg,2
b_image_408_jpg.jpg,val,b,b:image_408_jpg,5
b_ppe_1264_jpg.jpg,train,b,b:ppe_1264_jpg,3
c_frame1257_jpg.jpg,train,c,c:frame1257_jpg,0
c_Mask2_mov-55_jpg.jpg,test,c,c:Mask2_mov-55_jpg,1
c_kp1005_jpg.jpg,train,c,c:kp1005_jpg,2
b_image_774_jpg.jpg,test,b,b:image_774_jpg,3
c_fglov170_jpg.jpg,val,c,c:fglov170_jpg,3
a_005779_jpg.jpg,train,a,a:005779_jpg,9
c_PP02img61_jpg.jpg,val,c,c:PP02img61_jpg,6
a_003881_jpg.jpg,val,a,a:003881_jpg,4
c_kp1888_jpg.jpg,val,c,c:kp1888_jpg,1
c_packing222_jpg.jpg,train,c,c:packing222_jpg,2
c_kp512_jpg.jpg,train,c,c:kp512_jpg,1
c_kp667_jpg.jpg,train,c,c:kp667_jpg,1
c_packing1828_jpg.jpg,test,c,c:packing1828_jpg,1
c_packing67_jpg.jpg,val,c,c:packing67_jpg,1
c_Nhh_img_45_jpg.jpg,train,c,c:Nhh_img_45_jpg,1
c_PP02img689_jpg.jpg,train,c,c:PP02img689_jpg,2
c_helmet9991019_jpg.jpg,test,c,c:helmet9991019_jpg,1
c_packing1697_jpg.jpg,val,c,c:packing1697_jpg,2
c_PP02img261_jpg.jpg,val,c,c:PP02img261_jpg,4
b_image_719_jpg.jpg,train,b,b:image_719_jpg,3
a_005685_jpg.jpg,val,a,a:005685_jpg,6
c_kp1538_jpg.jpg,val,c,c:kp1538_jpg,1
b_ppe_0329_jpg.jpg,train,b,b:ppe_0329_jpg,4
a_004239_jpg.jpg,train,a,a:004239_jpg,2
c_005320_jpg.jpg,train,c,c:005320_jpg,1
b_image_405_jpg.jpg,val,b,b:image_405_jpg,3
c_PPE_Data_217_jpg.jpg,test,c,c:PPE_Data_217_jpg,1
a_000500_jpg.jpg,train,a,a:000500_jpg,1
a_005325_jpg.jpg,train,a,a:005325_jpg,7
a_003102_jpg.jpg,train,a,a:003102_jpg,2
c_kp173_jpg.jpg,train,c,c:kp173_jpg,2
c_helmet999541_jpg.jpg,test,c,c:helmet999541_jpg,1
c_frame151_jpg.jpg,train,c,c:frame151_jpg,3
c_frame785_jpg.jpg,train,c,c:frame785_jpg,3
a_006721_jpg.jpg,train,a,a:006721_jpg,3
c_kp1362_jpg.jpg,train,c,c:kp1362_jpg,1
c_packing1325_jpg.jpg,train,c,c:packing1325_jpg,1
a_004145_jpg.jpg,train,a,a:004145_jpg,2
b_r142_jpg.jpg,val,b,b:r142_jpg,4
c_packing1694_jpg.jpg,train,c,c:packing1694_jpg,2
c_nglovpp228_jpg.jpg,train,c,c:nglovpp228_jpg,4
c_helmet9991208_jpg.jpg,train,c,c:helmet9991208_jpg,1
c_kp390_jpg.jpg,train,c,c:kp390_jpg,1
c_helmet999703_jpg.jpg,train,c,c:helmet999703_jpg,1
c_PP02img731_jpg.jpg,train,c,c:PP02img731_jpg,2
a_004781_jpg.jpg,train,a,a:004781_jpg,1
c_PP02img1157_jpg.jpg,train,c,c:PP02img1157_jpg,5
c_frame3752_jpg.jpg,train,c,c:frame3752_jpg,3
c_Inside-merge_mov-18_jpg.jpg,train,c,c:Inside-merge_mov-18_jpg,0
c_kp397_jpg.jpg,train,c,c:kp397_jpg,1
a_006306_jpg.jpg,train,a,a:006306_jpg,8
c_frame25_jpg.jpg,train,c,c:frame25_jpg,1
c_frame264_jpg.jpg,val,c,c:frame264_jpg,1
c_nglovpp257_jpg.jpg,train,c,c:nglovpp257_jpg,2
c_kp455_jpg.jpg,val,c,c:kp455_jpg,1
c_nglovpp399_jpg.jpg,train,c,c:nglovpp399_jpg,1
c_img411_jpg.jpg,val,c,c:img411_jpg,3
c_kp1732_jpg.jpg,train,c,c:kp1732_jpg,1
b_Tan0082_jpg.jpg,test,b,b:Tan0082_jpg,1
c_PP02img1041_jpg.jpg,val,c,c:PP02img1041_jpg,3
c_PPE_Data_51_jpg.jpg,train,c,c:PPE_Data_51_jpg,0
a_000738_jpg.jpg,val,a,a:000738_jpg,3
c_helmet999714_jpg.jpg,val,c,c:helmet999714_jpg,1
c_kp1493_jpg.jpg,train,c,c:kp1493_jpg,1
c_frame1201--2-_jpg.jpg,train,c,c:frame1201--2-_jpg,0
c_kp472_jpg.jpg,val,c,c:kp472_jpg,1
c_MX_img_61_jpg.jpg,val,c,c:MX_img_61_jpg,1
c_p65213141_jpg.jpg,train,c,c:p65213141_jpg,1
b_image_236_jpg.jpg,train,b,b:image_236_jpg,3
c_kp705_jpg.jpg,train,c,c:kp705_jpg,1
b_ppe_1121_jpg.jpg,train,b,b:ppe_1121_jpg,1
c_PPE_Data_154_jpg.jpg,test,c,c:PPE_Data_154_jpg,2
c_kp1226_jpg.jpg,train,c,c:kp1226_jpg,1
b_image_99_jpg.jpg,train,b,b:image_99_jpg,6
b_ppe_1040_jpg.jpg,train,b,b:ppe_1040_jpg,1
a_000445_jpg.jpg,train,a,a:000445_jpg,1
c_packing1215_jpg.jpg,train,c,c:packing1215_jpg,3
c_PP02img1047_jpg.jpg,train,c,c:PP02img1047_jpg,3
b_image_1533_jpg.jpg,train,b,b:image_1533_jpg,3
c_frame104--3-_jpg.jpg,test,c,c:frame104--3-_jpg,3
c_kp1946_jpg.jpg,train,c,c:kp1946_jpg,1
c_PP02img1356_jpg.jpg,val,c,c:PP02img1356_jpg,5
c_PP02img899_jpg.jpg,train,c,c:PP02img899_jpg,2
c_PP02img431_jpg.jpg,train,c,c:PP02img431_jpg,7
c_packing1453_jpg.jpg,train,c,c:packing1453_jpg,2
c_packing844_jpg.jpg,train,c,c:packing844_jpg,1
b_ppe_0046_jpg.jpg,train,b,b:ppe_0046_jpg,3
c_frame610_jpg.jpg,train,c,c:frame610_jpg,2
b_image_150_jpg.jpg,test,b,b:image_150_jpg,3
c_packing171_jpg.jpg,val,c,c:packing171_jpg,3
c_kp734_jpg.jpg,val,c,c:kp734_jpg,1
c_helmet9991132_jpg.jpg,train,c,c:helmet9991132_jpg,1
b_image_856_jpg.jpg,train,b,b:image_856_jpg,6
a_004565_jpg.jpg,train,a,a:004565_jpg,5
b_image_571_jpg.jpg,test,b,b:image_571_jpg,3
c_helmet9991052_jpg.jpg,train,c,c:helmet9991052_jpg,1
c_frame104--2-_jpg.jpg,test,c,c:frame104--2-_jpg,1
b_image_85_jpg.jpg,val,b,b:image_85_jpg,4
a_003925_jpg.jpg,train,a,a:003925_jpg,10
c_PP02img553_jpg.jpg,val,c,c:PP02img553_jpg,7
c_005519_jpg.jpg,train,c,c:005519_jpg,1
c_goggle876519_jpg.jpg,val,c,c:goggle876519_jpg,2
a_004176_jpg.jpg,train,a,a:004176_jpg,3
c_frame265_jpg.jpg,val,c,c:frame265_jpg,1
c_PP02img631_jpg.jpg,val,c,c:PP02img631_jpg,7
c_PP02img1028_jpg.jpg,val,c,c:PP02img1028_jpg,4
c_p65621380_jpg.jpg,val,c,c:p65621380_jpg,1
b_images-2022-07-04T013839_jpg.jpg,val,b,b:images-2022-07-04T013839_jpg,1
c_kp24_jpg.jpg,train,c,c:kp24_jpg,2
c_frame2356_jpg.jpg,val,c,c:frame2356_jpg,0
a_001077_jpg.jpg,train,a,a:001077_jpg,7
a_001268_jpg.jpg,train,a,a:001268_jpg,2
a_001122_jpg.jpg,train,a,a:001122_jpg,3
c_PP02img224_jpg.jpg,val,c,c:PP02img224_jpg,4
b_ppe_0803_jpg.jpg,train,b,b:ppe_0803_jpg,17
c_PP02img418_jpg.jpg,train,c,c:PP02img418_jpg,7
c_goggle8765117_jpg.jpg,test,c,c:goggle8765117_jpg,2
a_005545_jpg.jpg,train,a,a:005545_jpg,1
a_004051_jpg.jpg,train,a,a:004051_jpg,10
c_mask-wearing-1632933560455_png_jpg.jpg,train,c,c:mask-wearing-1632933560455_png_jpg,1
b_ppe_0954_jpg.jpg,train,b,b:ppe_0954_jpg,6
c_frame3845_jpg.jpg,train,c,c:frame3845_jpg,3
c_packing276_jpg.jpg,val,c,c:packing276_jpg,1
b_ppe_0138_jpg.jpg,train,b,b:ppe_0138_jpg,2
c_p651344_jpg.jpg,train,c,c:p651344_jpg,1
b_ppe_1170_jpg.jpg,test,b,b:ppe_1170_jpg,2
b_image_995_jpg.jpg,train,b,b:image_995_jpg,6
a_002703_jpg.jpg,train,a,a:002703_jpg,7
c_kp784_jpg.jpg,val,c,c:kp784_jpg,1
a_003613_jpg.jpg,train,a,a:003613_jpg,2
a_003350_jpg.jpg,train,a,a:003350_jpg,3
c_helmet9991008_jpg.jpg,val,c,c:helmet9991008_jpg,1
c_kp1356_jpg.jpg,val,c,c:kp1356_jpg,1
c_PPE_Data_697_jpg.jpg,train,c,c:PPE_Data_697_jpg,3
c_packing1398_jpg.jpg,test,c,c:packing1398_jpg,2
b_Video3_161_jpg.jpg,train,b,b:Video3_161_jpg,4
c_PPE_Data_709_jpg.jpg,val,c,c:PPE_Data_709_jpg,2
c_nglov184_jpg.jpg,val,c,c:nglov184_jpg,2
c_Mask-detector1_mov-27_jpg.jpg,train,c,c:Mask-detector1_mov-27_jpg,1
c_PP02img317_jpg.jpg,train,c,c:PP02img317_jpg,3
b_image_1447_jpg.jpg,train,b,b:image_1447_jpg,1
a_002039_jpg.jpg,train,a,a:002039_jpg,2
b_image_1008_jpg.jpg,train,b,b:image_1008_jpg,3
c_download--3-_jpeg_jpg.jpg,train,c,c:download--3-_jpeg_jpg,1
b_ppe_0876_jpg.jpg,train,b,b:ppe_0876_jpg,4
a_005431_jpg.jpg,train,a,a:005431_jpg,5
c_fglov191_jpg.jpg,train,c,c:fglov191_jpg,3
c_frame139_jpg.jpg,test,c,c:frame139_jpg,1
a_001418_jpg.jpg,val,a,a:001418_jpg,2
b_ppe_0700_jpg.jpg,val,b,b:ppe_0700_jpg,3
a_001267_jpg.jpg,train,a,a:001267_jpg,1
b_ppe_0971_jpg.jpg,train,b,b:ppe_0971_jpg,5
b_ppe_1034_jpg.jpg,train,b,b:ppe_1034_jpg,5
c_nglov175_jpg.jpg,test,c,c:nglov175_jpg,4
b_ppe_0957_jpg.jpg,train,b,b:ppe_0957_jpg,5
c_kp514_jpg.jpg,test,c,c:kp514_jpg,2
b_Photin0566_jpg.jpg,train,b,b:Photin0566_jpg,1
c_packing882_jpg.jpg,val,c,c:packing882_jpg,1
a_003764_jpg.jpg,train,a,a:003764_jpg,1
c_1249493_jpg.jpg,train,c,c:1249493_jpg,5
a_003030_jpg.jpg,val,a,a:003030_jpg,2
c_packing1802_jpg.jpg,train,c,c:packing1802_jpg,2
a_000205_jpg.jpg,train,a,a:000205_jpg,1
c_PP02img984_jpg.jpg,train,c,c:PP02img984_jpg,1
c_frame1278_jpg.jpg,train,c,c:frame1278_jpg,0
c_Nhh_img_181_jpg.jpg,train,c,c:Nhh_img_181_jpg,1
c_kp1201_jpg.jpg,train,c,c:kp1201_jpg,1
c_img387_jpg.jpg,train,c,c:img387_jpg,2
c_packing1723_jpg.jpg,val,c,c:packing1723_jpg,1
c_packing880_jpg.jpg,train,c,c:packing880_jpg,3
c_frame77--2-_jpg.jpg,val,c,c:frame77--2-_jpg,2
c_PP02img1470_jpg.jpg,train,c,c:PP02img1470_jpg,4
b_Video3_285_jpg.jpg,val,b,b:Video3_285_jpg,4
a_001404_jpg.jpg,train,a,a:001404_jpg,2
a_001360_jpg.jpg,train,a,a:001360_jpg,9
b_ppe_0600_jpg.jpg,test,b,b:ppe_0600_jpg,2
c_frame3747_jpg.jpg,train,c,c:frame3747_jpg,3
a_005986_jpg.jpg,test,a,a:005986_jpg,5
a_006672_jpg.jpg,train,a,a:006672_jpg,6
c_kp1712_jpg.jpg,train,c,c:kp1712_jpg,1
c_N5h_img_150_jpg.jpg,train,c,c:N5h_img_150_jpg,1
c_PP02img344_jpg.jpg,train,c,c:PP02img344_jpg,2
b_image_904_jpg.jpg,val,b,b:image_904_jpg,5
c_goggle876564_jpg.jpg,train,c,c:goggle876564_jpg,6
a_002496_jpg.jpg,train,a,a:002496_jpg,2
a_000627_jpg.jpg,train,a,a:000627_jpg,4
c_PP02img166_jpg.jpg,val,c,c:PP02img166_jpg,4
b_image_249_jpg.jpg,val,b,b:image_249_jpg,3
c_packing81_jpg.jpg,train,c,c:packing81_jpg,2
c_PP02img198_jpg.jpg,train,c,c:PP02img198_jpg,3
c_nglovpp3136_jpg.jpg,train,c,c:nglovpp3136_jpg,1
c_PP02img535_jpg.jpg,val,c,c:PP02img535_jpg,8
c_PP02img190_jpg.jpg,train,c,c:PP02img190_jpg,5
a_004483_jpg.jpg,train,a,a:004483_jpg,9
c_packing183_jpg.jpg,val,c,c:packing183_jpg,3
a_005296_jpg.jpg,val,a,a:005296_jpg,6
b_image_383_jpg.jpg,val,b,b:image_383_jpg,3
c_kp38_jpg.jpg,train,c,c:kp38_jpg,2
c_frame26--2-_jpg.jpg,train,c,c:frame26--2-_jpg,2
c_frame133--2-_jpg.jpg,train,c,c:frame133--2-_jpg,2
b_image_833_jpg.jpg,val,b,b:image_833_jpg,1
c_packing1173_jpg.jpg,val,c,c:packing1173_jpg,1
a_004492_jpg.jpg,train,a,a:004492_jpg,4
c_N5h_img_197_jpg.jpg,train,c,c:N5h_img_197_jpg,2
c_packing518_jpg.jpg,val,c,c:packing518_jpg,1
c_kp1287_jpg.jpg,train,c,c:kp1287_jpg,1
a_006901_jpg.jpg,train,a,a:006901_jpg,6
c_005300_jpg.jpg,val,c,c:005300_jpg,2
c_helmet9991107_jpg.jpg,train,c,c:helmet9991107_jpg,1
c_packing46_jpg.jpg,train,c,c:packing46_jpg,2
b_image_1053_jpg.jpg,test,b,b:image_1053_jpg,3
c_goggle876589_jpg.jpg,train,c,c:goggle876589_jpg,4
b_image_108_jpg.jpg,train,b,b:image_108_jpg,4
a_001405_jpg.jpg,train,a,a:001405_jpg,3
a_002707_jpg.jpg,train,a,a:002707_jpg,5
a_003955_jpg.jpg,train,a,a:003955_jpg,2
a_006895_jpg.jpg,train,a,a:006895_jpg,10
c_nglovpp289_jpg.jpg,train,c,c:nglovpp289_jpg,2
b_Twalv0440_jpg.jpg,val,b,b:Twalv0440_jpg,1
a_003465_jpg.jpg,val,a,a:003465_jpg,5
c_NX_img_11_jpg.jpg,val,c,c:NX_img_11_jpg,1
a_006705_jpg.jpg,train,a,a:006705_jpg,1
b_image_595_jpg.jpg,train,b,b:image_595_jpg,11
a_002989_jpg.jpg,val,a,a:002989_jpg,5
c_packing1735_jpg.jpg,train,c,c:packing1735_jpg,2
c_PP02img541_jpg.jpg,val,c,c:PP02img541_jpg,7
b_ppe_1105_jpg.jpg,train,b,b:ppe_1105_jpg,2
c_nglov105_jpg.jpg,val,c,c:nglov105_jpg,3
a_003676_jpg.jpg,val,a,a:003676_jpg,2
c_Inside-merge_mov-52_jpg.jpg,train,c,c:Inside-merge_mov-52_jpg,0
c_kp81_jpg.jpg,val,c,c:kp81_jpg,1
b_ppe_0347_jpg.jpg,val,b,b:ppe_0347_jpg,2
c_packing288_jpg.jpg,val,c,c:packing288_jpg,1
c_kp63_jpg.jpg,train,c,c:kp63_jpg,1
c_frame1296--2-_jpg.jpg,train,c,c:frame1296--2-_jpg,0
c_kp338_jpg.jpg,train,c,c:kp338_jpg,1
c_packing2_jpg.jpg,train,c,c:packing2_jpg,1
b_image_376_jpg.jpg,val,b,b:image_376_jpg,3
a_004033_jpg.jpg,val,a,a:004033_jpg,2
c_goggle876526_jpg.jpg,train,c,c:goggle876526_jpg,3
b_ppe_0173_jpg.jpg,test,b,b:ppe_0173_jpg,2
a_005690_jpg.jpg,val,a,a:005690_jpg,2
c_N5h_img_83_jpg.jpg,train,c,c:N5h_img_83_jpg,1
c_PP02img1236_jpg.jpg,train,c,c:PP02img1236_jpg,5
b_ppe_0864_jpg.jpg,train,b,b:ppe_0864_jpg,6
c_IMG_4921-2_mp4-67_jpg.jpg,train,c,c:IMG_4921-2_mp4-67_jpg,1
a_004442_jpg.jpg,train,a,a:004442_jpg,3
a_001680_jpg.jpg,train,a,a:001680_jpg,5
c_kp1503_jpg.jpg,train,c,c:kp1503_jpg,2
a_002024_jpg.jpg,train,a,a:002024_jpg,2
c_Mask2_mov-35_jpg.jpg,train,c,c:Mask2_mov-35_jpg,1
b_image_1398_jpg.jpg,train,b,b:image_1398_jpg,3
b_ppe_1306_jpg.jpg,train,b,b:ppe_1306_jpg,3
c_kp1436_jpg.jpg,train,c,c:kp1436_jpg,1
c_packing1056_jpg.jpg,train,c,c:packing1056_jpg,2
c_packing1003_jpg.jpg,val,c,c:packing1003_jpg,1
a_006802_jpg.jpg,train,a,a:006802_jpg,7
c_PP02img120_jpg.jpg,val,c,c:PP02img120_jpg,5
b_image_1660_jpg.jpg,test,b,b:image_1660_jpg,2
c_img362_jpg.jpg,train,c,c:img362_jpg,1
c_img11_jpg.jpg,train,c,c:img11_jpg,4
b_image_1061_jpg.jpg,train,b,b:image_1061_jpg,3
c_MX_img_154_jpg.jpg,val,c,c:MX_img_154_jpg,1
c_helmet999663_jpg.jpg,train,c,c:helmet999663_jpg,1
c_shutterstock_289132226_jpg.jpg,train,c,c:shutterstock_289132226_jpg,3
c_PP02img182_jpg.jpg,train,c,c:PP02img182_jpg,3
a_000846_jpg.jpg,train,a,a:000846_jpg,6
c_helmet999949_jpg.jpg,train,c,c:helmet999949_jpg,1
c_helmet9991175_jpg.jpg,test,c,c:helmet9991175_jpg,1
b_ppe_1145_jpg.jpg,val,b,b:ppe_1145_jpg,4
c_frame1511--2-_jpg.jpg,train,c,c:frame1511--2-_jpg,2
c_nglov49_jpg.jpg,train,c,c:nglov49_jpg,1
a_005860_jpg.jpg,train,a,a:005860_jpg,10
c_img313_jpg.jpg,train,c,c:img313_jpg,3
b_Photin0662_jpg.jpg,test,b,b:Photin0662_jpg,1
c_frame246--2-_jpg.jpg,val,c,c:frame246--2-_jpg,2
c_nglovpp2135_jpg.jpg,train,c,c:nglovpp2135_jpg,4
c_img107_jpg.jpg,train,c,c:img107_jpg,4
c_frame1637_jpg.jpg,val,c,c:frame1637_jpg,1
a_001274_jpg.jpg,val,a,a:001274_jpg,2
a_002235_jpg.jpg,val,a,a:002235_jpg,2
a_000796_jpg.jpg,train,a,a:000796_jpg,6
c_packing3_jpg.jpg,train,c,c:packing3_jpg,2
c_packing1397_jpg.jpg,train,c,c:packing1397_jpg,1
a_001144_jpg.jpg,train,a,a:001144_jpg,7
c_frame1091_jpg.jpg,train,c,c:frame1091_jpg,1
c_PP02img934_jpg.jpg,train,c,c:PP02img934_jpg,2
c_packing1719_jpg.jpg,val,c,c:packing1719_jpg,2
b_ppe_0098_jpg.jpg,train,b,b:ppe_0098_jpg,4
c_goggle8765176_jpg.jpg,train,c,c:goggle8765176_jpg,3
c_N5h_img_17_jpg.jpg,val,c,c:N5h_img_17_jpg,2
c_kp381_jpg.jpg,train,c,c:kp381_jpg,1
c_helmet999599_jpg.jpg,val,c,c:helmet999599_jpg,1
c_img483_jpg.jpg,test,c,c:img483_jpg,5
a_004801_jpg.jpg,train,a,a:004801_jpg,1
a_004320_jpg.jpg,train,a,a:004320_jpg,4
c_frame28_jpg.jpg,test,c,c:frame28_jpg,2
c_frame720_jpg.jpg,train,c,c:frame720_jpg,3
c_frame535_jpg.jpg,train,c,c:frame535_jpg,1
a_004732_jpg.jpg,train,a,a:004732_jpg,7
c_helmet999995_jpg.jpg,train,c,c:helmet999995_jpg,1
c_PP02img282_jpg.jpg,val,c,c:PP02img282_jpg,5
a_002601_jpg.jpg,test,a,a:002601_jpg,3
c_PP02img924_jpg.jpg,train,c,c:PP02img924_jpg,2
c_helmet9991087_jpg.jpg,train,c,c:helmet9991087_jpg,1
b_image_16_jpg.jpg,train,b,b:image_16_jpg,3
c_frame19--2-_jpg.jpg,test,c,c:frame19--2-_jpg,2
a_003528_jpg.jpg,train,a,a:003528_jpg,9
c_PP02img917_jpg.jpg,train,c,c:PP02img917_jpg,2
c_PXL_20210930_151815881_jpg.jpg,val,c,c:PXL_20210930_151815881_jpg,1
c_img350_jpg.jpg,train,c,c:img350_jpg,2
c_helmet999847_jpg.jpg,train,c,c:helmet999847_jpg,1
a_005477_jpg.jpg,train,a,a:005477_jpg,10
a_006960_jpg.jpg,train,a,a:006960_jpg,9
a_002177_jpg.jpg,train,a,a:002177_jpg,5
c_packing1777_jpg.jpg,train,c,c:packing1777_jpg,1
b_Video4_246_jpg.jpg,val,b,b:Video4_246_jpg,6
c_IMG_4920_mov-17_jpg.jpg,test,c,c:IMG_4920_mov-17_jpg,1
c_PP02img623_jpg.jpg,train,c,c:PP02img623_jpg,4
c_frame66--3-_jpg.jpg,train,c,c:frame66--3-_jpg,2
c_helmet9991171_jpg.jpg,test,c,c:helmet9991171_jpg,1
b_ppe_0367_jpg.jpg,test,b,b:ppe_0367_jpg,2
a_006246_jpg.jpg,train,a,a:006246_jpg,3
c_kp195_jpg.jpg,train,c,c:kp195_jpg,1
c_frame1636_jpg.jpg,train,c,c:frame1636_jpg,1
b_image_692_jpg.jpg,train,b,b:image_692_jpg,2
a_004551_jpg.jpg,train,a,a:004551_jpg,1
a_004621_jpg.jpg,train,a,a:004621_jpg,4
b_image_1788_jpg.jpg,val,b,b:image_1788_jpg,3
a_004286_jpg.jpg,train,a,a:004286_jpg,1
c_PP02img60_jpg.jpg,val,c,c:PP02img60_jpg,7
a_003503_jpg.jpg,train,a,a:003503_jpg,9
c_packing1509_jpg.jpg,train,c,c:packing1509_jpg,2
a_001547_jpg.jpg,train,a,a:001547_jpg,9
c_packing574_jpg.jpg,train,c,c:packing574_jpg,1
c_PP02img1344_jpg.jpg,train,c,c:PP02img1344_jpg,5
c_frame1168_jpg.jpg,val,c,c:frame1168_jpg,0
c_15h_img_264_jpg.jpg,val,c,c:15h_img_264_jpg,1
a_003621_jpg.jpg,train,a,a:003621_jpg,3
c_kp1637_jpg.jpg,train,c,c:kp1637_jpg,1
c_nglov67_jpg.jpg,train,c,c:nglov67_jpg,1
a_005086_jpg.jpg,val,a,a:005086_jpg,2
c_frame3904_jpg.jpg,train,c,c:frame3904_jpg,2
c_helmet999965_jpg.jpg,train,c,c:helmet999965_jpg,1
c_PXL_20210930_151856761_jpg.jpg,train,c,c:PXL_20210930_151856761_jpg,1
c_nglovpp326_jpg.jpg,val,c,c:nglovpp326_jpg,2
c_packing146_jpg.jpg,val,c,c:packing146_jpg,3
c_packing798_jpg.jpg,train,c,c:packing798_jpg,1
a_003606_jpg.jpg,train,a,a:003606_jpg,9
b_ppe_0315_jpg.jpg,train,b,b:ppe_0315_jpg,4
c_PP02img594_jpg.jpg,train,c,c:PP02img594_jpg,5
c_kp134_jpg.jpg,test,c,c:kp134_jpg,2
c_NVR-09_Trim_new_Trim-2499_jpg.jpg,train,c,c:NVR-09_Trim_new_Trim-2499_jpg,2
c_Mask-detector1_mov-20_jpg.jpg,train,c,c:Mask-detector1_mov-20_jpg,1
a_002051_jpg.jpg,train,a,a:002051_jpg,2
c_img129_jpg.jpg,train,c,c:img129_jpg,5
b_image_524_jpg.jpg,test,b,b:image_524_jpg,2
c_kp488_jpg.jpg,train,c,c:kp488_jpg,1
a_003535_jpg.jpg,train,a,a:003535_jpg,5
a_002043_jpg.jpg,train,a,a:002043_jpg,6
c_frame2132_jpg.jpg,val,c,c:frame2132_jpg,1
c_packing1360_jpg.jpg,train,c,c:packing1360_jpg,1
b_image_539_jpg.jpg,train,b,b:image_539_jpg,8
c_nglov92_jpg.jpg,train,c,c:nglov92_jpg,5
b_image_875_jpg.jpg,train,b,b:image_875_jpg,3
c_PP02img762_jpg.jpg,train,c,c:PP02img762_jpg,3
c_PP02img1120_jpg.jpg,train,c,c:PP02img1120_jpg,4
c_kp346_jpg.jpg,val,c,c:kp346_jpg,1
c_kp1318_jpg.jpg,val,c,c:kp1318_jpg,1
b_ppe_0451_jpg.jpg,train,b,b:ppe_0451_jpg,1
b_image_260_jpg.jpg,train,b,b:image_260_jpg,9
a_001833_jpg.jpg,train,a,a:001833_jpg,2
a_002381_jpg.jpg,train,a,a:002381_jpg,6
c_packing925_jpg.jpg,train,c,c:packing925_jpg,1
c_helmet9991028_jpg.jpg,test,c,c:helmet9991028_jpg,1
a_003648_jpg.jpg,train,a,a:003648_jpg,1
c_PXL_20210930_152001469_jpg.jpg,train,c,c:PXL_20210930_152001469_jpg,1
c_nglovpp224_jpg.jpg,test,c,c:nglovpp224_jpg,3
c_p65621374_jpg.jpg,train,c,c:p65621374_jpg,1
c_NX_img_25_jpg.jpg,test,c,c:NX_img_25_jpg,1
b_ppe_1054_jpg.jpg,train,b,b:ppe_1054_jpg,3
c_frame1512_jpg.jpg,train,c,c:frame1512_jpg,3
c_fglov1108_jpg.jpg,train,c,c:fglov1108_jpg,3
b_ppe_0824_jpg.jpg,val,b,b:ppe_0824_jpg,1
a_000727_jpg.jpg,train,a,a:000727_jpg,1
c_PP02img1454_jpg.jpg,train,c,c:PP02img1454_jpg,6
c_p11341_jpg.jpg,train,c,c:p11341_jpg,1
a_006563_jpg.jpg,test,a,a:006563_jpg,3
a_003904_jpg.jpg,val,a,a:003904_jpg,16
c_p11375_jpg.jpg,train,c,c:p11375_jpg,1
a_005602_jpg.jpg,train,a,a:005602_jpg,9
c_no-mask_mov-9_jpg.jpg,val,c,c:no-mask_mov-9_jpg,1
a_003437_jpg.jpg,train,a,a:003437_jpg,8
a_006213_jpg.jpg,train,a,a:006213_jpg,1
c_PP02img40_jpg.jpg,val,c,c:PP02img40_jpg,5
b_ppe_0840_jpg.jpg,train,b,b:ppe_0840_jpg,2
c_p651320_jpg.jpg,train,c,c:p651320_jpg,1
a_004875_jpg.jpg,train,a,a:004875_jpg,1
c_helmet999920_jpg.jpg,test,c,c:helmet999920_jpg,2
c_frame110--2-_jpg.jpg,val,c,c:frame110--2-_jpg,1
c_PPE_Data_618_jpg.jpg,train,c,c:PPE_Data_618_jpg,4
c_packing1489_jpg.jpg,val,c,c:packing1489_jpg,1
c_kp218_jpg.jpg,train,c,c:kp218_jpg,1
c_NVR-09_Trim_new_Trim-1519_jpg.jpg,train,c,c:NVR-09_Trim_new_Trim-1519_jpg,0
c_packing188_jpg.jpg,train,c,c:packing188_jpg,3
b_image_1542_jpg.jpg,train,b,b:image_1542_jpg,1
c_005350_jpg.jpg,train,c,c:005350_jpg,1
b_image_10_jpg.jpg,train,b,b:image_10_jpg,3
c_PPE_Data_249_jpg.jpg,train,c,c:PPE_Data_249_jpg,2
c_frame3773_jpg.jpg,val,c,c:frame3773_jpg,3
a_001805_jpg.jpg,train,a,a:001805_jpg,1
c_kp1969_jpg.jpg,val,c,c:kp1969_jpg,1
b_ppe_0417_jpg.jpg,train,b,b:ppe_0417_jpg,6
c_kp1106_jpg.jpg,val,c,c:kp1106_jpg,1
b_image_603_jpg.jpg,val,b,b:image_603_jpg,3
c_p11323_jpg.jpg,train,c,c:p11323_jpg,2
c_packing1771_jpg.jpg,train,c,c:packing1771_jpg,1
c_kp1824_jpg.jpg,val,c,c:kp1824_jpg,1
c_kp1383_jpg.jpg,train,c,c:kp1383_jpg,1
c_packing1115_jpg.jpg,train,c,c:packing1115_jpg,2
a_002437_jpg.jpg,train,a,a:002437_jpg,1
c_MX_img_18_jpg.jpg,val,c,c:MX_img_18_jpg,1
c_kp246_jpg.jpg,train,c,c:kp246_jpg,1
c_MX_img_131_jpg.jpg,train,c,c:MX_img_131_jpg,1
a_004845_jpg.jpg,val,a,a:004845_jpg,2
c_Mask-detector1_mov-5_jpg.jpg,train,c,c:Mask-detector1_mov-5_jpg,1
c_kp1784_jpg.jpg,train,c,c:kp1784_jpg,1
c_packing1913_jpg.jpg,train,c,c:packing1913_jpg,1
a_003808_jpg.jpg,train,a,a:003808_jpg,2
a_003468_jpg.jpg,train,a,a:003468_jpg,3
a_005579_jpg.jpg,val,a,a:005579_jpg,5
c_PP02img1390_jpg.jpg,train,c,c:PP02img1390_jpg,5
c_PP02img369_jpg.jpg,train,c,c:PP02img369_jpg,6
c_kp1608_jpg.jpg,test,c,c:kp1608_jpg,1
c_packing220_jpg.jpg,train,c,c:packing220_jpg,2
c_helmet9991025_jpg.jpg,val,c,c:helmet9991025_jpg,1
c_packing1605_jpg.jpg,train,c,c:packing1605_jpg,2
a_005963_jpg.jpg,val,a,a:005963_jpg,2
c_MX_img_36_jpg.jpg,val,c,c:MX_img_36_jpg,1
c_kp1853_jpg.jpg,train,c,c:kp1853_jpg,1
b_AightSird0434_jpg.jpg,train,b,b:AightSird0434_jpg,2
c_nglovpp235_jpg.jpg,train,c,c:nglovpp235_jpg,3
c_PPE_Data_502_jpg.jpg,train,c,c:PPE_Data_502_jpg,0
c_frame688_jpg.jpg,val,c,c:frame688_jpg,0
c_fglov187_jpg.jpg,train,c,c:fglov187_jpg,3
c_kp572_jpg.jpg,val,c,c:kp572_jpg,2
b_image_1522_jpg.jpg,test,b,b:image_1522_jpg,2
c_PP02img603_jpg.jpg,val,c,c:PP02img603_jpg,7
c_frame1277_jpg.jpg,train,c,c:frame1277_jpg,0
a_005200_jpg.jpg,train,a,a:005200_jpg,5
c_Mask2_mov-36_jpg.jpg,train,c,c:Mask2_mov-36_jpg,1
a_000715_jpg.jpg,train,a,a:000715_jpg,1
a_003195_jpg.jpg,train,a,a:003195_jpg,2
c_kp111_jpg.jpg,train,c,c:kp111_jpg,1
a_006935_jpg.jpg,val,a,a:006935_jpg,2
b_Video3_138_jpg.jpg,train,b,b:Video3_138_jpg,4
c_PP02img581_jpg.jpg,train,c,c:PP02img581_jpg,5
b_image_423_jpg.jpg,train,b,b:image_423_jpg,3
b_ppe_0446_jpg.jpg,train,b,b:ppe_0446_jpg,4
c_frame517_jpg.jpg,train,c,c:frame517_jpg,0
c_PP02img841_jpg.jpg,train,c,c:PP02img841_jpg,2
a_003869_jpg.jpg,train,a,a:003869_jpg,6
c_frame1648_jpg.jpg,test,c,c:frame1648_jpg,1
a_002119_jpg.jpg,test,a,a:002119_jpg,7
c_nglov157_jpg.jpg,train,c,c:nglov157_jpg,7
c_MX_img_162_jpg.jpg,val,c,c:MX_img_162_jpg,1
b_ppe_1143_jpg.jpg,val,b,b:ppe_1143_jpg,2
b_ppe_1118_jpg.jpg,train,b,b:ppe_1118_jpg,3
c_helmet999607_jpg.jpg,val,c,c:helmet999607_jpg,1
c_Mask-detector1_mov-19_jpg.jpg,test,c,c:Mask-detector1_mov-19_jpg,1
c_PP02img472_jpg.jpg,val,c,c:PP02img472_jpg,6
a_004297_jpg.jpg,train,a,a:004297_jpg,4
c_goggle8765174_jpg.jpg,val,c,c:goggle8765174_jpg,2
a_000898_jpg.jpg,train,a,a:000898_jpg,14
c_frame1292_jpg.jpg,train,c,c:frame1292_jpg,1
c_helmet999689_jpg.jpg,train,c,c:helmet999689_jpg,1
b_Video1_196_jpg.jpg,val,b,b:Video1_196_jpg,4
b_ppe_0868_jpg.jpg,val,b,b:ppe_0868_jpg,5
b_ppe_0985_jpg.jpg,train,b,b:ppe_0985_jpg,9
c_img188_jpg.jpg,train,c,c:img188_jpg,4
c_nglovpp3137_jpg.jpg,train,c,c:nglovpp3137_jpg,1
a_006546_jpg.jpg,train,a,a:006546_jpg,3
a_001870_jpg.jpg,train,a,a:001870_jpg,8
c_kp1760_jpg.jpg,test,c,c:kp1760_jpg,1
a_001935_jpg.jpg,test,a,a:001935_jpg,2
c_frame1514--2-_jpg.jpg,val,c,c:frame1514--2-_jpg,0
b_Video4_280_jpg.jpg,val,b,b:Video4_280_jpg,5
c_frame435_jpg.jpg,train,c,c:frame435_jpg,2
c_frame1197--2-_jpg.jpg,train,c,c:frame1197--2-_jpg,0
c_kp499_jpg.jpg,val,c,c:kp499_jpg,1
c_packing1148_jpg.jpg,train,c,c:packing1148_jpg,2
a_004206_jpg.jpg,train,a,a:004206_jpg,2
a_003228_jpg.jpg,train,a,a:003228_jpg,1
c_PPE_Data_686_jpg.jpg,train,c,c:PPE_Data_686_jpg,2
c_packing601_jpg.jpg,train,c,c:packing601_jpg,1
c_kp1877_jpg.jpg,val,c,c:kp1877_jpg,1
a_002334_jpg.jpg,train,a,a:002334_jpg,1
c_15h_img_279_jpg.jpg,train,c,c:15h_img_279_jpg,2
c_kp1834_jpg.jpg,train,c,c:kp1834_jpg,1
c_pollution-mask-CE5HYF_jpg.jpg,val,c,c:pollution-mask-CE5HYF_jpg,2
b_images-2022-07-04T013907_jpg.jpg,train,b,b:images-2022-07-04T013907_jpg,2
c_packing1902_jpg.jpg,train,c,c:packing1902_jpg,1
c_frame0_jpg.jpg,val,c,c:frame0_jpg,0
c_helmet9991050_jpg.jpg,test,c,c:helmet9991050_jpg,1
c_frame51_jpg.jpg,train,c,c:frame51_jpg,2
c_img416_jpg.jpg,train,c,c:img416_jpg,3
a_004503_jpg.jpg,val,a,a:004503_jpg,2
c_MX_img_2_jpg.jpg,test,c,c:MX_img_2_jpg,1
c_img130_jpg.jpg,train,c,c:img130_jpg,5
c_frame38_jpg.jpg,val,c,c:frame38_jpg,2
b_ppe_0826_jpg.jpg,train,b,b:ppe_0826_jpg,3
c_packing296_jpg.jpg,train,c,c:packing296_jpg,1
a_004437_jpg.jpg,train,a,a:004437_jpg,3
c_packing1843_jpg.jpg,train,c,c:packing1843_jpg,1
a_004637_jpg.jpg,train,a,a:004637_jpg,1
c_PP02img923_jpg.jpg,train,c,c:PP02img923_jpg,2
c_kp648_jpg.jpg,val,c,c:kp648_jpg,2
c_packing1442_jpg.jpg,train,c,c:packing1442_jpg,1
c_packing1180_jpg.jpg,train,c,c:packing1180_jpg,1
b_ppe_1184_jpg.jpg,val,b,b:ppe_1184_jpg,4
c_kp1310_jpg.jpg,train,c,c:kp1310_jpg,1
c_nglovpp217_jpg.jpg,train,c,c:nglovpp217_jpg,4
c_packing826_jpg.jpg,train,c,c:packing826_jpg,1
c_p656213113_jpg.jpg,val,c,c:p656213113_jpg,1
c_packing707_jpg.jpg,train,c,c:packing707_jpg,1
c_kp670_jpg.jpg,train,c,c:kp670_jpg,1
a_006917_jpg.jpg,val,a,a:006917_jpg,2
c_PPE_Data_577_jpg.jpg,val,c,c:PPE_Data_577_jpg,2
c_kp1034_jpg.jpg,train,c,c:kp1034_jpg,2
a_002666_jpg.jpg,val,a,a:002666_jpg,6
c_kp256_jpg.jpg,train,c,c:kp256_jpg,1
c_frame1512--2-_jpg.jpg,train,c,c:frame1512--2-_jpg,2
b_95_JPG_jpg.jpg,train,b,b:95_JPG_jpg,1
a_002032_jpg.jpg,train,a,a:002032_jpg,2
c_PP02img368_jpg.jpg,train,c,c:PP02img368_jpg,7
c_helmet9991129_jpg.jpg,train,c,c:helmet9991129_jpg,1
c_p65213133_jpg.jpg,train,c,c:p65213133_jpg,1
c_helmet9991219_jpg.jpg,train,c,c:helmet9991219_jpg,1
c_helmet999754_jpg.jpg,train,c,c:helmet999754_jpg,1
a_002313_jpg.jpg,train,a,a:002313_jpg,1
b_ppe_0512_jpg.jpg,train,b,b:ppe_0512_jpg,2
a_002423_jpg.jpg,val,a,a:002423_jpg,2
b_ppe_1027_jpg.jpg,train,b,b:ppe_1027_jpg,9
c_frame3824_jpg.jpg,test,c,c:frame3824_jpg,3
a_002046_jpg.jpg,val,a,a:002046_jpg,2
c_PP02img299_jpg.jpg,train,c,c:PP02img299_jpg,3
a_003558_jpg.jpg,train,a,a:003558_jpg,7
b_Video1_198_jpg.jpg,train,b,b:Video1_198_jpg,4
b_ppe_0921_jpg.jpg,train,b,b:ppe_0921_jpg,8
c_img38_jpg.jpg,train,c,c:img38_jpg,6
c_fglov112_jpg.jpg,train,c,c:fglov112_jpg,3
b_ppe_0517_jpg.jpg,train,b,b:ppe_0517_jpg,8
c_kp1642_jpg.jpg,train,c,c:kp1642_jpg,1
c_img290_jpg.jpg,val,c,c:img290_jpg,2
a_002459_jpg.jpg,train,a,a:002459_jpg,3
b_TsirinTu0018_jpg.jpg,train,b,b:TsirinTu0018_jpg,6
c_kp1055_jpg.jpg,train,c,c:kp1055_jpg,1
a_005778_jpg.jpg,val,a,a:005778_jpg,17
c_PP02img1193_jpg.jpg,test,c,c:PP02img1193_jpg,3
c_kp1520_jpg.jpg,train,c,c:kp1520_jpg,1
a_003795_jpg.jpg,test,a,a:003795_jpg,13
c_kp260_jpg.jpg,train,c,c:kp260_jpg,1
a_000901_jpg.jpg,val,a,a:000901_jpg,2
c_PP02img381_jpg.jpg,train,c,c:PP02img381_jpg,2
c_kp879_jpg.jpg,val,c,c:kp879_jpg,1
c_nglovpp2191_jpg.jpg,train,c,c:nglovpp2191_jpg,4
a_002410_jpg.jpg,train,a,a:002410_jpg,4
c_frame556_jpg.jpg,train,c,c:frame556_jpg,4
c_nglovpp337_jpg.jpg,train,c,c:nglovpp337_jpg,3
a_001132_jpg.jpg,train,a,a:001132_jpg,1
a_003801_jpg.jpg,train,a,a:003801_jpg,3
c_kp392_jpg.jpg,test,c,c:kp392_jpg,1
c_packing179_jpg.jpg,train,c,c:packing179_jpg,3
b_ppe_1211_jpg.jpg,train,b,b:ppe_1211_jpg,9
c_packing1538_jpg.jpg,train,c,c:packing1538_jpg,2
c_PP02img116_jpg.jpg,test,c,c:PP02img116_jpg,5
c_kp1886_jpg.jpg,test,c,c:kp1886_jpg,1
a_000075_jpg.jpg,train,a,a:000075_jpg,8
c_packing241_jpg.jpg,train,c,c:packing241_jpg,1
c_frame32_jpg.jpg,train,c,c:frame32_jpg,2
b_Video4_61_jpg.jpg,train,b,b:Video4_61_jpg,6
c_PP02img1227_jpg.jpg,train,c,c:PP02img1227_jpg,4
a_000907_jpg.jpg,train,a,a:000907_jpg,1
c_packing1965_jpg.jpg,train,c,c:packing1965_jpg,1
a_006148_jpg.jpg,val,a,a:006148_jpg,6
a_003541_jpg.jpg,train,a,a:003541_jpg,1
c_PP02img225_jpg.jpg,train,c,c:PP02img225_jpg,5
c_packing1665_jpg.jpg,val,c,c:packing1665_jpg,1
c_PP02img1086_jpg.jpg,train,c,c:PP02img1086_jpg,4
a_002663_jpg.jpg,train,a,a:002663_jpg,1
a_006766_jpg.jpg,test,a,a:006766_jpg,8
c_goggle8765114_jpg.jpg,train,c,c:goggle8765114_jpg,1
c_PP02img1054_jpg.jpg,train,c,c:PP02img1054_jpg,3
c_nglovpp3189_jpg.jpg,train,c,c:nglovpp3189_jpg,1
a_006170_jpg.jpg,val,a,a:006170_jpg,16
c_packing1788_jpg.jpg,train,c,c:packing1788_jpg,2
b_image_1501_jpg.jpg,train,b,b:image_1501_jpg,3
c_130624011830-malaysia-smog-students-horizontal-large-gallery_jpg.jpg,train,c,c:130624011830-malaysia-smog-students-horizontal-large-gallery_jpg,12
c_PP02img478_jpg.jpg,train,c,c:PP02img478_jpg,7
a_001056_jpg.jpg,val,a,a:001056_jpg,6
a_004455_jpg.jpg,train,a,a:004455_jpg,1
a_000275_jpg.jpg,train,a,a:000275_jpg,6
c_MX_img_148_jpg.jpg,train,c,c:MX_img_148_jpg,1
c_frame3796_jpg.jpg,val,c,c:frame3796_jpg,3
b_Video2_85_jpg.jpg,val,b,b:Video2_85_jpg,5
c_goggle876552_jpg.jpg,test,c,c:goggle876552_jpg,2
c_frame1644_jpg.jpg,val,c,c:frame1644_jpg,1
a_002114_jpg.jpg,train,a,a:002114_jpg,1
b_Video2_180_jpg.jpg,train,b,b:Video2_180_jpg,4
b_image_1172_jpg.jpg,val,b,b:image_1172_jpg,3
c_kp1162_jpg.jpg,val,c,c:kp1162_jpg,1
a_005524_jpg.jpg,val,a,a:005524_jpg,2
c_helmet999913_jpg.jpg,train,c,c:helmet999913_jpg,2
a_001580_jpg.jpg,train,a,a:001580_jpg,1
c_MX_img_92_jpg.jpg,val,c,c:MX_img_92_jpg,1
c_kp935_jpg.jpg,train,c,c:kp935_jpg,1
a_004586_jpg.jpg,train,a,a:004586_jpg,1
c_nglovpp215_jpg.jpg,train,c,c:nglovpp215_jpg,4
c_Nhh_img_44_jpg.jpg,train,c,c:Nhh_img_44_jpg,1
c_kp900_jpg.jpg,train,c,c:kp900_jpg,1
c_packing773_jpg.jpg,train,c,c:packing773_jpg,1
c_p11397_jpg.jpg,train,c,c:p11397_jpg,1
a_002999_jpg.jpg,train,a,a:002999_jpg,2
c_packing1482_jpg.jpg,train,c,c:packing1482_jpg,2
a_001480_jpg.jpg,train,a,a:001480_jpg,2
c_kp1705_jpg.jpg,test,c,c:kp1705_jpg,1
c_N5h_img_193_jpg.jpg,train,c,c:N5h_img_193_jpg,2
c_MX_img_164_jpg.jpg,test,c,c:MX_img_164_jpg,1
a_005134_jpg.jpg,train,a,a:005134_jpg,6
c_packing734_jpg.jpg,train,c,c:packing734_jpg,2
c_frame1130_jpg.jpg,val,c,c:frame1130_jpg,0
c_MX_img_58_jpg.jpg,val,c,c:MX_img_58_jpg,1
c_PPE_Data_538_jpg.jpg,val,c,c:PPE_Data_538_jpg,1
b_image_626_jpg.jpg,test,b,b:image_626_jpg,3
a_004710_jpg.jpg,train,a,a:004710_jpg,4
c_frame138--3-_jpg.jpg,train,c,c:frame138--3-_jpg,2
a_006928_jpg.jpg,test,a,a:006928_jpg,12
c_packing1045_jpg.jpg,val,c,c:packing1045_jpg,1
c_kp797_jpg.jpg,val,c,c:kp797_jpg,1
c_kp116_jpg.jpg,train,c,c:kp116_jpg,1
a_002944_jpg.jpg,train,a,a:002944_jpg,2
c_PP02img223_jpg.jpg,train,c,c:PP02img223_jpg,2
b_Video2_45_jpg.jpg,train,b,b:Video2_45_jpg,4
b_ppe_0577_jpg.jpg,train,b,b:ppe_0577_jpg,14
b_image_74_jpg.jpg,test,b,b:image_74_jpg,3
c_packing1619_jpg.jpg,train,c,c:packing1619_jpg,2
c_packing944_jpg.jpg,val,c,c:packing944_jpg,1
c_nglov172_jpg.jpg,val,c,c:nglov172_jpg,6
c_frame1090_jpg.jpg,train,c,c:frame1090_jpg,1
c_NVR-09_Trim_new_Trim-0207_jpg.jpg,train,c,c:NVR-09_Trim_new_Trim-0207_jpg,0
c_packing858_jpg.jpg,train,c,c:packing858_jpg,1
c_kp665_jpg.jpg,val,c,c:kp665_jpg,2
b_image_223_jpg.jpg,train,b,b:image_223_jpg,3
c_frame3784_jpg.jpg,train,c,c:frame3784_jpg,3
c_helmet9991190_jpg.jpg,test,c,c:helmet9991190_jpg,1
c_PP02img1115_jpg.jpg,train,c,c:PP02img1115_jpg,4
c_NX_img_95_jpg.jpg,val,c,c:NX_img_95_jpg,1
c_MX_img_188_jpg.jpg,val,c,c:MX_img_188_jpg,1
c_frame137--2-_jpg.jpg,test,c,c:frame137--2-_jpg,2
c_remote--1-_jpeg_jpg.jpg,train,c,c:remote--1-_jpeg_jpg,4
c_PP02img1051_jpg.jpg,test,c,c:PP02img1051_jpg,2
c_kp535_jpg.jpg,train,c,c:kp535_jpg,2
c_packing1326_jpg.jpg,val,c,c:packing1326_jpg,1
a_002419_jpg.jpg,train,a,a:002419_jpg,1
c_packing741_jpg.jpg,val,c,c:packing741_jpg,1
b_image_98_jpg.jpg,val,b,b:image_98_jpg,3
b_ppe_0843_jpg.jpg,train,b,b:ppe_0843_jpg,4
b_image_760_jpg.jpg,test,b,b:image_760_jpg,3
b_image_248_jpg.jpg,train,b,b:image_248_jpg,3
c_mask-wearing-1632931973069_png_jpg.jpg,train,c,c:mask-wearing-1632931973069_png_jpg,2
b_Image_ipg-2083-_jpg.jpg,test,b,b:Image_ipg-2083-_jpg,5
c_kp1221_jpg.jpg,train,c,c:kp1221_jpg,1
a_002082_jpg.jpg,val,a,a:002082_jpg,2
a_005639_jpg.jpg,train,a,a:005639_jpg,6
c_frame530_jpg.jpg,train,c,c:frame530_jpg,1
a_004325_jpg.jpg,val,a,a:004325_jpg,9
b_image_276_jpg.jpg,test,b,b:image_276_jpg,2
b_Video2_17_jpg.jpg,train,b,b:Video2_17_jpg,6
c_Mask2_mov-23_jpg.jpg,train,c,c:Mask2_mov-23_jpg,1
b_image_1037_jpg.jpg,val,b,b:image_1037_jpg,3
c_kp505_jpg.jpg,train,c,c:kp505_jpg,1
c_kp1408_jpg.jpg,train,c,c:kp1408_jpg,1
c_005533_jpg.jpg,train,c,c:005533_jpg,1
b_ppe_0810_jpg.jpg,train,b,b:ppe_0810_jpg,3
c_helmet9991164_jpg.jpg,train,c,c:helmet9991164_jpg,1
c_kp46_jpg.jpg,train,c,c:kp46_jpg,1
a_001011_jpg.jpg,train,a,a:001011_jpg,11
c_kp435_jpg.jpg,train,c,c:kp435_jpg,1
c_packing1795_jpg.jpg,train,c,c:packing1795_jpg,2
a_005223_jpg.jpg,test,a,a:005223_jpg,8
b_00091_jpg.jpg,train,b,b:00091_jpg,4
c_img444_jpg.jpg,train,c,c:img444_jpg,4
c_mask-wearing-1632931969540_png_jpg.jpg,train,c,c:mask-wearing-1632931969540_png_jpg,3
c_helmet9991196_jpg.jpg,test,c,c:helmet9991196_jpg,1
a_004760_jpg.jpg,train,a,a:004760_jpg,2
b_20220721_161912-1-_jpg.jpg,train,b,b:20220721_161912-1-_jpg,1
c_no-mask_mov-27_jpg.jpg,train,c,c:no-mask_mov-27_jpg,1
c_helmet999501_jpg.jpg,test,c,c:helmet999501_jpg,3
c_kp1716_jpg.jpg,test,c,c:kp1716_jpg,1
b_Video4_221_jpg.jpg,train,b,b:Video4_221_jpg,4
a_004576_jpg.jpg,train,a,a:004576_jpg,1
c_kp1086_jpg.jpg,train,c,c:kp1086_jpg,1
b_image_1582_jpg.jpg,train,b,b:image_1582_jpg,5
c_PP02img311_jpg.jpg,val,c,c:PP02img311_jpg,4
c_frame130_jpg.jpg,val,c,c:frame130_jpg,2
c_nglovpp2176_jpg.jpg,train,c,c:nglovpp2176_jpg,5
a_005278_jpg.jpg,train,a,a:005278_jpg,4
c_img499_jpg.jpg,train,c,c:img499_jpg,6
a_003705_jpg.jpg,test,a,a:003705_jpg,2
c_kp113_jpg.jpg,train,c,c:kp113_jpg,1
a_002956_jpg.jpg,train,a,a:002956_jpg,4
c_kp1282_jpg.jpg,train,c,c:kp1282_jpg,1
c_packing1249_jpg.jpg,train,c,c:packing1249_jpg,2
c_nglovpp231_jpg.jpg,val,c,c:nglovpp231_jpg,3
c_frame1197_jpg.jpg,train,c,c:frame1197_jpg,2
c_kp862_jpg.jpg,train,c,c:kp862_jpg,1
c_kp519_jpg.jpg,train,c,c:kp519_jpg,2
b_image_534_jpg.jpg,train,b,b:image_534_jpg,4
c_packing814_jpg.jpg,val,c,c:packing814_jpg,1
c_nglov83_jpg.jpg,train,c,c:nglov83_jpg,1
c_PP02img1483_jpg.jpg,train,c,c:PP02img1483_jpg,3
a_002158_jpg.jpg,test,a,a:002158_jpg,5
b_ppe_0340_jpg.jpg,train,b,b:ppe_0340_jpg,6
c_MX_img_167_jpg.jpg,train,c,c:MX_img_167_jpg,1
a_004734_jpg.jpg,train,a,a:004734_jpg,1
c_kp1471_jpg.jpg,val,c,c:kp1471_jpg,1
a_005769_jpg.jpg,val,a,a:005769_jpg,3
c_no-mask_mov-25_jpg.jpg,train,c,c:no-mask_mov-25_jpg,1
a_003492_jpg.jpg,train,a,a:003492_jpg,4
b_image_163_jpg.jpg,train,b,b:image_163_jpg,4
c_packing644_jpg.jpg,train,c,c:packing644_jpg,1
c_helmet999864_jpg.jpg,train,c,c:helmet999864_jpg,1
c_img146_jpg.jpg,train,c,c:img146_jpg,3
b_ppe_1258_jpg.jpg,train,b,b:ppe_1258_jpg,9
c_Mask-detector1_mov-1_jpg.jpg,train,c,c:Mask-detector1_mov-1_jpg,1
a_002260_jpg.jpg,train,a,a:002260_jpg,12
c_PPE_Data_188_jpg.jpg,test,c,c:PPE_Data_188_jpg,2
c_nglov8_jpg.jpg,val,c,c:nglov8_jpg,4
c_PP02img1284_jpg.jpg,train,c,c:PP02img1284_jpg,3
a_005048_jpg.jpg,train,a,a:005048_jpg,8
a_004299_jpg.jpg,train,a,a:004299_jpg,5
c_frame177_jpg.jpg,val,c,c:frame177_jpg,1
c_kp696_jpg.jpg,train,c,c:kp696_jpg,1
a_003204_jpg.jpg,val,a,a:003204_jpg,2
a_002078_jpg.jpg,val,a,a:002078_jpg,12
c_N5h_img_5_jpg.jpg,train,c,c:N5h_img_5_jpg,2
c_PP02img903_jpg.jpg,train,c,c:PP02img903_jpg,1
c_frame1134_jpg.jpg,train,c,c:frame1134_jpg,0
a_004162_jpg.jpg,train,a,a:004162_jpg,3
c_PP02img135_jpg.jpg,train,c,c:PP02img135_jpg,5
c_kp1850_jpg.jpg,train,c,c:kp1850_jpg,1
a_003169_jpg.jpg,val,a,a:003169_jpg,13
c_PPE_Data_690_jpg.jpg,val,c,c:PPE_Data_690_jpg,2
c_goggle8765186_jpg.jpg,train,c,c:goggle8765186_jpg,4
c_mo-justin-mask-NoMask_mov-23_jpg.jpg,train,c,c:mo-justin-mask-NoMask_mov-23_jpg,2
c_frame3749_jpg.jpg,train,c,c:frame3749_jpg,3
a_003837_jpg.jpg,train,a,a:003837_jpg,7
c_packing827_jpg.jpg,val,c,c:packing827_jpg,2
b_image_164_jpg.jpg,test,b,b:image_164_jpg,6
c_helmet999778_jpg.jpg,train,c,c:helmet999778_jpg,1
c_img215_jpg.jpg,train,c,c:img215_jpg,4
c_MX_img_185_jpg.jpg,train,c,c:MX_img_185_jpg,1
c_PPE_Data_700_jpg.jpg,train,c,c:PPE_Data_700_jpg,1
c_p65213149_jpg.jpg,train,c,c:p65213149_jpg,1
b_ppe_0640_jpg.jpg,train,b,b:ppe_0640_jpg,9
a_004220_jpg.jpg,train,a,a:004220_jpg,2
b_image_202_jpg.jpg,train,b,b:image_202_jpg,4
b_ppe_0404_jpg.jpg,val,b,b:ppe_0404_jpg,3
b_ppe_0038_jpg.jpg,train,b,b:ppe_0038_jpg,8
c_PP02img47_jpg.jpg,test,c,c:PP02img47_jpg,5
b_image_1202_jpg.jpg,test,b,b:image_1202_jpg,3
c_frame1276_jpg.jpg,train,c,c:frame1276_jpg,0
c_PP02img1005_jpg.jpg,test,c,c:PP02img1005_jpg,1
b_image_130_jpg.jpg,val,b,b:image_130_jpg,3
c_kp1782_jpg.jpg,train,c,c:kp1782_jpg,1
c_kp1696_jpg.jpg,val,c,c:kp1696_jpg,1
b_image_1718_jpg.jpg,train,b,b:image_1718_jpg,1
a_006316_jpg.jpg,train,a,a:006316_jpg,2
a_004278_jpg.jpg,val,a,a:004278_jpg,6
b_ppe_0044_jpg.jpg,train,b,b:ppe_0044_jpg,4
c_kp1074_jpg.jpg,val,c,c:kp1074_jpg,1
c_MX_img_142_jpg.jpg,train,c,c:MX_img_142_jpg,2
c_kp1334_jpg.jpg,train,c,c:kp1334_jpg,1
c_helmet999503_jpg.jpg,test,c,c:helmet999503_jpg,2
c_p11364_jpg.jpg,train,c,c:p11364_jpg,1
a_004424_jpg.jpg,train,a,a:004424_jpg,1
c_p656213156_jpg.jpg,test,c,c:p656213156_jpg,1
c_packing626_jpg.jpg,train,c,c:packing626_jpg,1
c_packing1584_jpg.jpg,train,c,c:packing1584_jpg,3
a_005887_jpg.jpg,train,a,a:005887_jpg,10
c_packing698_jpg.jpg,val,c,c:packing698_jpg,1
a_004934_jpg.jpg,train,a,a:004934_jpg,3
c_kp437_jpg.jpg,train,c,c:kp437_jpg,1
c_PP02img665_jpg.jpg,train,c,c:PP02img665_jpg,1
b_ppe_0288_jpg.jpg,val,b,b:ppe_0288_jpg,2
c_img284_jpg.jpg,train,c,c:img284_jpg,4
a_001156_jpg.jpg,train,a,a:001156_jpg,4
c_packing1108_jpg.jpg,train,c,c:packing1108_jpg,2
a_006373_jpg.jpg,train,a,a:006373_jpg,3
c_frame276_jpg.jpg,val,c,c:frame276_jpg,1
c_packing157_jpg.jpg,train,c,c:packing157_jpg,1
c_packing1083_jpg.jpg,train,c,c:packing1083_jpg,2
c_packing243_jpg.jpg,train,c,c:packing243_jpg,1
c_helmet999644_jpg.jpg,train,c,c:helmet999644_jpg,1
a_004368_jpg.jpg,train,a,a:004368_jpg,1
c_PP02img629_jpg.jpg,train,c,c:PP02img629_jpg,6
a_001044_jpg.jpg,val,a,a:001044_jpg,2
c_packing646_jpg.jpg,train,c,c:packing646_jpg,1
a_002332_jpg.jpg,val,a,a:002332_jpg,3
c_p651329_jpg.jpg,train,c,c:p651329_jpg,1
a_004044_jpg.jpg,train,a,a:004044_jpg,2
c_kp193_jpg.jpg,train,c,c:kp193_jpg,1
c_packing266_jpg.jpg,train,c,c:packing266_jpg,2
c_img321_jpg.jpg,train,c,c:img321_jpg,3
c_mo-justin-mask-NoMask_mov-9_jpg.jpg,train,c,c:mo-justin-mask-NoMask_mov-9_jpg,2
b_20220721_162202_jpg.jpg,train,b,b:20220721_162202_jpg,2
b_ppe_0548_jpg.jpg,train,b,b:ppe_0548_jpg,2
c_packing298_jpg.jpg,train,c,c:packing298_jpg,1
c_packing1424_jpg.jpg,val,c,c:packing1424_jpg,1
a_000419_jpg.jpg,train,a,a:000419_jpg,7
a_006653_jpg.jpg,train,a,a:006653_jpg,4
c_img424_jpg.jpg,train,c,c:img424_jpg,4
c_frame271_jpg.jpg,train,c,c:frame271_jpg,1
c_PP02img45_jpg.jpg,test,c,c:PP02img45_jpg,4
b_Video2_168_jpg.jpg,test,b,b:Video2_168_jpg,4
c_005392_jpg.jpg,train,c,c:005392_jpg,7
c_goggle8765125_jpg.jpg,train,c,c:goggle8765125_jpg,3
b_image_440_jpg.jpg,train,b,b:image_440_jpg,3
a_000416_jpg.jpg,train,a,a:000416_jpg,3
a_003091_jpg.jpg,train,a,a:003091_jpg,1
c_p11344_jpg.jpg,train,c,c:p11344_jpg,1
c_IMG_5690-2_jpg.jpg,train,c,c:IMG_5690-2_jpg,3
a_002514_jpg.jpg,train,a,a:002514_jpg,6
c_helmet9991142_jpg.jpg,train,c,c:helmet9991142_jpg,1
c_kp564_jpg.jpg,train,c,c:kp564_jpg,2
c_frame126--2-_jpg.jpg,train,c,c:frame126--2-_jpg,2
a_006152_jpg.jpg,test,a,a:006152_jpg,4
c_packing267_jpg.jpg,train,c,c:packing267_jpg,3
c_kp1535_jpg.jpg,train,c,c:kp1535_jpg,1
a_006308_jpg.jpg,train,a,a:006308_jpg,1
c_1288126-10255706714jpg_jpg.jpg,train,c,c:1288126-10255706714jpg_jpg,2
c_PPE_Data_576_jpg.jpg,val,c,c:PPE_Data_576_jpg,2
c_packing1454_jpg.jpg,train,c,c:packing1454_jpg,2
c_kp852_jpg.jpg,train,c,c:kp852_jpg,1
c_kp376_jpg.jpg,train,c,c:kp376_jpg,1
c_packing181_jpg.jpg,train,c,c:packing181_jpg,1
c_packing970_jpg.jpg,train,c,c:packing970_jpg,2
c_PPE_Data_350_jpg.jpg,train,c,c:PPE_Data_350_jpg,1
a_004585_jpg.jpg,train,a,a:004585_jpg,1
a_002787_jpg.jpg,test,a,a:002787_jpg,5
c_frame2361_jpg.jpg,test,c,c:frame2361_jpg,0
b_image_317_jpg.jpg,train,b,b:image_317_jpg,3
a_002965_jpg.jpg,val,a,a:002965_jpg,7
a_004770_jpg.jpg,train,a,a:004770_jpg,6
c_frame1196_jpg.jpg,val,c,c:frame1196_jpg,0
c_helmet999576_jpg.jpg,test,c,c:helmet999576_jpg,1
c_kp749_jpg.jpg,train,c,c:kp749_jpg,1
b_image_433_jpg.jpg,train,b,b:image_433_jpg,3
c_kp1381_jpg.jpg,train,c,c:kp1381_jpg,1
c_PP02img1098_jpg.jpg,val,c,c:PP02img1098_jpg,2
c_packing1666_jpg.jpg,train,c,c:packing1666_jpg,1
c_kp986_jpg.jpg,train,c,c:kp986_jpg,1
c_1125506397_15801322206581n_jpg.jpg,train,c,c:1125506397_15801322206581n_jpg,3
a_005135_jpg.jpg,train,a,a:005135_jpg,3
a_001713_jpg.jpg,train,a,a:001713_jpg,5
b_Video4_241_jpg.jpg,train,b,b:Video4_241_jpg,4
a_003911_jpg.jpg,train,a,a:003911_jpg,4
c_p656213188_jpg.jpg,train,c,c:p656213188_jpg,1
b_Video4_49_jpg.jpg,train,b,b:Video4_49_jpg,4
b_ppe_0883_jpg.jpg,train,b,b:ppe_0883_jpg,6
a_000327_jpg.jpg,train,a,a:000327_jpg,6
c_kp177_jpg.jpg,train,c,c:kp177_jpg,1
c_kp1343_jpg.jpg,train,c,c:kp1343_jpg,1
c_helmet9991172_jpg.jpg,val,c,c:helmet9991172_jpg,1
c_PPE_Data_583_jpg.jpg,train,c,c:PPE_Data_583_jpg,2
b_ppe_0821_jpg.jpg,train,b,b:ppe_0821_jpg,2
c_kp1359_jpg.jpg,train,c,c:kp1359_jpg,1
c_PP02img952_jpg.jpg,train,c,c:PP02img952_jpg,2
a_001453_jpg.jpg,train,a,a:001453_jpg,6
c_packing237_jpg.jpg,train,c,c:packing237_jpg,2
c_Mask-detector1_mov-7_jpg.jpg,train,c,c:Mask-detector1_mov-7_jpg,1
c_fglov1175_jpg.jpg,val,c,c:fglov1175_jpg,4
a_006358_jpg.jpg,train,a,a:006358_jpg,2
c_kp655_jpg.jpg,train,c,c:kp655_jpg,2
c_kp1735_jpg.jpg,train,c,c:kp1735_jpg,1
a_006022_jpg.jpg,test,a,a:006022_jpg,8
c_MX_img_83_jpg.jpg,val,c,c:MX_img_83_jpg,1
c_kp1468_jpg.jpg,train,c,c:kp1468_jpg,1
b_image_265_jpg.jpg,test,b,b:image_265_jpg,2
c_005464_jpg.jpg,train,c,c:005464_jpg,2
c_PP02img136_jpg.jpg,test,c,c:PP02img136_jpg,2
c_frame13_jpg.jpg,train,c,c:frame13_jpg,0
c_kp1838_jpg.jpg,train,c,c:kp1838_jpg,2
c_helmet999615_jpg.jpg,train,c,c:helmet999615_jpg,2
c_kp1037_jpg.jpg,train,c,c:kp1037_jpg,1
a_002896_jpg.jpg,val,a,a:002896_jpg,2
c_packing1776_jpg.jpg,test,c,c:packing1776_jpg,1
c_kp1916_jpg.jpg,val,c,c:kp1916_jpg,1
c_packing1324_jpg.jpg,train,c,c:packing1324_jpg,1
a_006791_jpg.jpg,train,a,a:006791_jpg,16
c_img497_jpg.jpg,train,c,c:img497_jpg,5
a_003389_jpg.jpg,val,a,a:003389_jpg,2
b_AightSird0243_jpg.jpg,train,b,b:AightSird0243_jpg,2
c_kp855_jpg.jpg,train,c,c:kp855_jpg,1
a_005392_jpg.jpg,train,a,a:005392_jpg,8
c_packing39_jpg.jpg,train,c,c:packing39_jpg,3
c_kp728_jpg.jpg,train,c,c:kp728_jpg,1
a_004790_jpg.jpg,train,a,a:004790_jpg,2
c_mask-wearing-1632938145013_png_jpg.jpg,train,c,c:mask-wearing-1632938145013_png_jpg,1
a_003772_jpg.jpg,train,a,a:003772_jpg,6
c_helmet999573_jpg.jpg,train,c,c:helmet999573_jpg,1
b_image_192_jpg.jpg,test,b,b:image_192_jpg,6
c_kp912_jpg.jpg,train,c,c:kp912_jpg,1
c_PP02img433_jpg.jpg,train,c,c:PP02img433_jpg,5
c_helmet999619_jpg.jpg,train,c,c:helmet999619_jpg,1
c_packing1935_jpg.jpg,train,c,c:packing1935_jpg,2
c_helmet999620_jpg.jpg,train,c,c:helmet999620_jpg,1
a_005302_jpg.jpg,train,a,a:005302_jpg,1
c_packing1518_jpg.jpg,train,c,c:packing1518_jpg,1
c_p65213154_jpg.jpg,train,c,c:p65213154_jpg,1
c_PP02img1063_jpg.jpg,train,c,c:PP02img1063_jpg,3
c_kp1308_jpg.jpg,train,c,c:kp1308_jpg,1
c_packing143_jpg.jpg,train,c,c:packing143_jpg,3
c_N5h_img_146_jpg.jpg,train,c,c:N5h_img_146_jpg,1
c_N5h_img_32_jpg.jpg,train,c,c:N5h_img_32_jpg,1
c_packing275_jpg.jpg,test,c,c:packing275_jpg,2
c_1030611863_jpg.jpg,train,c,c:1030611863_jpg,8
a_006338_jpg.jpg,train,a,a:006338_jpg,1
a_005531_jpg.jpg,train,a,a:005531_jpg,1
c_packing281_jpg.jpg,train,c,c:packing281_jpg,2
c_N5h_img_212_jpg.jpg,train,c,c:N5h_img_212_jpg,1
c_frame1132_jpg.jpg,train,c,c:frame1132_jpg,0
c_frame434_jpg.jpg,val,c,c:frame434_jpg,2
c_nglov130_jpg.jpg,val,c,c:nglov130_jpg,4
c_img299_jpg.jpg,train,c,c:img299_jpg,3
c_PPE_Data_711_jpg.jpg,train,c,c:PPE_Data_711_jpg,2
a_007008_jpg.jpg,train,a,a:007008_jpg,2
a_003695_jpg.jpg,train,a,a:003695_jpg,1
b_image_135_jpg.jpg,val,b,b:image_135_jpg,2
c_img170_jpg.jpg,train,c,c:img170_jpg,5
a_004543_jpg.jpg,train,a,a:004543_jpg,3
a_004130_jpg.jpg,train,a,a:004130_jpg,4
c_packing992_jpg.jpg,train,c,c:packing992_jpg,1
c_nglov43_jpg.jpg,train,c,c:nglov43_jpg,2
a_006001_jpg.jpg,val,a,a:006001_jpg,2
c_packing190_jpg.jpg,val,c,c:packing190_jpg,2
c_p65621356_jpg.jpg,test,c,c:p65621356_jpg,1
c_img461_jpg.jpg,train,c,c:img461_jpg,4
a_003443_jpg.jpg,train,a,a:003443_jpg,6
a_001736_jpg.jpg,train,a,a:001736_jpg,3
c_PP02img342_jpg.jpg,test,c,c:PP02img342_jpg,2
c_goggle8765134_jpg.jpg,test,c,c:goggle8765134_jpg,1
a_002400_jpg.jpg,val,a,a:002400_jpg,9
c_MX_img_140_jpg.jpg,train,c,c:MX_img_140_jpg,1
c_IMG_4920_mov-2_jpg.jpg,val,c,c:IMG_4920_mov-2_jpg,1
c_N5h_img_66_jpg.jpg,train,c,c:N5h_img_66_jpg,1
a_006060_jpg.jpg,test,a,a:006060_jpg,8
c_frame252_jpg.jpg,test,c,c:frame252_jpg,1
c_kp445_jpg.jpg,train,c,c:kp445_jpg,1
c_MX_img_108_jpg.jpg,train,c,c:MX_img_108_jpg,1
c_helmet999974_jpg.jpg,train,c,c:helmet999974_jpg,1
a_003579_jpg.jpg,train,a,a:003579_jpg,9
a_006299_jpg.jpg,val,a,a:006299_jpg,2
c_packing1709_jpg.jpg,val,c,c:packing1709_jpg,2
a_007036_jpg.jpg,train,a,a:007036_jpg,12
a_002958_jpg.jpg,train,a,a:002958_jpg,2
c_PP02img866_jpg.jpg,train,c,c:PP02img866_jpg,1
b_ppe_0457_jpg.jpg,train,b,b:ppe_0457_jpg,2
a_000879_jpg.jpg,train,a,a:000879_jpg,6
c_img243_jpg.jpg,val,c,c:img243_jpg,4
c_PP02img1068_jpg.jpg,train,c,c:PP02img1068_jpg,3
c_kp304_jpg.jpg,train,c,c:kp304_jpg,1
a_000835_jpg.jpg,val,a,a:000835_jpg,8
b_Nein5887_jpg.jpg,test,b,b:Nein5887_jpg,1
a_001427_jpg.jpg,train,a,a:001427_jpg,1
a_006099_jpg.jpg,train,a,a:006099_jpg,4
b_ppe_0475_jpg.jpg,train,b,b:ppe_0475_jpg,5
c_PP02img253_jpg.jpg,test,c,c:PP02img253_jpg,6
b_AightOne0873_jpg.jpg,val,b,b:AightOne0873_jpg,4
b_image_104_jpg.jpg,train,b,b:image_104_jpg,3
c_fglov1118_jpg.jpg,train,c,c:fglov1118_jpg,1
a_000135_jpg.jpg,train,a,a:000135_jpg,4
c_frame1107_jpg.jpg,train,c,c:frame1107_jpg,0
c_kp1610_jpg.jpg,train,c,c:kp1610_jpg,1
c_NVR-09_Trim_new_Trim-2502_jpg.jpg,train,c,c:NVR-09_Trim_new_Trim-2502_jpg,3
c_1539151332674193npsrq70_jpg.jpg,train,c,c:1539151332674193npsrq70_jpg,1
b_ppe_0626_jpg.jpg,train,b,b:ppe_0626_jpg,10
c_Inside-merge_mov-58_jpg.jpg,train,c,c:Inside-merge_mov-58_jpg,0
b_image_730_jpg.jpg,train,b,b:image_730_jpg,3
a_006990_jpg.jpg,train,a,a:006990_jpg,5
c_PP02img129_jpg.jpg,test,c,c:PP02img129_jpg,5
c_kp1092_jpg.jpg,train,c,c:kp1092_jpg,2
c_frame475_jpg.jpg,train,c,c:frame475_jpg,0
a_001189_jpg.jpg,train,a,a:001189_jpg,8
c_packing1909_jpg.jpg,train,c,c:packing1909_jpg,1
a_005131_jpg.jpg,val,a,a:005131_jpg,7
c_PP02img124_jpg.jpg,train,c,c:PP02img124_jpg,4
a_006784_jpg.jpg,train,a,a:006784_jpg,6
b_r110_jpg.jpg,val,b,b:r110_jpg,1
c_PXL_20210930_152004281_jpg.jpg,train,c,c:PXL_20210930_152004281_jpg,1
c_p65138_jpg.jpg,train,c,c:p65138_jpg,1
a_003429_jpg.jpg,val,a,a:003429_jpg,6
c_kp320_jpg.jpg,train,c,c:kp320_jpg,1
c_kp646_jpg.jpg,val,c,c:kp646_jpg,2
a_005539_jpg.jpg,train,a,a:005539_jpg,2
c_kp473_jpg.jpg,train,c,c:kp473_jpg,1
c_PHOTriZgIKIgsnNLdBJG75vj200203_1000x2000_jpg.jpg,val,c,c:PHOTriZgIKIgsnNLdBJG75vj200203_1000x2000_jpg,4
c_so-19-_jpg.jpg,val,c,c:so-19-_jpg,3
c_packing97_jpg.jpg,train,c,c:packing97_jpg,2
c_IMG_4920_mov-18_jpg.jpg,val,c,c:IMG_4920_mov-18_jpg,1
c_kp768_jpg.jpg,train,c,c:kp768_jpg,1
a_001820_jpg.jpg,train,a,a:001820_jpg,2
c_fglov13_jpg.jpg,train,c,c:fglov13_jpg,3
c_packing1225_jpg.jpg,train,c,c:packing1225_jpg,1
c_mask-wearing-1632939832117_png_jpg.jpg,val,c,c:mask-wearing-1632939832117_png_jpg,1
a_005520_jpg.jpg,val,a,a:005520_jpg,2
c_PPE_Data_504_jpg.jpg,train,c,c:PPE_Data_504_jpg,0
b_image_257_jpg.jpg,val,b,b:image_257_jpg,3
c_packing1636_jpg.jpg,test,c,c:packing1636_jpg,2
c_kp789_jpg.jpg,val,c,c:kp789_jpg,1
c_PP02img1094_jpg.jpg,val,c,c:PP02img1094_jpg,2
c_nglovpp281_jpg.jpg,val,c,c:nglovpp281_jpg,3
b_Video1_30_jpg.jpg,train,b,b:Video1_30_jpg,4
c_Nhh_img_157_jpg.jpg,test,c,c:Nhh_img_157_jpg,2
a_005424_jpg.jpg,train,a,a:005424_jpg,5
a_006433_jpg.jpg,train,a,a:006433_jpg,4
c_p113101_jpg.jpg,train,c,c:p113101_jpg,2
c_goggle876567_jpg.jpg,train,c,c:goggle876567_jpg,4
a_002058_jpg.jpg,train,a,a:002058_jpg,4
a_002509_jpg.jpg,val,a,a:002509_jpg,5
b_Video3_157_jpg.jpg,test,b,b:Video3_157_jpg,4
a_006464_jpg.jpg,val,a,a:006464_jpg,5
c_packing1230_jpg.jpg,train,c,c:packing1230_jpg,2
c_goggle8765159_jpg.jpg,train,c,c:goggle8765159_jpg,4
c_TASS38012699_jpg.jpg,val,c,c:TASS38012699_jpg,8
a_003564_jpg.jpg,train,a,a:003564_jpg,5
c_MX_img_134_jpg.jpg,train,c,c:MX_img_134_jpg,2
c_img420_jpg.jpg,train,c,c:img420_jpg,5
a_001393_jpg.jpg,train,a,a:001393_jpg,6
c_frame83--3-_jpg.jpg,train,c,c:frame83--3-_jpg,2
c_NX_img_29_jpg.jpg,train,c,c:NX_img_29_jpg,1
a_006027_jpg.jpg,val,a,a:006027_jpg,4
c_kp805_jpg.jpg,train,c,c:kp805_jpg,1
c_nglov136_jpg.jpg,train,c,c:nglov136_jpg,3
c_PP02img732_jpg.jpg,train,c,c:PP02img732_jpg,3
c_kp691_jpg.jpg,train,c,c:kp691_jpg,1
c_PP02img1256_jpg.jpg,test,c,c:PP02img1256_jpg,3
a_006871_jpg.jpg,train,a,a:006871_jpg,3
c_PP02img831_jpg.jpg,train,c,c:PP02img831_jpg,2
a_000784_jpg.jpg,train,a,a:000784_jpg,2
c_p113195_jpg.jpg,test,c,c:p113195_jpg,1
a_005049_jpg.jpg,train,a,a:005049_jpg,1
c_kp590_jpg.jpg,train,c,c:kp590_jpg,1
c_p651343_jpg.jpg,train,c,c:p651343_jpg,1
c_Mask-detector1_mov-46_jpg.jpg,test,c,c:Mask-detector1_mov-46_jpg,1
b_Video3_29_jpg.jpg,train,b,b:Video3_29_jpg,4
a_004215_jpg.jpg,train,a,a:004215_jpg,8
c_frame277_jpg.jpg,val,c,c:frame277_jpg,1
a_006372_jpg.jpg,train,a,a:006372_jpg,8
c_kp1300_jpg.jpg,train,c,c:kp1300_jpg,1
c_frame449_jpg.jpg,train,c,c:frame449_jpg,2
c_kp1425_jpg.jpg,train,c,c:kp1425_jpg,1
c_PP02img520_jpg.jpg,val,c,c:PP02img520_jpg,6
b_image_8_jpg.jpg,val,b,b:image_8_jpg,3
c_PPE_Data_435_jpg.jpg,val,c,c:PPE_Data_435_jpg,1
c_packing738_jpg.jpg,train,c,c:packing738_jpg,2
c_kp594_jpg.jpg,train,c,c:kp594_jpg,2
b_Photin0314_jpg.jpg,val,b,b:Photin0314_jpg,1
b_ppe_0823_jpg.jpg,train,b,b:ppe_0823_jpg,1
b_ppe_0546_jpg.jpg,val,b,b:ppe_0546_jpg,4
c_packing1503_jpg.jpg,train,c,c:packing1503_jpg,3
c_img370_jpg.jpg,test,c,c:img370_jpg,2
c_frame445_jpg.jpg,train,c,c:frame445_jpg,2
a_005041_jpg.jpg,val,a,a:005041_jpg,4
b_KakaoTalk_20221018_001605157_15_jpg.jpg,train,b,b:KakaoTalk_20221018_001605157_15_jpg,4
c_kp554_jpg.jpg,train,c,c:kp554_jpg,2
a_001853_jpg.jpg,val,a,a:001853_jpg,5
c_packing866_jpg.jpg,train,c,c:packing866_jpg,3
c_helmet9991168_jpg.jpg,val,c,c:helmet9991168_jpg,1
a_002176_jpg.jpg,train,a,a:002176_jpg,4
a_005422_jpg.jpg,val,a,a:005422_jpg,2
b_Video2_141_jpg.jpg,val,b,b:Video2_141_jpg,6
c_PP02img251_jpg.jpg,train,c,c:PP02img251_jpg,5
b_r143_jpg.jpg,train,b,b:r143_jpg,1
c_IMG_4921-2_mp4-34_jpg.jpg,train,c,c:IMG_4921-2_mp4-34_jpg,1
c_kp1864_jpg.jpg,val,c,c:kp1864_jpg,1
c_frame694_jpg.jpg,train,c,c:frame694_jpg,0
c_frame1513_jpg.jpg,train,c,c:frame1513_jpg,3
c_packing1291_jpg.jpg,train,c,c:packing1291_jpg,2
a_002743_jpg.jpg,train,a,a:002743_jpg,1
a_000434_jpg.jpg,train,a,a:000434_jpg,1
c_PPE_Data_683_jpg.jpg,train,c,c:PPE_Data_683_jpg,2
c_frame2209_jpg.jpg,val,c,c:frame2209_jpg,0
a_001226_jpg.jpg,train,a,a:001226_jpg,9
c_frame461_jpg.jpg,train,c,c:frame461_jpg,2
c_frame534_jpg.jpg,val,c,c:frame534_jpg,1
c_kp32_jpg.jpg,train,c,c:kp32_jpg,2
c_nglov149_jpg.jpg,train,c,c:nglov149_jpg,2
c_PP02img1039_jpg.jpg,train,c,c:PP02img1039_jpg,4
a_005929_jpg.jpg,train,a,a:005929_jpg,10
c_kp1663_jpg.jpg,val,c,c:kp1663_jpg,1
c_nglov96_jpg.jpg,train,c,c:nglov96_jpg,3
b_ppe_0479_jpg.jpg,val,b,b:ppe_0479_jpg,3
c_goggle8765155_jpg.jpg,val,c,c:goggle8765155_jpg,3
c_PP02img187_jpg.jpg,test,c,c:PP02img187_jpg,4
c_PP02img227_jpg.jpg,train,c,c:PP02img227_jpg,4
c_packing1833_jpg.jpg,train,c,c:packing1833_jpg,2
c_frame79--2-_jpg.jpg,test,c,c:frame79--2-_jpg,2
c_kp1549_jpg.jpg,val,c,c:kp1549_jpg,1
c_packing909_jpg.jpg,val,c,c:packing909_jpg,1
a_004144_jpg.jpg,train,a,a:004144_jpg,1
b_image_475_jpg.jpg,train,b,b:image_475_jpg,3
c_frame2298_jpg.jpg,train,c,c:frame2298_jpg,2
c_fglov145_jpg.jpg,train,c,c:fglov145_jpg,3
a_000496_jpg.jpg,test,a,a:000496_jpg,5
c_PP02img44_jpg.jpg,val,c,c:PP02img44_jpg,5
c_PP02img57_jpg.jpg,train,c,c:PP02img57_jpg,8
c_PP02img395_jpg.jpg,test,c,c:PP02img395_jpg,4
c_PP02img813_jpg.jpg,train,c,c:PP02img813_jpg,1
c_N5h_img_81_jpg.jpg,val,c,c:N5h_img_81_jpg,2
b_Video4_41_jpg.jpg,train,b,b:Video4_41_jpg,6
c_packing1465_jpg.jpg,train,c,c:packing1465_jpg,2
c_PP02img1182_jpg.jpg,val,c,c:PP02img1182_jpg,4
c_frame1250_jpg.jpg,val,c,c:frame1250_jpg,0
a_004440_jpg.jpg,train,a,a:004440_jpg,4
b_ppe_0515_jpg.jpg,train,b,b:ppe_0515_jpg,8
b_ppe_0168_jpg.jpg,train,b,b:ppe_0168_jpg,4
b_ppe_0795_jpg.jpg,train,b,b:ppe_0795_jpg,4
c_packing1375_jpg.jpg,train,c,c:packing1375_jpg,1
c_PP02img1324_jpg.jpg,train,c,c:PP02img1324_jpg,4
b_image_112_jpg.jpg,val,b,b:image_112_jpg,2
c_packing299_jpg.jpg,val,c,c:packing299_jpg,1
c_kp931_jpg.jpg,val,c,c:kp931_jpg,1
c_kp314_jpg.jpg,train,c,c:kp314_jpg,1
c_frame3822_jpg.jpg,train,c,c:frame3822_jpg,3
a_003165_jpg.jpg,train,a,a:003165_jpg,7
c_img26_jpg.jpg,train,c,c:img26_jpg,5
a_002554_jpg.jpg,train,a,a:002554_jpg,1
a_001630_jpg.jpg,train,a,a:001630_jpg,2
c_frame84--3-_jpg.jpg,val,c,c:frame84--3-_jpg,2
b_images-2022-07-04T013751_jpg.jpg,val,b,b:images-2022-07-04T013751_jpg,2
c_packing99_jpg.jpg,train,c,c:packing99_jpg,1
a_005603_jpg.jpg,val,a,a:005603_jpg,2
a_005494_jpg.jpg,train,a,a:005494_jpg,1
c_packing570_jpg.jpg,train,c,c:packing570_jpg,2
a_005052_jpg.jpg,train,a,a:005052_jpg,3
c_packing1220_jpg.jpg,train,c,c:packing1220_jpg,1
c_frame20_jpg.jpg,val,c,c:frame20_jpg,1
c_Nhh_img_156_jpg.jpg,train,c,c:Nhh_img_156_jpg,2
a_003847_jpg.jpg,train,a,a:003847_jpg,5
a_001989_jpg.jpg,val,a,a:001989_jpg,3
c_kp911_jpg.jpg,train,c,c:kp911_jpg,1
c_helmet999798_jpg.jpg,train,c,c:helmet999798_jpg,1
c_mo-justin-mask-NoMask_mov-38_jpg.jpg,train,c,c:mo-justin-mask-NoMask_mov-38_jpg,2
c_img448_jpg.jpg,train,c,c:img448_jpg,3
a_004512_jpg.jpg,train,a,a:004512_jpg,10
c_p651345_jpg.jpg,train,c,c:p651345_jpg,1
c_kp1294_jpg.jpg,val,c,c:kp1294_jpg,1
c_PP02img853_jpg.jpg,train,c,c:PP02img853_jpg,1
c_frame3900_jpg.jpg,train,c,c:frame3900_jpg,2
a_004193_jpg.jpg,train,a,a:004193_jpg,10
b_image_252_jpg.jpg,val,b,b:image_252_jpg,3
c_packing1295_jpg.jpg,train,c,c:packing1295_jpg,3
b_download-31-_jpg.jpg,val,b,b:download-31-_jpg,2
a_000853_jpg.jpg,train,a,a:000853_jpg,1
c_PP02img203_jpg.jpg,val,c,c:PP02img203_jpg,4
a_005556_jpg.jpg,train,a,a:005556_jpg,1
c_packing847_jpg.jpg,train,c,c:packing847_jpg,2
a_005598_jpg.jpg,val,a,a:005598_jpg,2
c_kp1036_jpg.jpg,train,c,c:kp1036_jpg,1
c_packing828_jpg.jpg,train,c,c:packing828_jpg,2
c_Inside-merge_mov-34_jpg.jpg,train,c,c:Inside-merge_mov-34_jpg,0
a_002049_jpg.jpg,train,a,a:002049_jpg,4
c_packing1023_jpg.jpg,val,c,c:packing1023_jpg,1
b_image_1798_jpg.jpg,train,b,b:image_1798_jpg,8
c_nglovpp2156_jpg.jpg,train,c,c:nglovpp2156_jpg,5
c_nglov143_jpg.jpg,train,c,c:nglov143_jpg,5
c_frame636_jpg.jpg,train,c,c:frame636_jpg,0
c_helmet999889_jpg.jpg,train,c,c:helmet999889_jpg,1
a_002416_jpg.jpg,train,a,a:002416_jpg,2
c_packing1323_jpg.jpg,train,c,c:packing1323_jpg,2
c_NX_img_19_jpg.jpg,test,c,c:NX_img_19_jpg,1
c_nglov2_jpg.jpg,train,c,c:nglov2_jpg,4
c_PP02img1101_jpg.jpg,test,c,c:PP02img1101_jpg,2
b_ppe_1276_jpg.jpg,train,b,b:ppe_1276_jpg,10
c_img15_jpg.jpg,train,c,c:img15_jpg,4
c_PP02img1342_jpg.jpg,train,c,c:PP02img1342_jpg,6
c_mask-wearing-1632932263553_png_jpg.jpg,train,c,c:mask-wearing-1632932263553_png_jpg,1
c_kp1053_jpg.jpg,train,c,c:kp1053_jpg,1
c_kp1534_jpg.jpg,train,c,c:kp1534_jpg,2
c_kp1923_jpg.jpg,test,c,c:kp1923_jpg,1
c_005514_jpg.jpg,val,c,c:005514_jpg,12
b_image_1384_jpg.jpg,val,b,b:image_1384_jpg,11
c_nglov106_jpg.jpg,val,c,c:nglov106_jpg,5
c_frame761_jpg.jpg,train,c,c:frame761_jpg,3
c_frame119--2-_jpg.jpg,train,c,c:frame119--2-_jpg,1
a_000122_jpg.jpg,train,a,a:000122_jpg,1
c_PP02img940_jpg.jpg,train,c,c:PP02img940_jpg,1
c_PP02img1453_jpg.jpg,train,c,c:PP02img1453_jpg,7
c_kp1345_jpg.jpg,test,c,c:kp1345_jpg,1
c_packing1483_jpg.jpg,train,c,c:packing1483_jpg,1
c_packing1841_jpg.jpg,train,c,c:packing1841_jpg,1
a_003922_jpg.jpg,train,a,a:003922_jpg,1
b_Video2_130_jpg.jpg,train,b,b:Video2_130_jpg,4
c_PP02img238_jpg.jpg,train,c,c:PP02img238_jpg,6
b_thumb0923_jpg.jpg,train,b,b:thumb0923_jpg,1
c_nglov52_jpg.jpg,train,c,c:nglov52_jpg,1
b_image_1046_jpg.jpg,val,b,b:image_1046_jpg,3
c_PP02img184_jpg.jpg,train,c,c:PP02img184_jpg,6
c_PP02img1305_jpg.jpg,train,c,c:PP02img1305_jpg,3
c_goggle876516_jpg.jpg,train,c,c:goggle876516_jpg,3
c_kp154_jpg.jpg,train,c,c:kp154_jpg,1
c_packing1502_jpg.jpg,train,c,c:packing1502_jpg,3
c_PPE_Data_601_jpg.jpg,train,c,c:PPE_Data_601_jpg,2
c_PP02img424_jpg.jpg,val,c,c:PP02img424_jpg,6
c_frame3755_jpg.jpg,val,c,c:frame3755_jpg,3
c_packing1643_jpg.jpg,val,c,c:packing1643_jpg,1
b_image_240_jpg.jpg,train,b,b:image_240_jpg,6
a_006510_jpg.jpg,train,a,a:006510_jpg,1
c_PP02img86_jpg.jpg,test,c,c:PP02img86_jpg,4
a_006291_jpg.jpg,train,a,a:006291_jpg,1
c_frame699_jpg.jpg,train,c,c:frame699_jpg,0
a_005212_jpg.jpg,train,a,a:005212_jpg,2
c_packing1221_jpg.jpg,train,c,c:packing1221_jpg,1
a_000766_jpg.jpg,val,a,a:000766_jpg,2
c_helmet999519_jpg.jpg,val,c,c:helmet999519_jpg,2
b_image_512_jpg.jpg,train,b,b:image_512_jpg,3
c_PP02img111_jpg.jpg,val,c,c:PP02img111_jpg,7
a_001625_jpg.jpg,train,a,a:001625_jpg,1
a_006736_jpg.jpg,train,a,a:006736_jpg,1
c_kp206_jpg.jpg,train,c,c:kp206_jpg,1
c_packing760_jpg.jpg,train,c,c:packing760_jpg,1
c_frame235_jpg.jpg,train,c,c:frame235_jpg,1
b_Image_ipg-1958-_jpg.jpg,train,b,b:Image_ipg-1958-_jpg,4
c_PP02img936_jpg.jpg,train,c,c:PP02img936_jpg,2
b_image_1244_jpg.jpg,test,b,b:image_1244_jpg,2
a_002909_jpg.jpg,train,a,a:002909_jpg,1
c_packing922_jpg.jpg,val,c,c:packing922_jpg,1
c_packing1655_jpg.jpg,test,c,c:packing1655_jpg,2
c_kp432_jpg.jpg,train,c,c:kp432_jpg,1
c_img330_jpg.jpg,train,c,c:img330_jpg,5
b_ppe_1224_jpg.jpg,train,b,b:ppe_1224_jpg,10
a_003060_jpg.jpg,val,a,a:003060_jpg,11
c_packing1418_jpg.jpg,val,c,c:packing1418_jpg,1
c_PP02img93_jpg.jpg,val,c,c:PP02img93_jpg,3
a_000053_jpg.jpg,train,a,a:000053_jpg,1
c_frame760_jpg.jpg,val,c,c:frame760_jpg,3
c_packing1075_jpg.jpg,train,c,c:packing1075_jpg,2
a_006417_jpg.jpg,train,a,a:006417_jpg,1
c_img21_jpg.jpg,train,c,c:img21_jpg,3
c_PP02img32_jpg.jpg,val,c,c:PP02img32_jpg,4
c_helmet999704_jpg.jpg,train,c,c:helmet999704_jpg,1
a_004928_jpg.jpg,test,a,a:004928_jpg,15
c_PP02img1262_jpg.jpg,train,c,c:PP02img1262_jpg,3
a_002036_jpg.jpg,train,a,a:002036_jpg,4
c_p656213157_jpg.jpg,train,c,c:p656213157_jpg,1
c_frame242_jpg.jpg,test,c,c:frame242_jpg,1
c_packing1051_jpg.jpg,train,c,c:packing1051_jpg,1
c_packing1358_jpg.jpg,test,c,c:packing1358_jpg,1
c_img50_jpg.jpg,train,c,c:img50_jpg,4
b_image_653_jpg.jpg,train,b,b:image_653_jpg,1
a_005815_jpg.jpg,train,a,a:005815_jpg,8
c_img124_jpg.jpg,train,c,c:img124_jpg,5
c_kp1083_jpg.jpg,train,c,c:kp1083_jpg,1
c_packing1232_jpg.jpg,train,c,c:packing1232_jpg,2
c_kp1647_jpg.jpg,train,c,c:kp1647_jpg,1
c_frame545_jpg.jpg,train,c,c:frame545_jpg,4
a_005099_jpg.jpg,train,a,a:005099_jpg,4
c_nglovpp259_jpg.jpg,train,c,c:nglovpp259_jpg,3
c_packing634_jpg.jpg,train,c,c:packing634_jpg,2
b_ppe_0887_jpg.jpg,test,b,b:ppe_0887_jpg,3
c_fglov1159_jpg.jpg,train,c,c:fglov1159_jpg,5
c_packing929_jpg.jpg,train,c,c:packing929_jpg,2
c_img485_jpg.jpg,train,c,c:img485_jpg,4
c_frame69_jpg.jpg,train,c,c:frame69_jpg,1
b_ppe_0522_jpg.jpg,val,b,b:ppe_0522_jpg,2
a_002214_jpg.jpg,train,a,a:002214_jpg,1
c_PPE_Data_159_jpg.jpg,test,c,c:PPE_Data_159_jpg,2
a_001151_jpg.jpg,test,a,a:001151_jpg,5
c_frame687_jpg.jpg,train,c,c:frame687_jpg,0
a_005103_jpg.jpg,train,a,a:005103_jpg,2
a_001430_jpg.jpg,train,a,a:001430_jpg,2
c_PP02img240_jpg.jpg,val,c,c:PP02img240_jpg,5
c_frame1172_jpg.jpg,train,c,c:frame1172_jpg,0
c_packing43_jpg.jpg,train,c,c:packing43_jpg,2
a_002198_jpg.jpg,train,a,a:002198_jpg,6
a_004519_jpg.jpg,train,a,a:004519_jpg,5
c_packing745_jpg.jpg,test,c,c:packing745_jpg,1
c_p651316_jpg.jpg,train,c,c:p651316_jpg,1
c_packing313_jpg.jpg,test,c,c:packing313_jpg,1
c_PPE_Data_357_jpg.jpg,val,c,c:PPE_Data_357_jpg,2
c_packing100_jpg.jpg,train,c,c:packing100_jpg,2
c_goggle876555_jpg.jpg,val,c,c:goggle876555_jpg,2
c_frame2991_jpg.jpg,train,c,c:frame2991_jpg,2
a_006912_jpg.jpg,train,a,a:006912_jpg,1
c_packing803_jpg.jpg,train,c,c:packing803_jpg,2
c_frame251_jpg.jpg,train,c,c:frame251_jpg,1
c_helmet9991103_jpg.jpg,train,c,c:helmet9991103_jpg,1
b_images-2022-07-04T013139_jpg.jpg,train,b,b:images-2022-07-04T013139_jpg,2
a_003364_jpg.jpg,train,a,a:003364_jpg,4
c_frame523_jpg.jpg,train,c,c:frame523_jpg,0
b_Video4_253_jpg.jpg,train,b,b:Video4_253_jpg,4
c_PP02img879_jpg.jpg,train,c,c:PP02img879_jpg,1
b_image_1430_jpg.jpg,val,b,b:image_1430_jpg,3
c_Mask-detector1_mov-14_jpg.jpg,train,c,c:Mask-detector1_mov-14_jpg,1
a_006353_jpg.jpg,val,a,a:006353_jpg,2
c_packing1870_jpg.jpg,train,c,c:packing1870_jpg,1
b_ppe_0134_jpg.jpg,test,b,b:ppe_0134_jpg,2
c_PP02img834_jpg.jpg,train,c,c:PP02img834_jpg,2
c_NX_img_166_jpg.jpg,train,c,c:NX_img_166_jpg,3
a_003987_jpg.jpg,train,a,a:003987_jpg,6
c_PP02img1143_jpg.jpg,val,c,c:PP02img1143_jpg,4
c_frame1164_jpg.jpg,train,c,c:frame1164_jpg,1
c_frame238_jpg.jpg,train,c,c:frame238_jpg,1
c_N5h_img_49_jpg.jpg,train,c,c:N5h_img_49_jpg,1
a_001813_jpg.jpg,test,a,a:001813_jpg,9
c_frame312_jpg.jpg,train,c,c:frame312_jpg,1
c_frame460_jpg.jpg,val,c,c:frame460_jpg,2
c_p11393_jpg.jpg,val,c,c:p11393_jpg,2
c_packing1240_jpg.jpg,train,c,c:packing1240_jpg,1
a_000127_jpg.jpg,train,a,a:000127_jpg,9
b_image_394_jpg.jpg,train,b,b:image_394_jpg,3
a_004207_jpg.jpg,train,a,a:004207_jpg,3
b_ppe_0421_jpg.jpg,val,b,b:ppe_0421_jpg,2
c_PP02img1144_jpg.jpg,val,c,c:PP02img1144_jpg,2
b_image_417_jpg.jpg,train,b,b:image_417_jpg,6
a_004563_jpg.jpg,train,a,a:004563_jpg,5
c_PP02img838_jpg.jpg,train,c,c:PP02img838_jpg,2
c_005384_jpg.jpg,train,c,c:005384_jpg,3
b_ppe_0857_jpg.jpg,val,b,b:ppe_0857_jpg,14
a_005533_jpg.jpg,train,a,a:005533_jpg,1
a_003399_jpg.jpg,val,a,a:003399_jpg,2
c_helmet9991001_jpg.jpg,train,c,c:helmet9991001_jpg,1
c_packing227_jpg.jpg,test,c,c:packing227_jpg,2
c_frame708_jpg.jpg,test,c,c:frame708_jpg,1
c_packing953_jpg.jpg,train,c,c:packing953_jpg,1
c_N5h_img_123_jpg.jpg,train,c,c:N5h_img_123_jpg,2
c_PPE_Data_112_jpg.jpg,train,c,c:PPE_Data_112_jpg,0
c_kp737_jpg.jpg,val,c,c:kp737_jpg,1
c_Mask-detector1_mov-49_jpg.jpg,test,c,c:Mask-detector1_mov-49_jpg,1
c_packing1523_jpg.jpg,train,c,c:packing1523_jpg,2
a_006567_jpg.jpg,test,a,a:006567_jpg,13
c_PP02img1502_jpg.jpg,train,c,c:PP02img1502_jpg,5
a_004779_jpg.jpg,train,a,a:004779_jpg,1
c_goggle876544_jpg.jpg,test,c,c:goggle876544_jpg,3
b_image_1465_jpg.jpg,train,b,b:image_1465_jpg,6
b_image_172_jpg.jpg,val,b,b:image_172_jpg,4
a_003022_jpg.jpg,train,a,a:003022_jpg,3
a_004156_jpg.jpg,train,a,a:004156_jpg,1
c_nglovpp265_jpg.jpg,train,c,c:nglovpp265_jpg,3
c_p656213169_jpg.jpg,train,c,c:p656213169_jpg,1
a_003675_jpg.jpg,train,a,a:003675_jpg,4
a_006318_jpg.jpg,train,a,a:006318_jpg,3
c_img304_jpg.jpg,train,c,c:img304_jpg,4
c_PP02img336_jpg.jpg,train,c,c:PP02img336_jpg,3
a_002893_jpg.jpg,train,a,a:002893_jpg,10
b_ppe_1047_jpg.jpg,val,b,b:ppe_1047_jpg,2
c_kp1376_jpg.jpg,test,c,c:kp1376_jpg,1
c_packing853_jpg.jpg,train,c,c:packing853_jpg,2
c_img426_jpg.jpg,train,c,c:img426_jpg,3
c_frame3839_jpg.jpg,train,c,c:frame3839_jpg,3
c_frame132--2-_jpg.jpg,train,c,c:frame132--2-_jpg,2
a_000667_jpg.jpg,val,a,a:000667_jpg,2
a_005715_jpg.jpg,train,a,a:005715_jpg,7
c_nglovpp2110_jpg.jpg,val,c,c:nglovpp2110_jpg,4
a_007010_jpg.jpg,val,a,a:007010_jpg,5
c_frame3764_jpg.jpg,train,c,c:frame3764_jpg,3
a_003075_jpg.jpg,val,a,a:003075_jpg,2
a_002521_jpg.jpg,train,a,a:002521_jpg,2
c_PPE_Data_666_jpg.jpg,train,c,c:PPE_Data_666_jpg,4
a_007028_jpg.jpg,val,a,a:007028_jpg,2
a_000791_jpg.jpg,train,a,a:000791_jpg,8
c_goggle8765160_jpg.jpg,val,c,c:goggle8765160_jpg,2
b_ppe_0764_jpg.jpg,train,b,b:ppe_0764_jpg,4
c_kp402_jpg.jpg,train,c,c:kp402_jpg,1
c_Mask2_mov-9_jpg.jpg,train,c,c:Mask2_mov-9_jpg,1
c_frame558_jpg.jpg,train,c,c:frame558_jpg,4
b_image_278_jpg.jpg,train,b,b:image_278_jpg,3
a_005605_jpg.jpg,train,a,a:005605_jpg,5
c_frame1200_jpg.jpg,val,c,c:frame1200_jpg,2
c_nglovpp2158_jpg.jpg,train,c,c:nglovpp2158_jpg,3
c_Untitled-design-13_png_jpg.jpg,test,c,c:Untitled-design-13_png_jpg,1
c_kp1903_jpg.jpg,train,c,c:kp1903_jpg,1
c_15h_img_266_jpg.jpg,train,c,c:15h_img_266_jpg,1
b_Video3_119_jpg.jpg,train,b,b:Video3_119_jpg,4
b_ppe_1097_jpg.jpg,train,b,b:ppe_1097_jpg,1
a_006629_jpg.jpg,train,a,a:006629_jpg,5
c_helmet999752_jpg.jpg,train,c,c:helmet999752_jpg,1
b_image_1225_jpg.jpg,val,b,b:image_1225_jpg,3
a_006693_jpg.jpg,train,a,a:006693_jpg,9
c_N5h_img_236_jpg.jpg,train,c,c:N5h_img_236_jpg,1
c_PP02img286_jpg.jpg,train,c,c:PP02img286_jpg,6
c_helmet9991056_jpg.jpg,val,c,c:helmet9991056_jpg,1
c_PPE_Data_240_jpg.jpg,train,c,c:PPE_Data_240_jpg,1
c_PP02img1109_jpg.jpg,val,c,c:PP02img1109_jpg,2
c_kp1846_jpg.jpg,train,c,c:kp1846_jpg,1
c_img93_jpg.jpg,train,c,c:img93_jpg,4
c_packing1882_jpg.jpg,train,c,c:packing1882_jpg,1
c_kp1482_jpg.jpg,train,c,c:kp1482_jpg,1
c_helmet9991101_jpg.jpg,train,c,c:helmet9991101_jpg,1
c_kp707_jpg.jpg,val,c,c:kp707_jpg,1
c_helmet9991039_jpg.jpg,val,c,c:helmet9991039_jpg,2
c_PP02img128_jpg.jpg,train,c,c:PP02img128_jpg,5
c_packing1082_jpg.jpg,train,c,c:packing1082_jpg,1
c_MX_img_143_jpg.jpg,val,c,c:MX_img_143_jpg,2
c_frame3920_jpg.jpg,train,c,c:frame3920_jpg,1
a_005203_jpg.jpg,train,a,a:005203_jpg,3
a_000954_jpg.jpg,val,a,a:000954_jpg,2
c_IMG_4921-2_mp4-94_jpg.jpg,train,c,c:IMG_4921-2_mp4-94_jpg,1
c_nglovpp2104_jpg.jpg,val,c,c:nglovpp2104_jpg,4
c_helmet999929_jpg.jpg,train,c,c:helmet999929_jpg,1
c_PP02img1161_jpg.jpg,train,c,c:PP02img1161_jpg,3
c_mask-wearing-1632932222736_png_jpg.jpg,train,c,c:mask-wearing-1632932222736_png_jpg,3
c_frame463_jpg.jpg,val,c,c:frame463_jpg,0
c_PP02img1204_jpg.jpg,train,c,c:PP02img1204_jpg,5
a_004802_jpg.jpg,train,a,a:004802_jpg,1
b_105_JPG_jpg.jpg,train,b,b:105_JPG_jpg,4
c_helmet999713_jpg.jpg,train,c,c:helmet999713_jpg,1
a_000541_jpg.jpg,train,a,a:000541_jpg,8
c_RTX7CCFN_jpg.jpg,val,c,c:RTX7CCFN_jpg,2
c_fglov136_jpg.jpg,train,c,c:fglov136_jpg,5
c_kp1361_jpg.jpg,train,c,c:kp1361_jpg,1
c_PP02img582_jpg.jpg,train,c,c:PP02img582_jpg,5
c_kp1970_jpg.jpg,train,c,c:kp1970_jpg,1
c_005430_jpg.jpg,test,c,c:005430_jpg,2
c_kp790_jpg.jpg,val,c,c:kp790_jpg,2
b_ppe_0905_jpg.jpg,val,b,b:ppe_0905_jpg,3
c_img293_jpg.jpg,val,c,c:img293_jpg,6
c_p65213188_jpg.jpg,train,c,c:p65213188_jpg,1
a_001611_jpg.jpg,val,a,a:001611_jpg,2
c_kp1208_jpg.jpg,test,c,c:kp1208_jpg,1
c_frame452_jpg.jpg,train,c,c:frame452_jpg,0
c_fglov1136_jpg.jpg,train,c,c:fglov1136_jpg,2
c_PP02img1311_jpg.jpg,train,c,c:PP02img1311_jpg,5
c_N5h_img_160_jpg.jpg,train,c,c:N5h_img_160_jpg,1
c_fglov1189_jpg.jpg,train,c,c:fglov1189_jpg,3
a_004859_jpg.jpg,train,a,a:004859_jpg,2
c_PP02img1386_jpg.jpg,train,c,c:PP02img1386_jpg,5
c_img17_jpg.jpg,train,c,c:img17_jpg,6
c_PP02img986_jpg.jpg,train,c,c:PP02img986_jpg,1
c_packing620_jpg.jpg,train,c,c:packing620_jpg,2
c_fglov1162_jpg.jpg,train,c,c:fglov1162_jpg,3
c_kp1729_jpg.jpg,train,c,c:kp1729_jpg,1
c_PPE_Data_183_jpg.jpg,train,c,c:PPE_Data_183_jpg,2
c_kp436_jpg.jpg,train,c,c:kp436_jpg,1
b_ppe_0575_jpg.jpg,train,b,b:ppe_0575_jpg,8
c_packing619_jpg.jpg,train,c,c:packing619_jpg,2
b_image_20_jpg.jpg,train,b,b:image_20_jpg,5
c_PP02img614_jpg.jpg,train,c,c:PP02img614_jpg,5
c_kp452_jpg.jpg,train,c,c:kp452_jpg,1
c_packing553_jpg.jpg,train,c,c:packing553_jpg,1
a_005869_jpg.jpg,train,a,a:005869_jpg,3
c_nglov193_jpg.jpg,val,c,c:nglov193_jpg,4
c_packing1676_jpg.jpg,train,c,c:packing1676_jpg,3
a_000688_jpg.jpg,train,a,a:000688_jpg,1
c_kp1392_jpg.jpg,train,c,c:kp1392_jpg,1
c_NVR-09_Trim_new_Trim-1536_jpg.jpg,train,c,c:NVR-09_Trim_new_Trim-1536_jpg,2
a_003876_jpg.jpg,val,a,a:003876_jpg,5
c_kp769_jpg.jpg,train,c,c:kp769_jpg,1
c_packing20_jpg.jpg,train,c,c:packing20_jpg,2
c_kp1617_jpg.jpg,train,c,c:kp1617_jpg,1
a_002261_jpg.jpg,val,a,a:002261_jpg,5
a_006715_jpg.jpg,val,a,a:006715_jpg,2
c_goggle8765133_jpg.jpg,train,c,c:goggle8765133_jpg,2
a_005684_jpg.jpg,val,a,a:005684_jpg,2
c_PP02img1266_jpg.jpg,val,c,c:PP02img1266_jpg,5
a_004256_jpg.jpg,train,a,a:004256_jpg,10
b_ppe_0249_jpg.jpg,train,b,b:ppe_0249_jpg,3
c_p651313_jpg.jpg,train,c,c:p651313_jpg,1
c_kp953_jpg.jpg,val,c,c:kp953_jpg,1
c_helmet999589_jpg.jpg,train,c,c:helmet999589_jpg,1
a_001422_jpg.jpg,train,a,a:001422_jpg,16
c_frame1251_jpg.jpg,train,c,c:frame1251_jpg,0
c_helmet999532_jpg.jpg,train,c,c:helmet999532_jpg,2
b_image_843_jpg.jpg,test,b,b:image_843_jpg,3
c_frame1152--2-_jpg.jpg,train,c,c:frame1152--2-_jpg,0
b_ppe_0027_jpg.jpg,train,b,b:ppe_0027_jpg,9
c_kp701_jpg.jpg,train,c,c:kp701_jpg,1
c_PP02img489_jpg.jpg,train,c,c:PP02img489_jpg,4
c_fglov124_jpg.jpg,train,c,c:fglov124_jpg,4
c_IMG_4921-2_mp4-113_jpg.jpg,train,c,c:IMG_4921-2_mp4-113_jpg,1
a_006337_jpg.jpg,train,a,a:006337_jpg,5
c_helmet9991151_jpg.jpg,test,c,c:helmet9991151_jpg,1
a_007009_jpg.jpg,train,a,a:007009_jpg,9
c_PP02img1089_jpg.jpg,val,c,c:PP02img1089_jpg,3
b_image_185_jpg.jpg,train,b,b:image_185_jpg,3
a_001133_jpg.jpg,train,a,a:001133_jpg,10
b_ppe_0504_jpg.jpg,train,b,b:ppe_0504_jpg,2
c_PP02img1464_jpg.jpg,test,c,c:PP02img1464_jpg,5
a_001730_jpg.jpg,train,a,a:001730_jpg,1
a_002215_jpg.jpg,train,a,a:002215_jpg,3
a_003859_jpg.jpg,train,a,a:003859_jpg,4
c_MX_img_82_jpg.jpg,val,c,c:MX_img_82_jpg,1
c_kp1728_jpg.jpg,train,c,c:kp1728_jpg,1
a_002940_jpg.jpg,test,a,a:002940_jpg,9
a_001075_jpg.jpg,val,a,a:001075_jpg,2
c_frame598_jpg.jpg,val,c,c:frame598_jpg,2
a_004599_jpg.jpg,train,a,a:004599_jpg,6
c_PP02img324_jpg.jpg,train,c,c:PP02img324_jpg,3
c_packing1727_jpg.jpg,train,c,c:packing1727_jpg,2
c_fglov1165_jpg.jpg,test,c,c:fglov1165_jpg,3
c_frame1173_jpg.jpg,test,c,c:frame1173_jpg,0
c_kp1249_jpg.jpg,train,c,c:kp1249_jpg,1
c_img379_jpg.jpg,val,c,c:img379_jpg,3
c_PP02img123_jpg.jpg,train,c,c:PP02img123_jpg,4
c_005410_jpg.jpg,train,c,c:005410_jpg,2
c_img395_jpg.jpg,train,c,c:img395_jpg,5
c_mask-wearing-1632939836298_png_jpg.jpg,val,c,c:mask-wearing-1632939836298_png_jpg,1
c_PP02img650_jpg.jpg,train,c,c:PP02img650_jpg,3
a_002823_jpg.jpg,val,a,a:002823_jpg,4
b_ppe_0898_jpg.jpg,val,b,b:ppe_0898_jpg,3
c_PP02img897_jpg.jpg,train,c,c:PP02img897_jpg,1
b_Video1_31_jpg.jpg,train,b,b:Video1_31_jpg,4
c_packing218_jpg.jpg,train,c,c:packing218_jpg,2
a_004712_jpg.jpg,val,a,a:004712_jpg,2
a_001511_jpg.jpg,train,a,a:001511_jpg,7
c_p113175_jpg.jpg,train,c,c:p113175_jpg,1
a_001498_jpg.jpg,val,a,a:001498_jpg,1
b_00059_jpg.jpg,train,b,b:00059_jpg,4
c_frame1638_jpg.jpg,test,c,c:frame1638_jpg,1
b_image_951_jpg.jpg,train,b,b:image_951_jpg,3
c_packing1079_jpg.jpg,val,c,c:packing1079_jpg,1
c_kp1199_jpg.jpg,train,c,c:kp1199_jpg,1
c_nglovpp290_jpg.jpg,train,c,c:nglovpp290_jpg,2
a_001635_jpg.jpg,train,a,a:001635_jpg,6
c_frame462_jpg.jpg,val,c,c:frame462_jpg,0
c_packing631_jpg.jpg,train,c,c:packing631_jpg,3
c_PPE_Data_549_jpg.jpg,val,c,c:PPE_Data_549_jpg,2
c_IMG_4921-2_mp4-52_jpg.jpg,val,c,c:IMG_4921-2_mp4-52_jpg,1
c_kp972_jpg.jpg,train,c,c:kp972_jpg,1
c_Inside-merge_mov-40_jpg.jpg,val,c,c:Inside-merge_mov-40_jpg,1
c_packing1632_jpg.jpg,train,c,c:packing1632_jpg,1
c_nglovpp3200_jpg.jpg,train,c,c:nglovpp3200_jpg,1
c_frame762_jpg.jpg,train,c,c:frame762_jpg,3
c_kp1844_jpg.jpg,train,c,c:kp1844_jpg,1
a_000311_jpg.jpg,val,a,a:000311_jpg,20
c_img193_jpg.jpg,train,c,c:img193_jpg,5
c_nglov109_jpg.jpg,val,c,c:nglov109_jpg,5
a_001082_jpg.jpg,test,a,a:001082_jpg,3
c_nglovpp3144_jpg.jpg,train,c,c:nglovpp3144_jpg,2
c_packing1679_jpg.jpg,val,c,c:packing1679_jpg,1
b_ppe_0455_jpg.jpg,val,b,b:ppe_0455_jpg,3
a_003511_jpg.jpg,val,a,a:003511_jpg,6
c_packing1511_jpg.jpg,train,c,c:packing1511_jpg,3
c_frame1117_jpg.jpg,train,c,c:frame1117_jpg,1
c_img96_jpg.jpg,train,c,c:img96_jpg,5
c_packing1205_jpg.jpg,train,c,c:packing1205_jpg,1
c_packing1481_jpg.jpg,train,c,c:packing1481_jpg,1
a_003608_jpg.jpg,val,a,a:003608_jpg,2
c_005518_jpg.jpg,train,c,c:005518_jpg,6
b_image_200_jpg.jpg,train,b,b:image_200_jpg,3
c_nglov33_jpg.jpg,train,c,c:nglov33_jpg,1
c_N5h_img_36_jpg.jpg,train,c,c:N5h_img_36_jpg,1
b_image_1633_jpg.jpg,val,b,b:image_1633_jpg,3
b_Video2_44_jpg.jpg,train,b,b:Video2_44_jpg,6
a_004527_jpg.jpg,train,a,a:004527_jpg,1
c_helmet999959_jpg.jpg,train,c,c:helmet999959_jpg,1
c_kp1187_jpg.jpg,train,c,c:kp1187_jpg,1
c_PPE_Data_321_jpg.jpg,train,c,c:PPE_Data_321_jpg,2
c_Nhh_img_145_jpg.jpg,train,c,c:Nhh_img_145_jpg,1
c_frame1430_jpg.jpg,train,c,c:frame1430_jpg,1
a_004341_jpg.jpg,test,a,a:004341_jpg,18
c_packing832_jpg.jpg,train,c,c:packing832_jpg,2
c_PPE_Data_688_jpg.jpg,train,c,c:PPE_Data_688_jpg,2
c_PP02img1117_jpg.jpg,train,c,c:PP02img1117_jpg,5
c_kp1985_jpg.jpg,val,c,c:kp1985_jpg,1
c_kp1953_jpg.jpg,val,c,c:kp1953_jpg,1
c_fglov1119_jpg.jpg,val,c,c:fglov1119_jpg,3
c_PP02img1463_jpg.jpg,train,c,c:PP02img1463_jpg,5
c_PP02img615_jpg.jpg,train,c,c:PP02img615_jpg,5
c_Mask2_mov-11_jpg.jpg,val,c,c:Mask2_mov-11_jpg,1
c_helmet999675_jpg.jpg,train,c,c:helmet999675_jpg,1
b_image_569_jpg.jpg,train,b,b:image_569_jpg,3
c_005417_jpg.jpg,train,c,c:005417_jpg,5
c_packing1934_jpg.jpg,train,c,c:packing1934_jpg,1
c_MX_img_46_jpg.jpg,val,c,c:MX_img_46_jpg,1
c_packing942_jpg.jpg,val,c,c:packing942_jpg,1
c_helmet999839_jpg.jpg,train,c,c:helmet999839_jpg,1
c_NVR-09_Trim_3-587_jpg.jpg,train,c,c:NVR-09_Trim_3-587_jpg,0
c_fglov1131_jpg.jpg,train,c,c:fglov1131_jpg,3
b_TsirinOne0032_jpg.jpg,train,b,b:TsirinOne0032_jpg,6
c_PP02img154_jpg.jpg,train,c,c:PP02img154_jpg,4
a_006733_jpg.jpg,train,a,a:006733_jpg,1
c_PP02img192_jpg.jpg,train,c,c:PP02img192_jpg,3
a_002821_jpg.jpg,train,a,a:002821_jpg,3
c_fglov1123_jpg.jpg,val,c,c:fglov1123_jpg,4
c_img176_jpg.jpg,test,c,c:img176_jpg,6
b_ppe_0556_jpg.jpg,train,b,b:ppe_0556_jpg,6
c_IMG_4921-2_mp4-26_jpg.jpg,train,c,c:IMG_4921-2_mp4-26_jpg,1
c_packing1871_jpg.jpg,train,c,c:packing1871_jpg,2
a_005924_jpg.jpg,train,a,a:005924_jpg,3
a_000288_jpg.jpg,train,a,a:000288_jpg,5
b_image_12_jpg.jpg,train,b,b:image_12_jpg,3
c_PP02img1318_jpg.jpg,train,c,c:PP02img1318_jpg,7
c_p65213195_jpg.jpg,train,c,c:p65213195_jpg,1
c_p65213193_jpg.jpg,train,c,c:p65213193_jpg,1
c_nglov70_jpg.jpg,train,c,c:nglov70_jpg,3
b_image_361_jpg.jpg,train,b,b:image_361_jpg,4
c_packing1464_jpg.jpg,train,c,c:packing1464_jpg,2
c_PP02img1357_jpg.jpg,train,c,c:PP02img1357_jpg,5
a_004092_jpg.jpg,train,a,a:004092_jpg,6
c_helmet999757_jpg.jpg,train,c,c:helmet999757_jpg,1
c_PP02img1354_jpg.jpg,train,c,c:PP02img1354_jpg,4
a_002569_jpg.jpg,train,a,a:002569_jpg,1
a_001363_jpg.jpg,train,a,a:001363_jpg,5
b_image_127_jpg.jpg,val,b,b:image_127_jpg,2
b_ppe_0470_jpg.jpg,train,b,b:ppe_0470_jpg,2
c_MX_img_98_jpg.jpg,train,c,c:MX_img_98_jpg,1
c_helmet999507_jpg.jpg,train,c,c:helmet999507_jpg,1
c_Nhh_img_161_jpg.jpg,train,c,c:Nhh_img_161_jpg,1
a_005221_jpg.jpg,val,a,a:005221_jpg,3
c_kp115_jpg.jpg,train,c,c:kp115_jpg,1
c_helmet9991005_jpg.jpg,val,c,c:helmet9991005_jpg,1
c_frame1299_jpg.jpg,train,c,c:frame1299_jpg,1
a_004764_jpg.jpg,train,a,a:004764_jpg,6
b_ppe_0146_jpg.jpg,test,b,b:ppe_0146_jpg,2
c_helmet9991081_jpg.jpg,train,c,c:helmet9991081_jpg,1
c_PPE_Data_557_jpg.jpg,train,c,c:PPE_Data_557_jpg,2
c_005507_jpg.jpg,train,c,c:005507_jpg,1
c_packing927_jpg.jpg,test,c,c:packing927_jpg,2
c_packing911_jpg.jpg,val,c,c:packing911_jpg,1
c_fglov122_jpg.jpg,train,c,c:fglov122_jpg,4
c_img178_jpg.jpg,train,c,c:img178_jpg,5
c_packing265_jpg.jpg,train,c,c:packing265_jpg,2
c_005352_jpg.jpg,train,c,c:005352_jpg,3
c_frame1645_jpg.jpg,val,c,c:frame1645_jpg,1
c_goggle876545_jpg.jpg,val,c,c:goggle876545_jpg,3
a_000021_jpg.jpg,train,a,a:000021_jpg,1
c_packing1144_jpg.jpg,train,c,c:packing1144_jpg,1
c_goggle8765106_jpg.jpg,train,c,c:goggle8765106_jpg,2
b_ppe_0436_jpg.jpg,train,b,b:ppe_0436_jpg,3
c_mask-wearing-1632939844128_png_jpg.jpg,val,c,c:mask-wearing-1632939844128_png_jpg,1
c_packing168_jpg.jpg,train,c,c:packing168_jpg,2
b_Video4_227_jpg.jpg,train,b,b:Video4_227_jpg,5
a_007062_jpg.jpg,test,a,a:007062_jpg,2
c_frame52--2-_jpg.jpg,val,c,c:frame52--2-_jpg,2
c_packing1004_jpg.jpg,val,c,c:packing1004_jpg,1
c_img345_jpg.jpg,train,c,c:img345_jpg,2
c_packing1235_jpg.jpg,train,c,c:packing1235_jpg,2
c_helmet9991184_jpg.jpg,train,c,c:helmet9991184_jpg,1
c_PP02img1290_jpg.jpg,train,c,c:PP02img1290_jpg,3
c_frame97--2-_jpg.jpg,train,c,c:frame97--2-_jpg,2
a_006926_jpg.jpg,val,a,a:006926_jpg,2
c_helmet999678_jpg.jpg,train,c,c:helmet999678_jpg,1
c_img61_jpg.jpg,train,c,c:img61_jpg,3
a_003927_jpg.jpg,train,a,a:003927_jpg,2
c_packing324_jpg.jpg,train,c,c:packing324_jpg,2
c_kp530_jpg.jpg,test,c,c:kp530_jpg,2
b_images-2022-07-04T013650_jpg.jpg,train,b,b:images-2022-07-04T013650_jpg,2
c_kp1325_jpg.jpg,train,c,c:kp1325_jpg,1
a_000085_jpg.jpg,train,a,a:000085_jpg,2
c_packing63_jpg.jpg,train,c,c:packing63_jpg,1
a_002461_jpg.jpg,train,a,a:002461_jpg,3
c_PP02img423_jpg.jpg,train,c,c:PP02img423_jpg,4
b_r141_jpg.jpg,train,b,b:r141_jpg,8
c_nglovpp2122_jpg.jpg,test,c,c:nglovpp2122_jpg,5
a_006405_jpg.jpg,train,a,a:006405_jpg,1
c_PXL_20210930_151750735_jpg.jpg,val,c,c:PXL_20210930_151750735_jpg,1
c_packing677_jpg.jpg,train,c,c:packing677_jpg,1
c_helmet999667_jpg.jpg,train,c,c:helmet999667_jpg,1
c_kp1553_jpg.jpg,train,c,c:kp1553_jpg,2
c_packing588_jpg.jpg,train,c,c:packing588_jpg,2
a_006030_jpg.jpg,train,a,a:006030_jpg,2
a_002110_jpg.jpg,train,a,a:002110_jpg,1
c_PP02img870_jpg.jpg,train,c,c:PP02img870_jpg,1
b_ppe_0720_jpg.jpg,train,b,b:ppe_0720_jpg,25
c_PP02img697_jpg.jpg,train,c,c:PP02img697_jpg,2
a_006384_jpg.jpg,train,a,a:006384_jpg,2
a_001541_jpg.jpg,train,a,a:001541_jpg,1
c_kp1007_jpg.jpg,train,c,c:kp1007_jpg,2
c_frame1226_jpg.jpg,train,c,c:frame1226_jpg,0
c_p65213196_jpg.jpg,train,c,c:p65213196_jpg,1
c_PP02img559_jpg.jpg,train,c,c:PP02img559_jpg,5
c_kp178_jpg.jpg,train,c,c:kp178_jpg,1
c_fglov1195_jpg.jpg,val,c,c:fglov1195_jpg,5
a_003902_jpg.jpg,train,a,a:003902_jpg,2
c_fglov1176_jpg.jpg,train,c,c:fglov1176_jpg,6
c_img434_jpg.jpg,train,c,c:img434_jpg,4
c_p65213143_jpg.jpg,train,c,c:p65213143_jpg,1
b_image_1443_jpg.jpg,val,b,b:image_1443_jpg,3
a_001327_jpg.jpg,train,a,a:001327_jpg,10
c_MX_img_21_jpg.jpg,test,c,c:MX_img_21_jpg,1
c_N5h_img_102_jpg.jpg,test,c,c:N5h_img_102_jpg,2
c_goggle876595_jpg.jpg,val,c,c:goggle876595_jpg,4
c_kp1707_jpg.jpg,train,c,c:kp1707_jpg,1
c_PP02img694_jpg.jpg,val,c,c:PP02img694_jpg,3
b_ppe_0538_jpg.jpg,train,b,b:ppe_0538_jpg,2
c_MX_img_182_jpg.jpg,train,c,c:MX_img_182_jpg,1
c_frame716_jpg.jpg,val,c,c:frame716_jpg,3
a_002136_jpg.jpg,test,a,a:002136_jpg,10
c_nglov197_jpg.jpg,val,c,c:nglov197_jpg,2
a_006012_jpg.jpg,train,a,a:006012_jpg,2
b_image_56_jpg.jpg,val,b,b:image_56_jpg,3
c_PP02img926_jpg.jpg,train,c,c:PP02img926_jpg,2
c_PP02img14_jpg.jpg,train,c,c:PP02img14_jpg,5
c_packing1362_jpg.jpg,train,c,c:packing1362_jpg,2
c_kp1045_jpg.jpg,train,c,c:kp1045_jpg,1
b_ppe_0761_jpg.jpg,train,b,b:ppe_0761_jpg,9
a_001382_jpg.jpg,val,a,a:001382_jpg,6
c_packing1382_jpg.jpg,train,c,c:packing1382_jpg,1
b_ppe_0636_jpg.jpg,train,b,b:ppe_0636_jpg,8
b_image_773_jpg.jpg,train,b,b:image_773_jpg,9
c_PP02img1023_jpg.jpg,val,c,c:PP02img1023_jpg,3
b_image_258_jpg.jpg,train,b,b:image_258_jpg,3
c_packing115_jpg.jpg,test,c,c:packing115_jpg,2
c_kp191_jpg.jpg,train,c,c:kp191_jpg,1
a_005730_jpg.jpg,train,a,a:005730_jpg,5
c_PP02img202_jpg.jpg,train,c,c:PP02img202_jpg,4
c_005347_jpg.jpg,train,c,c:005347_jpg,1
c_kp28_jpg.jpg,train,c,c:kp28_jpg,2
a_002199_jpg.jpg,train,a,a:002199_jpg,3
c_kp548_jpg.jpg,train,c,c:kp548_jpg,2
c_helmet9991133_jpg.jpg,train,c,c:helmet9991133_jpg,1
a_002308_jpg.jpg,train,a,a:002308_jpg,1
b_00027_jpg.jpg,train,b,b:00027_jpg,2
c_packing262_jpg.jpg,train,c,c:packing262_jpg,1
b_image_1342_jpg.jpg,val,b,b:image_1342_jpg,3
c_kp715_jpg.jpg,train,c,c:kp715_jpg,1
a_001995_jpg.jpg,val,a,a:001995_jpg,2
b_image_1445_jpg.jpg,train,b,b:image_1445_jpg,1
a_004213_jpg.jpg,train,a,a:004213_jpg,7
c_PPE_Data_110_jpg.jpg,val,c,c:PPE_Data_110_jpg,0
a_000512_jpg.jpg,val,a,a:000512_jpg,2
c_packing1980_jpg.jpg,train,c,c:packing1980_jpg,1
c_packing913_jpg.jpg,train,c,c:packing913_jpg,2
b_image_710_jpg.jpg,val,b,b:image_710_jpg,3
c_PP02img723_jpg.jpg,train,c,c:PP02img723_jpg,5
b_Aitin4095_jpg.jpg,train,b,b:Aitin4095_jpg,5
c_kp1093_jpg.jpg,train,c,c:kp1093_jpg,2
a_000175_jpg.jpg,train,a,a:000175_jpg,8
a_002447_jpg.jpg,train,a,a:002447_jpg,4
c_download--5-_jpeg_jpg.jpg,train,c,c:download--5-_jpeg_jpg,6
c_frame60_jpg.jpg,val,c,c:frame60_jpg,0
a_005165_jpg.jpg,val,a,a:005165_jpg,8
a_002856_jpg.jpg,train,a,a:002856_jpg,7
c_PP02img273_jpg.jpg,train,c,c:PP02img273_jpg,4
c_mask-wearing-1632932099944_png_jpg.jpg,train,c,c:mask-wearing-1632932099944_png_jpg,2
c_N5h_img_147_jpg.jpg,train,c,c:N5h_img_147_jpg,1
c_PP02img811_jpg.jpg,val,c,c:PP02img811_jpg,1
b_image_1247_jpg.jpg,train,b,b:image_1247_jpg,1
c_kp1451_jpg.jpg,train,c,c:kp1451_jpg,1
c_005367_jpg.jpg,test,c,c:005367_jpg,2
c_frame109--2-_jpg.jpg,train,c,c:frame109--2-_jpg,1
c_PPE_Data_361_jpg.jpg,val,c,c:PPE_Data_361_jpg,2
b_image_30_jpg.jpg,val,b,b:image_30_jpg,3
a_005949_jpg.jpg,train,a,a:005949_jpg,14
a_006390_jpg.jpg,train,a,a:006390_jpg,1
c_PP02img832_jpg.jpg,train,c,c:PP02img832_jpg,2
b_Video1_165_jpg.jpg,train,b,b:Video1_165_jpg,5
a_005774_jpg.jpg,train,a,a:005774_jpg,1
c_frame82_jpg.jpg,val,c,c:frame82_jpg,3
a_000423_jpg.jpg,train,a,a:000423_jpg,1
c_packing261_jpg.jpg,train,c,c:packing261_jpg,1
c_goggle8765173_jpg.jpg,val,c,c:goggle8765173_jpg,3
c_packing763_jpg.jpg,train,c,c:packing763_jpg,1
b_image_45_jpg.jpg,test,b,b:image_45_jpg,3
c_frame137_jpg.jpg,train,c,c:frame137_jpg,1
c_kp72_jpg.jpg,train,c,c:kp72_jpg,2
c_PP02img1327_jpg.jpg,test,c,c:PP02img1327_jpg,5
a_003868_jpg.jpg,train,a,a:003868_jpg,2
c_kp1684_jpg.jpg,train,c,c:kp1684_jpg,1
b_Photin0883_jpg.jpg,train,b,b:Photin0883_jpg,1
c_frame470_jpg.jpg,train,c,c:frame470_jpg,0
c_N5h_img_9_jpg.jpg,train,c,c:N5h_img_9_jpg,2
c_005486_jpg.jpg,train,c,c:005486_jpg,10
c_frame1293--2-_jpg.jpg,train,c,c:frame1293--2-_jpg,0
a_004113_jpg.jpg,train,a,a:004113_jpg,2
a_005572_jpg.jpg,train,a,a:005572_jpg,4
c_PP02img374_jpg.jpg,test,c,c:PP02img374_jpg,2
a_000493_jpg.jpg,test,a,a:000493_jpg,5
a_004074_jpg.jpg,train,a,a:004074_jpg,1
c_helmet999780_jpg.jpg,train,c,c:helmet999780_jpg,1
c_PP02img243_jpg.jpg,val,c,c:PP02img243_jpg,4
c_frame93--3-_jpg.jpg,val,c,c:frame93--3-_jpg,2
b_IMG-20221020-WA0073_jpg.jpg,test,b,b:IMG-20221020-WA0073_jpg,1
c_p11365_jpg.jpg,test,c,c:p11365_jpg,1
c_PP02img878_jpg.jpg,train,c,c:PP02img878_jpg,1
c_PP02img1093_jpg.jpg,train,c,c:PP02img1093_jpg,2
c_helmet999690_jpg.jpg,train,c,c:helmet999690_jpg,1
b_image_355_jpg.jpg,val,b,b:image_355_jpg,2
c_PP02img677_jpg.jpg,train,c,c:PP02img677_jpg,2
c_helmet999788_jpg.jpg,train,c,c:helmet999788_jpg,1
c_kp810_jpg.jpg,test,c,c:kp810_jpg,2
c_packing163_jpg.jpg,train,c,c:packing163_jpg,2
a_004603_jpg.jpg,train,a,a:004603_jpg,5
a_002192_jpg.jpg,train,a,a:002192_jpg,1
c_PP02img141_jpg.jpg,train,c,c:PP02img141_jpg,6
a_006644_jpg.jpg,train,a,a:006644_jpg,2
c_packing1061_jpg.jpg,val,c,c:packing1061_jpg,1
c_Nhh_img_177_jpg.jpg,train,c,c:Nhh_img_177_jpg,1
a_003817_jpg.jpg,train,a,a:003817_jpg,7
a_003853_jpg.jpg,train,a,a:003853_jpg,5
b_ppe_1135_jpg.jpg,train,b,b:ppe_1135_jpg,8
a_004505_jpg.jpg,train,a,a:004505_jpg,2
c_PP02img1472_jpg.jpg,train,c,c:PP02img1472_jpg,3
a_003202_jpg.jpg,val,a,a:003202_jpg,2
b_image_434_jpg.jpg,test,b,b:image_434_jpg,2
c_NVR-09_Trim_3-585_jpg.jpg,train,c,c:NVR-09_Trim_3-585_jpg,0
c_packing934_jpg.jpg,val,c,c:packing934_jpg,1
c_img154_jpg.jpg,val,c,c:img154_jpg,5
a_002818_jpg.jpg,val,a,a:002818_jpg,4
a_003218_jpg.jpg,train,a,a:003218_jpg,9
c_helmet999664_jpg.jpg,train,c,c:helmet999664_jpg,1
a_003449_jpg.jpg,train,a,a:003449_jpg,13
a_003307_jpg.jpg,train,a,a:003307_jpg,9
c_IMG_4921-2_mp4-102_jpg.jpg,train,c,c:IMG_4921-2_mp4-102_jpg,1
c_frame606_jpg.jpg,train,c,c:frame606_jpg,2
b_r116_jpg.jpg,val,b,b:r116_jpg,1
b_image_268_jpg.jpg,train,b,b:image_268_jpg,3
c_kp587_jpg.jpg,train,c,c:kp587_jpg,2
c_packing1779_jpg.jpg,train,c,c:packing1779_jpg,1
c_frame1418_jpg.jpg,val,c,c:frame1418_jpg,1
c_PP02img1296_jpg.jpg,val,c,c:PP02img1296_jpg,3
c_PP02img860_jpg.jpg,val,c,c:PP02img860_jpg,1
c_nglovpp336_jpg.jpg,train,c,c:nglovpp336_jpg,3
a_000105_jpg.jpg,val,a,a:000105_jpg,2
c_mask-wearing-1632938184534_png_jpg.jpg,train,c,c:mask-wearing-1632938184534_png_jpg,1
b_image_909_jpg.jpg,train,b,b:image_909_jpg,6
a_003312_jpg.jpg,train,a,a:003312_jpg,1
c_p65621335_jpg.jpg,train,c,c:p65621335_jpg,1
c_005510_jpg.jpg,val,c,c:005510_jpg,2
c_kp1288_jpg.jpg,train,c,c:kp1288_jpg,1
c_kp371_jpg.jpg,train,c,c:kp371_jpg,1
c_packing1160_jpg.jpg,train,c,c:packing1160_jpg,2
b_images-2022-07-04T013729_jpg.jpg,val,b,b:images-2022-07-04T013729_jpg,2
c_PP02img1009_jpg.jpg,train,c,c:PP02img1009_jpg,4
a_005215_jpg.jpg,train,a,a:005215_jpg,5
a_000832_jpg.jpg,train,a,a:000832_jpg,10
c_frame441_jpg.jpg,val,c,c:frame441_jpg,0
a_002843_jpg.jpg,train,a,a:002843_jpg,6
a_005468_jpg.jpg,train,a,a:005468_jpg,1
c_packing972_jpg.jpg,train,c,c:packing972_jpg,1
a_004221_jpg.jpg,train,a,a:004221_jpg,1
c_PP02img213_jpg.jpg,train,c,c:PP02img213_jpg,2
c_PPE_Data_131_jpg.jpg,test,c,c:PPE_Data_131_jpg,1
c_fglov1174_jpg.jpg,train,c,c:fglov1174_jpg,1
b_ppe_1001_jpg.jpg,train,b,b:ppe_1001_jpg,1
c_packing1739_jpg.jpg,train,c,c:packing1739_jpg,1
b_Video3_22_jpg.jpg,train,b,b:Video3_22_jpg,4
c_MX_img_149_jpg.jpg,val,c,c:MX_img_149_jpg,1
c_frame1230_jpg.jpg,train,c,c:frame1230_jpg,0
b_r152_jpg.jpg,train,b,b:r152_jpg,4
b_Video3_163_jpg.jpg,val,b,b:Video3_163_jpg,4
c_PP02img165_jpg.jpg,val,c,c:PP02img165_jpg,2
a_006071_jpg.jpg,train,a,a:006071_jpg,1
c_kp1327_jpg.jpg,train,c,c:kp1327_jpg,1
c_packing1015_jpg.jpg,train,c,c:packing1015_jpg,2
a_003433_jpg.jpg,train,a,a:003433_jpg,5
a_005493_jpg.jpg,test,a,a:005493_jpg,3
a_003059_jpg.jpg,train,a,a:003059_jpg,5
c_frame141--2-_jpg.jpg,train,c,c:frame141--2-_jpg,2
c_packing1335_jpg.jpg,val,c,c:packing1335_jpg,1
c_packing1801_jpg.jpg,train,c,c:packing1801_jpg,1
c_kp1944_jpg.jpg,train,c,c:kp1944_jpg,1
c_packing314_jpg.jpg,val,c,c:packing314_jpg,1
a_005411_jpg.jpg,train,a,a:005411_jpg,3
a_005269_jpg.jpg,train,a,a:005269_jpg,10
b_sic2817_jpg.jpg,train,b,b:sic2817_jpg,3
c_packing1184_jpg.jpg,train,c,c:packing1184_jpg,2
c_helmet9991051_jpg.jpg,val,c,c:helmet9991051_jpg,1
c_PP02img1273_jpg.jpg,train,c,c:PP02img1273_jpg,2
c_goggle876572_jpg.jpg,val,c,c:goggle876572_jpg,2
b_Photin0649_jpg.jpg,train,b,b:Photin0649_jpg,1
c_frame21_jpg.jpg,val,c,c:frame21_jpg,0
c_005538_jpg.jpg,train,c,c:005538_jpg,1
c_kp34_jpg.jpg,train,c,c:kp34_jpg,2
c_fglov1172_jpg.jpg,train,c,c:fglov1172_jpg,2
c_PP02img106_jpg.jpg,train,c,c:PP02img106_jpg,6
c_frame3931_jpg.jpg,train,c,c:frame3931_jpg,1
a_003971_jpg.jpg,train,a,a:003971_jpg,1
c_img77_jpg.jpg,train,c,c:img77_jpg,5
a_001753_jpg.jpg,train,a,a:001753_jpg,5
a_003788_jpg.jpg,val,a,a:003788_jpg,2
c_N5h_img_161_jpg.jpg,val,c,c:N5h_img_161_jpg,1
a_003325_jpg.jpg,train,a,a:003325_jpg,10
a_003977_jpg.jpg,train,a,a:003977_jpg,3
a_000384_jpg.jpg,train,a,a:000384_jpg,1
c_IMG_4921-2_mp4-93_jpg.jpg,train,c,c:IMG_4921-2_mp4-93_jpg,1
c_N5h_img_218_jpg.jpg,train,c,c:N5h_img_218_jpg,1
a_001167_jpg.jpg,val,a,a:001167_jpg,2
c_kp1272_jpg.jpg,val,c,c:kp1272_jpg,1
a_003600_jpg.jpg,val,a,a:003600_jpg,2
c_MX_img_99_jpg.jpg,test,c,c:MX_img_99_jpg,1
c_PP02img1488_jpg.jpg,train,c,c:PP02img1488_jpg,2
a_006713_jpg.jpg,val,a,a:006713_jpg,2
c_N5h_img_29_jpg.jpg,train,c,c:N5h_img_29_jpg,1
c_img100_jpg.jpg,train,c,c:img100_jpg,3
c_packing75_jpg.jpg,train,c,c:packing75_jpg,2
c_kp882_jpg.jpg,train,c,c:kp882_jpg,1
c_p65213166_jpg.jpg,train,c,c:p65213166_jpg,1
c_helmet999579_jpg.jpg,train,c,c:helmet999579_jpg,1
b_ppe_0938_jpg.jpg,test,b,b:ppe_0938_jpg,6
c_frame2202_jpg.jpg,train,c,c:frame2202_jpg,0
c_005416_jpg.jpg,val,c,c:005416_jpg,2
c_packing1782_jpg.jpg,train,c,c:packing1782_jpg,2
c_packing1421_jpg.jpg,train,c,c:packing1421_jpg,1
c_PP02img855_jpg.jpg,train,c,c:PP02img855_jpg,1
b_image_955_jpg.jpg,test,b,b:image_955_jpg,3
c_helmet999776_jpg.jpg,train,c,c:helmet999776_jpg,1
b_00236_jpg.jpg,train,b,b:00236_jpg,1
a_006984_jpg.jpg,val,a,a:006984_jpg,4
c_PPE_Data_55_jpg.jpg,train,c,c:PPE_Data_55_jpg,0
a_003887_jpg.jpg,val,a,a:003887_jpg,13
c_kp443_jpg.jpg,train,c,c:kp443_jpg,1
a_004805_jpg.jpg,train,a,a:004805_jpg,3
a_004427_jpg.jpg,train,a,a:004427_jpg,1
c_PP02img1183_jpg.jpg,train,c,c:PP02img1183_jpg,4
a_003273_jpg.jpg,train,a,a:003273_jpg,1
c_PP02img1126_jpg.jpg,train,c,c:PP02img1126_jpg,3
c_helmet9991099_jpg.jpg,val,c,c:helmet9991099_jpg,1
c_kp489_jpg.jpg,test,c,c:kp489_jpg,1
a_006203_jpg.jpg,train,a,a:006203_jpg,1
a_001078_jpg.jpg,train,a,a:001078_jpg,3
c_mask-wearing-1632932294440_png_jpg.jpg,val,c,c:mask-wearing-1632932294440_png_jpg,1
c_img25_jpg.jpg,train,c,c:img25_jpg,3
a_000027_jpg.jpg,train,a,a:000027_jpg,5
c_Inside-merge_mov-26_jpg.jpg,train,c,c:Inside-merge_mov-26_jpg,0
c_frame2208_jpg.jpg,val,c,c:frame2208_jpg,0
b_image_70_jpg.jpg,train,b,b:image_70_jpg,5
c_kp8_jpg.jpg,train,c,c:kp8_jpg,2
c_frame1199--2-_jpg.jpg,train,c,c:frame1199--2-_jpg,0
b_ppe_0397_jpg.jpg,val,b,b:ppe_0397_jpg,18
c_PPE_Data_76_jpg.jpg,train,c,c:PPE_Data_76_jpg,0
c_frame758_jpg.jpg,val,c,c:frame758_jpg,3
a_005915_jpg.jpg,train,a,a:005915_jpg,4
c_PP02img1449_jpg.jpg,train,c,c:PP02img1449_jpg,7
b_ppe_0724_jpg.jpg,val,b,b:ppe_0724_jpg,3
c_packing340_jpg.jpg,test,c,c:packing340_jpg,1
c_PP02img786_jpg.jpg,val,c,c:PP02img786_jpg,3
a_000162_jpg.jpg,val,a,a:000162_jpg,12
c_PP02img1105_jpg.jpg,test,c,c:PP02img1105_jpg,4
b_image_499_jpg.jpg,train,b,b:image_499_jpg,6
c_packing597_jpg.jpg,train,c,c:packing597_jpg,2
c_frame3826_jpg.jpg,train,c,c:frame3826_jpg,3
a_006183_jpg.jpg,val,a,a:006183_jpg,5
c_kp1355_jpg.jpg,test,c,c:kp1355_jpg,1
c_PP02img928_jpg.jpg,train,c,c:PP02img928_jpg,2
c_frame1261_jpg.jpg,train,c,c:frame1261_jpg,0
a_006344_jpg.jpg,train,a,a:006344_jpg,12
a_000620_jpg.jpg,train,a,a:000620_jpg,1
c_PP02img28_jpg.jpg,val,c,c:PP02img28_jpg,6
c_packing297_jpg.jpg,train,c,c:packing297_jpg,1
c_frame249--2-_jpg.jpg,train,c,c:frame249--2-_jpg,2
c_nglov159_jpg.jpg,train,c,c:nglov159_jpg,7
c_nglovpp2105_jpg.jpg,test,c,c:nglovpp2105_jpg,5
a_003577_jpg.jpg,train,a,a:003577_jpg,7
c_packing1747_jpg.jpg,train,c,c:packing1747_jpg,1
b_image_615_jpg.jpg,train,b,b:image_615_jpg,2
b_image_201_jpg.jpg,val,b,b:image_201_jpg,3
a_006085_jpg.jpg,train,a,a:006085_jpg,5
a_002621_jpg.jpg,train,a,a:002621_jpg,4
a_005083_jpg.jpg,train,a,a:005083_jpg,3
c_p11373_jpg.jpg,train,c,c:p11373_jpg,1
c_PP02img596_jpg.jpg,train,c,c:PP02img596_jpg,2
b_Video2_42_jpg.jpg,train,b,b:Video2_42_jpg,4
c_IMG_4921-2_mp4-47_jpg.jpg,train,c,c:IMG_4921-2_mp4-47_jpg,1
c_kp442_jpg.jpg,train,c,c:kp442_jpg,1
c_p65213184_jpg.jpg,train,c,c:p65213184_jpg,1
c_packing211_jpg.jpg,test,c,c:packing211_jpg,2
c_PP02img758_jpg.jpg,val,c,c:PP02img758_jpg,3
c_frame2147_jpg.jpg,train,c,c:frame2147_jpg,0
c_PP02img1438_jpg.jpg,train,c,c:PP02img1438_jpg,7
b_Video3_148_jpg.jpg,val,b,b:Video3_148_jpg,6
c_PP02img846_jpg.jpg,train,c,c:PP02img846_jpg,2
b_Video4_30_jpg.jpg,train,b,b:Video4_30_jpg,4
c_PP02img490_jpg.jpg,train,c,c:PP02img490_jpg,4
c_p1135_jpg.jpg,test,c,c:p1135_jpg,2
c_packing1819_jpg.jpg,train,c,c:packing1819_jpg,1
c_005457_jpg.jpg,train,c,c:005457_jpg,9
c_helmet999717_jpg.jpg,train,c,c:helmet999717_jpg,1
c_005383_jpg.jpg,val,c,c:005383_jpg,5
a_003716_jpg.jpg,train,a,a:003716_jpg,5
c_PP02img963_jpg.jpg,train,c,c:PP02img963_jpg,2
c_p65621339_jpg.jpg,val,c,c:p65621339_jpg,1
c_helmet999748_jpg.jpg,train,c,c:helmet999748_jpg,1
a_001793_jpg.jpg,train,a,a:001793_jpg,2
c_N5h_img_168_jpg.jpg,train,c,c:N5h_img_168_jpg,1
a_003155_jpg.jpg,val,a,a:003155_jpg,7
c_img266_jpg.jpg,train,c,c:img266_jpg,3
c_IMG_4921-2_mp4-5_jpg.jpg,val,c,c:IMG_4921-2_mp4-5_jpg,1
c_PPE_Data_175_jpg.jpg,train,c,c:PPE_Data_175_jpg,1
c_mo-justin-mask-NoMask_mov-10_jpg.jpg,train,c,c:mo-justin-mask-NoMask_mov-10_jpg,2
c_PP02img985_jpg.jpg,train,c,c:PP02img985_jpg,1
b_image_821_jpg.jpg,val,b,b:image_821_jpg,3
c_PP02img1351_jpg.jpg,val,c,c:PP02img1351_jpg,5
c_frame1127--2-_jpg.jpg,train,c,c:frame1127--2-_jpg,0
b_ppe_0234_jpg.jpg,train,b,b:ppe_0234_jpg,4
a_004001_jpg.jpg,train,a,a:004001_jpg,10
c_PP02img933_jpg.jpg,train,c,c:PP02img933_jpg,2
c_005325_jpg.jpg,train,c,c:005325_jpg,7
c_kp198_jpg.jpg,train,c,c:kp198_jpg,1
c_kp754_jpg.jpg,train,c,c:kp754_jpg,1
b_image_780_jpg.jpg,train,b,b:image_780_jpg,3
c_kp553_jpg.jpg,val,c,c:kp553_jpg,2
c_PP02img104_jpg.jpg,train,c,c:PP02img104_jpg,6
c_fglov1152_jpg.jpg,train,c,c:fglov1152_jpg,3
c_mo-justin-mask-NoMask_mov-4_jpg.jpg,train,c,c:mo-justin-mask-NoMask_mov-4_jpg,2
a_005630_jpg.jpg,train,a,a:005630_jpg,1
c_NVR-09_Trim_new_Trim-0879_jpg.jpg,train,c,c:NVR-09_Trim_new_Trim-0879_jpg,1
a_004490_jpg.jpg,val,a,a:004490_jpg,2
c_frame269_jpg.jpg,test,c,c:frame269_jpg,1
c_N5h_img_117_jpg.jpg,train,c,c:N5h_img_117_jpg,2
a_002543_jpg.jpg,test,a,a:002543_jpg,6
a_003910_jpg.jpg,test,a,a:003910_jpg,6
b_image_1135_jpg.jpg,train,b,b:image_1135_jpg,2
c_kp429_jpg.jpg,train,c,c:kp429_jpg,1
c_frame3813_jpg.jpg,val,c,c:frame3813_jpg,3
a_004430_jpg.jpg,train,a,a:004430_jpg,1
c_mask-wearing-1632937840912_png_jpg.jpg,train,c,c:mask-wearing-1632937840912_png_jpg,1
a_006936_jpg.jpg,train,a,a:006936_jpg,3
c_frame1227_jpg.jpg,train,c,c:frame1227_jpg,0
c_PP02img560_jpg.jpg,train,c,c:PP02img560_jpg,6
a_002405_jpg.jpg,val,a,a:002405_jpg,11
c_PP02img833_jpg.jpg,train,c,c:PP02img833_jpg,3
c_kp1491_jpg.jpg,train,c,c:kp1491_jpg,1
c_kp331_jpg.jpg,train,c,c:kp331_jpg,1
a_005399_jpg.jpg,val,a,a:005399_jpg,2
c_mo-justin-mask-NoMask_mov-35_jpg.jpg,train,c,c:mo-justin-mask-NoMask_mov-35_jpg,2
a_005189_jpg.jpg,train,a,a:005189_jpg,1
a_005699_jpg.jpg,train,a,a:005699_jpg,6
c_kp1214_jpg.jpg,train,c,c:kp1214_jpg,1
c_11893820-3x2-xlarge_jpg.jpg,val,c,c:11893820-3x2-xlarge_jpg,20
b_image_310_jpg.jpg,train,b,b:image_310_jpg,6
c_fglov1148_jpg.jpg,test,c,c:fglov1148_jpg,3
c_kp1358_jpg.jpg,val,c,c:kp1358_jpg,1
c_packing1765_jpg.jpg,train,c,c:packing1765_jpg,1
b_image_599_jpg.jpg,val,b,b:image_599_jpg,3
a_000349_jpg.jpg,val,a,a:000349_jpg,2
c_fglov1160_jpg.jpg,test,c,c:fglov1160_jpg,5
c_MX_img_29_jpg.jpg,val,c,c:MX_img_29_jpg,1
c_IMG_4934-HEIC_jpg.jpg,train,c,c:IMG_4934-HEIC_jpg,2
c_packing1651_jpg.jpg,train,c,c:packing1651_jpg,2
c_frame1243_jpg.jpg,train,c,c:frame1243_jpg,0
b_ppe_0369_jpg.jpg,test,b,b:ppe_0369_jpg,2
a_001475_jpg.jpg,train,a,a:001475_jpg,2
c_N5h_img_120_jpg.jpg,val,c,c:N5h_img_120_jpg,2
c_NVR-09_Trim_new_Trim-0664_jpg.jpg,train,c,c:NVR-09_Trim_new_Trim-0664_jpg,2
c_IMG_4921-2_mp4-1_jpg.jpg,train,c,c:IMG_4921-2_mp4-1_jpg,1
a_005238_jpg.jpg,train,a,a:005238_jpg,1
a_001668_jpg.jpg,train,a,a:001668_jpg,2
a_001774_jpg.jpg,train,a,a:001774_jpg,1
c_packing173_jpg.jpg,test,c,c:packing173_jpg,3
a_004870_jpg.jpg,val,a,a:004870_jpg,4
c_frame1349_jpg.jpg,test,c,c:frame1349_jpg,0
a_005711_jpg.jpg,test,a,a:005711_jpg,10
b_Video3_144_jpg.jpg,train,b,b:Video3_144_jpg,4
c_MX_img_39_jpg.jpg,test,c,c:MX_img_39_jpg,1
c_PP02img1355_jpg.jpg,test,c,c:PP02img1355_jpg,5
c_PPE_Data_73_jpg.jpg,train,c,c:PPE_Data_73_jpg,2
a_001391_jpg.jpg,train,a,a:001391_jpg,10
a_006175_jpg.jpg,train,a,a:006175_jpg,1
